fiscal_year,fiscal_year_start,sex,triage_level,ctas_urgency_score,age_group,population_category,ed_visits,median_los_minutes,median_los_hours,is_suppressed
2021-2022,2021,Female,CTAS I - Resuscitation,1,0-19,Pediatric & Youth,10332,240.0,4.0,0
2021-2022,2021,Female,CTAS I - Resuscitation,1,20-44,Young Adult,11051,330.0,5.5,0
2021-2022,2021,Female,CTAS I - Resuscitation,1,45-64,Middle Adult,11653,324.0,5.4,0
2021-2022,2021,Female,CTAS I - Resuscitation,1,65+,Older Adult,25787,414.0,6.9,0
2021-2022,2021,Male,CTAS I - Resuscitation,1,0-19,Pediatric & Youth,12409,228.0,3.8,0
2021-2022,2021,Male,CTAS I - Resuscitation,1,20-44,Young Adult,18848,336.0,5.6,0
2021-2022,2021,Male,CTAS I - Resuscitation,1,45-64,Middle Adult,20762,300.0,5.0,0
2021-2022,2021,Male,CTAS I - Resuscitation,1,65+,Older Adult,30338,360.0,6.0,0
2021-2022,2021,Female,CTAS II - Emergent,2,0-19,Pediatric & Youth,208386,228.0,3.8,0
2021-2022,2021,Female,CTAS II - Emergent,2,20-44,Young Adult,416879,282.0,4.7,0
2021-2022,2021,Female,CTAS II - Emergent,2,45-64,Middle Adult,314935,306.0,5.1,0
2021-2022,2021,Female,CTAS II - Emergent,2,65+,Older Adult,352317,414.0,6.9,0
2021-2022,2021,Male,CTAS II - Emergent,2,0-19,Pediatric & Youth,212432,210.0,3.5,0
2021-2022,2021,Male,CTAS II - Emergent,2,20-44,Young Adult,361926,270.0,4.5,0
2021-2022,2021,Male,CTAS II - Emergent,2,45-64,Middle Adult,341235,318.0,5.3,0
2021-2022,2021,Male,CTAS II - Emergent,2,65+,Older Adult,341652,414.0,6.9,0
2021-2022,2021,Female,CTAS III - Urgent,3,0-19,Pediatric & Youth,545195,180.0,3.0,0
2021-2022,2021,Female,Less urgent,3,0-19,Pediatric & Youth,398170,144.0,2.4,0
2021-2022,2021,Female,Non-urgent,3,0-19,Pediatric & Youth,121024,120.0,2.0,0
2021-2022,2021,Female,Unknown,3,0-19,Pediatric & Youth,10712,78.0,1.3,0
2021-2022,2021,Female,CTAS III - Urgent,3,20-44,Young Adult,1146110,228.0,3.8,0
2021-2022,2021,Female,Less urgent,3,20-44,Young Adult,677260,162.0,2.7,0
2021-2022,2021,Female,Non-urgent,3,20-44,Young Adult,223566,114.0,1.9,0
2021-2022,2021,Female,Unknown,3,20-44,Young Adult,23820,78.0,1.3,0
2021-2022,2021,Female,CTAS III - Urgent,3,45-64,Middle Adult,727001,252.0,4.2,0
2021-2022,2021,Female,Less urgent,3,45-64,Middle Adult,441281,168.0,2.8,0
2021-2022,2021,Female,Non-urgent,3,45-64,Middle Adult,145827,114.0,1.9,0
2021-2022,2021,Female,Unknown,3,45-64,Middle Adult,12853,84.0,1.4,0
2021-2022,2021,Female,CTAS III - Urgent,3,65+,Older Adult,880576,348.0,5.8,0
2021-2022,2021,Female,Less urgent,3,65+,Older Adult,398276,228.0,3.8,0
2021-2022,2021,Female,Non-urgent,3,65+,Older Adult,115897,126.0,2.1,0
2021-2022,2021,Female,Unknown,3,65+,Older Adult,11225,108.0,1.8,0
2021-2022,2021,Male,CTAS III - Urgent,3,0-19,Pediatric & Youth,553598,168.0,2.8,0
2021-2022,2021,Male,Less urgent,3,0-19,Pediatric & Youth,426044,138.0,2.3,0
2021-2022,2021,Male,Non-urgent,3,0-19,Pediatric & Youth,129557,114.0,1.9,0
2021-2022,2021,Male,Unknown,3,0-19,Pediatric & Youth,11377,78.0,1.3,0
2021-2022,2021,Male,CTAS III - Urgent,3,20-44,Young Adult,861714,210.0,3.5,0
2021-2022,2021,Male,Less urgent,3,20-44,Young Adult,642857,156.0,2.6,0
2021-2022,2021,Male,Non-urgent,3,20-44,Young Adult,222079,108.0,1.8,0
2021-2022,2021,Male,Unknown,3,20-44,Young Adult,20548,78.0,1.3,0
2021-2022,2021,Male,CTAS III - Urgent,3,45-64,Middle Adult,690121,252.0,4.2,0
2021-2022,2021,Male,Less urgent,3,45-64,Middle Adult,443803,162.0,2.7,0
2021-2022,2021,Male,Non-urgent,3,45-64,Middle Adult,162056,108.0,1.8,0
2021-2022,2021,Male,Unknown,3,45-64,Middle Adult,15450,78.0,1.3,0
2021-2022,2021,Male,CTAS III - Urgent,3,65+,Older Adult,752385,342.0,5.7,0
2021-2022,2021,Male,Less urgent,3,65+,Older Adult,354732,204.0,3.4,0
2021-2022,2021,Male,Non-urgent,3,65+,Older Adult,123903,114.0,1.9,0
2021-2022,2021,Male,Unknown,3,65+,Older Adult,12070,96.0,1.6,0
2020-2021,2020,Female,CTAS I - Resuscitation,1,0-19,Pediatric & Youth,5813,234.0,3.9,0
2020-2021,2020,Female,CTAS I - Resuscitation,1,20-44,Young Adult,9321,312.0,5.2,0
2020-2021,2020,Female,CTAS I - Resuscitation,1,45-64,Middle Adult,10190,300.0,5.0,0
2020-2021,2020,Female,CTAS I - Resuscitation,1,65+,Older Adult,22963,366.0,6.1,0
2020-2021,2020,Male,CTAS I - Resuscitation,1,0-19,Pediatric & Youth,6820,222.0,3.7,0
2020-2021,2020,Male,CTAS I - Resuscitation,1,20-44,Young Adult,16573,306.0,5.1,0
2020-2021,2020,Male,CTAS I - Resuscitation,1,45-64,Middle Adult,18468,264.0,4.4,0
2020-2021,2020,Male,CTAS I - Resuscitation,1,65+,Older Adult,26834,318.0,5.3,0
2020-2021,2020,Female,CTAS II - Emergent,2,0-19,Pediatric & Youth,131933,210.0,3.5,0
2020-2021,2020,Female,CTAS II - Emergent,2,20-44,Young Adult,335028,264.0,4.4,0
2020-2021,2020,Female,CTAS II - Emergent,2,45-64,Middle Adult,266987,288.0,4.8,0
2020-2021,2020,Female,CTAS II - Emergent,2,65+,Older Adult,302356,384.0,6.4,0
2020-2021,2020,Male,CTAS II - Emergent,2,0-19,Pediatric & Youth,128598,192.0,3.2,0
2020-2021,2020,Male,CTAS II - Emergent,2,20-44,Young Adult,301627,252.0,4.2,0
2020-2021,2020,Male,CTAS II - Emergent,2,45-64,Middle Adult,301910,300.0,5.0,0
2020-2021,2020,Male,CTAS II - Emergent,2,65+,Older Adult,298749,384.0,6.4,0
2020-2021,2020,Female,CTAS III - Urgent,3,0-19,Pediatric & Youth,366413,156.0,2.6,0
2020-2021,2020,Female,Less urgent,3,0-19,Pediatric & Youth,283089,120.0,2.0,0
2020-2021,2020,Female,Non-urgent,3,0-19,Pediatric & Youth,83406,90.0,1.5,0
2020-2021,2020,Female,Unknown,3,0-19,Pediatric & Youth,5008,66.0,1.1,0
2020-2021,2020,Female,CTAS III - Urgent,3,20-44,Young Adult,986442,198.0,3.3,0
2020-2021,2020,Female,Less urgent,3,20-44,Young Adult,578706,138.0,2.3,0
2020-2021,2020,Female,Non-urgent,3,20-44,Young Adult,197569,90.0,1.5,0
2020-2021,2020,Female,Unknown,3,20-44,Young Adult,15349,72.0,1.2,0
2020-2021,2020,Female,CTAS III - Urgent,3,45-64,Middle Adult,641767,222.0,3.7,0
2020-2021,2020,Female,Less urgent,3,45-64,Middle Adult,385001,144.0,2.4,0
2020-2021,2020,Female,Non-urgent,3,45-64,Middle Adult,131331,90.0,1.5,0
2020-2021,2020,Female,Unknown,3,45-64,Middle Adult,8911,72.0,1.2,0
2020-2021,2020,Female,CTAS III - Urgent,3,65+,Older Adult,758512,324.0,5.4,0
2020-2021,2020,Female,Less urgent,3,65+,Older Adult,341066,204.0,3.4,0
2020-2021,2020,Female,Non-urgent,3,65+,Older Adult,97502,108.0,1.8,0
2020-2021,2020,Female,Unknown,3,65+,Older Adult,7247,96.0,1.6,0
2020-2021,2020,Male,CTAS III - Urgent,3,0-19,Pediatric & Youth,350568,144.0,2.4,0
2020-2021,2020,Male,Less urgent,3,0-19,Pediatric & Youth,296983,114.0,1.9,0
2020-2021,2020,Male,Non-urgent,3,0-19,Pediatric & Youth,86566,84.0,1.4,0
2020-2021,2020,Male,Unknown,3,0-19,Pediatric & Youth,4976,66.0,1.1,0
2020-2021,2020,Male,CTAS III - Urgent,3,20-44,Young Adult,756048,180.0,3.0,0
2020-2021,2020,Male,Less urgent,3,20-44,Young Adult,557757,126.0,2.1,0
2020-2021,2020,Male,Non-urgent,3,20-44,Young Adult,197068,84.0,1.4,0
2020-2021,2020,Male,Unknown,3,20-44,Young Adult,12744,72.0,1.2,0
2020-2021,2020,Male,CTAS III - Urgent,3,45-64,Middle Adult,630928,222.0,3.7,0
2020-2021,2020,Male,Less urgent,3,45-64,Middle Adult,404351,138.0,2.3,0
2020-2021,2020,Male,Non-urgent,3,45-64,Middle Adult,148931,90.0,1.5,0
2020-2021,2020,Male,Unknown,3,45-64,Middle Adult,9888,72.0,1.2,0
2020-2021,2020,Male,CTAS III - Urgent,3,65+,Older Adult,659773,312.0,5.2,0
2020-2021,2020,Male,Less urgent,3,65+,Older Adult,316617,180.0,3.0,0
2020-2021,2020,Male,Non-urgent,3,65+,Older Adult,109587,96.0,1.6,0
2020-2021,2020,Male,Unknown,3,65+,Older Adult,8170,90.0,1.5,0
2019-2020,2019,Female,CTAS I - Resuscitation,1,0-19,Pediatric & Youth,11171,225.0,3.75,0
2019-2020,2019,Female,CTAS I - Resuscitation,1,20-44,Young Adult,10428,300.0,5.0,0
2019-2020,2019,Female,CTAS I - Resuscitation,1,45-64,Middle Adult,11717,312.0,5.2,0
2019-2020,2019,Female,CTAS I - Resuscitation,1,65+,Older Adult,26246,396.0,6.6,0
2019-2020,2019,Male,CTAS I - Resuscitation,1,0-19,Pediatric & Youth,13576,222.0,3.7,0
2019-2020,2019,Male,CTAS I - Resuscitation,1,20-44,Young Adult,16987,294.0,4.9,0
2019-2020,2019,Male,CTAS I - Resuscitation,1,45-64,Middle Adult,19569,276.0,4.6,0
2019-2020,2019,Male,CTAS I - Resuscitation,1,65+,Older Adult,29754,336.0,5.6,0
2019-2020,2019,Female,CTAS II - Emergent,2,0-19,Pediatric & Youth,222760,204.0,3.4,0
2019-2020,2019,Female,CTAS II - Emergent,2,20-44,Young Adult,397988,264.0,4.4,0
2019-2020,2019,Female,CTAS II - Emergent,2,45-64,Middle Adult,320311,294.0,4.9,0
2019-2020,2019,Female,CTAS II - Emergent,2,65+,Older Adult,363505,396.0,6.6,0
2019-2020,2019,Male,CTAS II - Emergent,2,0-19,Pediatric & Youth,242570,192.0,3.2,0
2019-2020,2019,Male,CTAS II - Emergent,2,20-44,Young Adult,341604,258.0,4.3,0
2019-2020,2019,Male,CTAS II - Emergent,2,45-64,Middle Adult,343621,306.0,5.1,0
2019-2020,2019,Male,CTAS II - Emergent,2,65+,Older Adult,349236,396.0,6.6,0
2019-2020,2019,Female,CTAS III - Urgent,3,0-19,Pediatric & Youth,626146,168.0,2.8,0
2019-2020,2019,Female,Less urgent,3,0-19,Pediatric & Youth,499013,132.0,2.2,0
2019-2020,2019,Female,Non-urgent,3,0-19,Pediatric & Youth,141081,114.0,1.9,0
2019-2020,2019,Female,Unknown,3,0-19,Pediatric & Youth,9980,72.0,1.2,0
2019-2020,2019,Female,CTAS III - Urgent,3,20-44,Young Adult,1165671,210.0,3.5,0
2019-2020,2019,Female,Less urgent,3,20-44,Young Adult,764252,150.0,2.5,0
2019-2020,2019,Female,Non-urgent,3,20-44,Young Adult,264595,114.0,1.9,0
2019-2020,2019,Female,Unknown,3,20-44,Young Adult,20721,78.0,1.3,0
2019-2020,2019,Female,CTAS III - Urgent,3,45-64,Middle Adult,754352,234.0,3.9,0
2019-2020,2019,Female,Less urgent,3,45-64,Middle Adult,504382,156.0,2.6,0
2019-2020,2019,Female,Non-urgent,3,45-64,Middle Adult,179597,114.0,1.9,0
2019-2020,2019,Female,Unknown,3,45-64,Middle Adult,12074,78.0,1.3,0
2019-2020,2019,Female,CTAS III - Urgent,3,65+,Older Adult,885749,330.0,5.5,0
2019-2020,2019,Female,Less urgent,3,65+,Older Adult,453188,216.0,3.6,0
2019-2020,2019,Female,Non-urgent,3,65+,Older Adult,139200,126.0,2.1,0
2019-2020,2019,Female,Unknown,3,65+,Older Adult,9491,108.0,1.8,0
2019-2020,2019,Male,CTAS III - Urgent,3,0-19,Pediatric & Youth,652389,156.0,2.6,0
2019-2020,2019,Male,Less urgent,3,0-19,Pediatric & Youth,530323,126.0,2.1,0
2019-2020,2019,Male,Non-urgent,3,0-19,Pediatric & Youth,145540,108.0,1.8,0
2019-2020,2019,Male,Unknown,3,0-19,Pediatric & Youth,10002,72.0,1.2,0
2019-2020,2019,Male,CTAS III - Urgent,3,20-44,Young Adult,860430,198.0,3.3,0
2019-2020,2019,Male,Less urgent,3,20-44,Young Adult,702659,144.0,2.4,0
2019-2020,2019,Male,Non-urgent,3,20-44,Young Adult,256815,114.0,1.9,0
2019-2020,2019,Male,Unknown,3,20-44,Young Adult,17632,78.0,1.3,0
2019-2020,2019,Male,CTAS III - Urgent,3,45-64,Middle Adult,707475,234.0,3.9,0
2019-2020,2019,Male,Less urgent,3,45-64,Middle Adult,497871,156.0,2.6,0
2019-2020,2019,Male,Non-urgent,3,45-64,Middle Adult,198870,108.0,1.8,0
2019-2020,2019,Male,Unknown,3,45-64,Middle Adult,13753,72.0,1.2,0
2019-2020,2019,Male,CTAS III - Urgent,3,65+,Older Adult,740098,318.0,5.3,0
2019-2020,2019,Male,Less urgent,3,65+,Older Adult,385561,198.0,3.3,0
2019-2020,2019,Male,Non-urgent,3,65+,Older Adult,142822,114.0,1.9,0
2019-2020,2019,Male,Unknown,3,65+,Older Adult,10324,90.0,1.5,0
2018-2019,2018,Female,CTAS I - Resuscitation,1,0-19,Pediatric & Youth,9189,222.0,3.7,0
2018-2019,2018,Female,CTAS I - Resuscitation,1,20-44,Young Adult,10132,300.0,5.0,0
2018-2019,2018,Female,CTAS I - Resuscitation,1,45-64,Middle Adult,11694,294.0,4.9,0
2018-2019,2018,Female,CTAS I - Resuscitation,1,65+,Older Adult,25354,390.0,6.5,0
2018-2019,2018,Male,CTAS I - Resuscitation,1,0-19,Pediatric & Youth,11356,216.0,3.6,0
2018-2019,2018,Male,CTAS I - Resuscitation,1,20-44,Young Adult,16943,288.0,4.8,0
2018-2019,2018,Male,CTAS I - Resuscitation,1,45-64,Middle Adult,19698,258.0,4.3,0
2018-2019,2018,Male,CTAS I - Resuscitation,1,65+,Older Adult,28229,324.0,5.4,0
2018-2019,2018,Female,CTAS II - Emergent,2,0-19,Pediatric & Youth,209280,204.0,3.4,0
2018-2019,2018,Female,CTAS II - Emergent,2,20-44,Young Adult,374911,264.0,4.4,0
2018-2019,2018,Female,CTAS II - Emergent,2,45-64,Middle Adult,312477,294.0,4.9,0
2018-2019,2018,Female,CTAS II - Emergent,2,65+,Older Adult,355483,396.0,6.6,0
2018-2019,2018,Male,CTAS II - Emergent,2,0-19,Pediatric & Youth,229117,192.0,3.2,0
2018-2019,2018,Male,CTAS II - Emergent,2,20-44,Young Adult,327550,258.0,4.3,0
2018-2019,2018,Male,CTAS II - Emergent,2,45-64,Middle Adult,338755,306.0,5.1,0
2018-2019,2018,Male,CTAS II - Emergent,2,65+,Older Adult,338375,396.0,6.6,0
2018-2019,2018,Female,CTAS III - Urgent,3,0-19,Pediatric & Youth,617614,162.0,2.7,0
2018-2019,2018,Female,Less urgent,3,0-19,Pediatric & Youth,545974,126.0,2.1,0
2018-2019,2018,Female,Non-urgent,3,0-19,Pediatric & Youth,141285,108.0,1.8,0
2018-2019,2018,Female,Unknown,3,0-19,Pediatric & Youth,10316,72.0,1.2,0
2018-2019,2018,Female,CTAS III - Urgent,3,20-44,Young Adult,1141425,210.0,3.5,0
2018-2019,2018,Female,Less urgent,3,20-44,Young Adult,820381,144.0,2.4,0
2018-2019,2018,Female,Non-urgent,3,20-44,Young Adult,255325,108.0,1.8,0
2018-2019,2018,Female,Unknown,3,20-44,Young Adult,20669,72.0,1.2,0
2018-2019,2018,Female,CTAS III - Urgent,3,45-64,Middle Adult,757050,234.0,3.9,0
2018-2019,2018,Female,Less urgent,3,45-64,Middle Adult,544374,150.0,2.5,0
2018-2019,2018,Female,Non-urgent,3,45-64,Middle Adult,181073,108.0,1.8,0
2018-2019,2018,Female,Unknown,3,45-64,Middle Adult,12429,78.0,1.3,0
2018-2019,2018,Female,CTAS III - Urgent,3,65+,Older Adult,866993,324.0,5.4,0
2018-2019,2018,Female,Less urgent,3,65+,Older Adult,479225,210.0,3.5,0
2018-2019,2018,Female,Non-urgent,3,65+,Older Adult,137089,126.0,2.1,0
2018-2019,2018,Female,Unknown,3,65+,Older Adult,9612,102.0,1.7,0
2018-2019,2018,Male,CTAS III - Urgent,3,0-19,Pediatric & Youth,636798,156.0,2.6,0
2018-2019,2018,Male,Less urgent,3,0-19,Pediatric & Youth,570018,120.0,2.0,0
2018-2019,2018,Male,Non-urgent,3,0-19,Pediatric & Youth,142879,102.0,1.7,0
2018-2019,2018,Male,Unknown,3,0-19,Pediatric & Youth,10812,66.0,1.1,0
2018-2019,2018,Male,CTAS III - Urgent,3,20-44,Young Adult,831288,198.0,3.3,0
2018-2019,2018,Male,Less urgent,3,20-44,Young Adult,744876,138.0,2.3,0
2018-2019,2018,Male,Non-urgent,3,20-44,Young Adult,249218,108.0,1.8,0
2018-2019,2018,Male,Unknown,3,20-44,Young Adult,17515,72.0,1.2,0
2018-2019,2018,Male,CTAS III - Urgent,3,45-64,Middle Adult,702078,234.0,3.9,0
2018-2019,2018,Male,Less urgent,3,45-64,Middle Adult,533684,150.0,2.5,0
2018-2019,2018,Male,Non-urgent,3,45-64,Middle Adult,200971,102.0,1.7,0
2018-2019,2018,Male,Unknown,3,45-64,Middle Adult,14173,72.0,1.2,0
2018-2019,2018,Male,CTAS III - Urgent,3,65+,Older Adult,715957,318.0,5.3,0
2018-2019,2018,Male,Less urgent,3,65+,Older Adult,402269,186.0,3.1,0
2018-2019,2018,Male,Non-urgent,3,65+,Older Adult,138068,108.0,1.8,0
2018-2019,2018,Male,Unknown,3,65+,Older Adult,10361,90.0,1.5,0
2017-2018,2017,Female,CTAS I - Resuscitation,1,0-19,Pediatric & Youth,5223,234.0,3.9,0
2017-2018,2017,Female,CTAS I - Resuscitation,1,20-44,Young Adult,7238,282.0,4.7,0
2017-2018,2017,Female,CTAS I - Resuscitation,1,45-64,Middle Adult,8209,276.0,4.6,0
2017-2018,2017,Female,CTAS I - Resuscitation,1,65+,Older Adult,16605,354.0,5.9,0
2017-2018,2017,Male,CTAS I - Resuscitation,1,0-19,Pediatric & Youth,7283,228.0,3.8,0
2017-2018,2017,Male,CTAS I - Resuscitation,1,20-44,Young Adult,12800,276.0,4.6,0
2017-2018,2017,Male,CTAS I - Resuscitation,1,45-64,Middle Adult,14280,258.0,4.3,0
2017-2018,2017,Male,CTAS I - Resuscitation,1,65+,Older Adult,19022,300.0,5.0,0
2017-2018,2017,Female,CTAS II - Emergent,2,0-19,Pediatric & Youth,164301,198.0,3.3,0
2017-2018,2017,Female,CTAS II - Emergent,2,20-44,Young Adult,297375,252.0,4.2,0
2017-2018,2017,Female,CTAS II - Emergent,2,45-64,Middle Adult,255749,282.0,4.7,0
2017-2018,2017,Female,CTAS II - Emergent,2,65+,Older Adult,292722,372.0,6.2,0
2017-2018,2017,Male,CTAS II - Emergent,2,0-19,Pediatric & Youth,183354,186.0,3.1,0
2017-2018,2017,Male,CTAS II - Emergent,2,20-44,Young Adult,266575,246.0,4.1,0
2017-2018,2017,Male,CTAS II - Emergent,2,45-64,Middle Adult,280439,294.0,4.9,0
2017-2018,2017,Male,CTAS II - Emergent,2,65+,Older Adult,277869,378.0,6.3,0
2017-2018,2017,Female,CTAS III - Urgent,3,0-19,Pediatric & Youth,507748,150.0,2.5,0
2017-2018,2017,Female,Less urgent,3,0-19,Pediatric & Youth,457659,108.0,1.8,0
2017-2018,2017,Female,Non-urgent,3,0-19,Pediatric & Youth,68269,90.0,1.5,0
2017-2018,2017,Female,Unknown,3,0-19,Pediatric & Youth,10732,66.0,1.1,0
2017-2018,2017,Female,CTAS III - Urgent,3,20-44,Young Adult,940305,192.0,3.2,0
2017-2018,2017,Female,Less urgent,3,20-44,Young Adult,627585,120.0,2.0,0
2017-2018,2017,Female,Non-urgent,3,20-44,Young Adult,123999,96.0,1.6,0
2017-2018,2017,Female,Unknown,3,20-44,Young Adult,19671,78.0,1.3,0
2017-2018,2017,Female,CTAS III - Urgent,3,45-64,Middle Adult,612925,210.0,3.5,0
2017-2018,2017,Female,Less urgent,3,45-64,Middle Adult,404675,120.0,2.0,0
2017-2018,2017,Female,Non-urgent,3,45-64,Middle Adult,82379,90.0,1.5,0
2017-2018,2017,Female,Unknown,3,45-64,Middle Adult,11864,78.0,1.3,0
2017-2018,2017,Female,CTAS III - Urgent,3,65+,Older Adult,658426,282.0,4.7,0
2017-2018,2017,Female,Less urgent,3,65+,Older Adult,298338,144.0,2.4,0
2017-2018,2017,Female,Non-urgent,3,65+,Older Adult,59768,96.0,1.6,0
2017-2018,2017,Female,Unknown,3,65+,Older Adult,9361,108.0,1.8,0
2017-2018,2017,Male,CTAS III - Urgent,3,0-19,Pediatric & Youth,526835,144.0,2.4,0
2017-2018,2017,Male,Less urgent,3,0-19,Pediatric & Youth,491249,108.0,1.8,0
2017-2018,2017,Male,Non-urgent,3,0-19,Pediatric & Youth,72697,90.0,1.5,0
2017-2018,2017,Male,Unknown,3,0-19,Pediatric & Youth,11271,66.0,1.1,0
2017-2018,2017,Male,CTAS III - Urgent,3,20-44,Young Adult,676845,180.0,3.0,0
2017-2018,2017,Male,Less urgent,3,20-44,Young Adult,579695,114.0,1.9,0
2017-2018,2017,Male,Non-urgent,3,20-44,Young Adult,124152,90.0,1.5,0
2017-2018,2017,Male,Unknown,3,20-44,Young Adult,16598,72.0,1.2,0
2017-2018,2017,Male,CTAS III - Urgent,3,45-64,Middle Adult,561393,210.0,3.5,0
2017-2018,2017,Male,Less urgent,3,45-64,Middle Adult,399274,120.0,2.0,0
2017-2018,2017,Male,Non-urgent,3,45-64,Middle Adult,94876,84.0,1.4,0
2017-2018,2017,Male,Unknown,3,45-64,Middle Adult,12908,72.0,1.2,0
2017-2018,2017,Male,CTAS III - Urgent,3,65+,Older Adult,535007,276.0,4.6,0
2017-2018,2017,Male,Less urgent,3,65+,Older Adult,261495,138.0,2.3,0
2017-2018,2017,Male,Non-urgent,3,65+,Older Adult,62895,84.0,1.4,0
2017-2018,2017,Male,Unknown,3,65+,Older Adult,9639,96.0,1.6,0
2016-2017,2016,Female,CTAS I - Resuscitation,1,0-19,Pediatric & Youth,4889,234.0,3.9,0
2016-2017,2016,Female,CTAS I - Resuscitation,1,20-44,Young Adult,6872,276.0,4.6,0
2016-2017,2016,Female,CTAS I - Resuscitation,1,45-64,Middle Adult,8043,276.0,4.6,0
2016-2017,2016,Female,CTAS I - Resuscitation,1,65+,Older Adult,15779,354.0,5.9,0
2016-2017,2016,Male,CTAS I - Resuscitation,1,0-19,Pediatric & Youth,6670,228.0,3.8,0
2016-2017,2016,Male,CTAS I - Resuscitation,1,20-44,Young Adult,11756,270.0,4.5,0
2016-2017,2016,Male,CTAS I - Resuscitation,1,45-64,Middle Adult,13499,246.0,4.1,0
2016-2017,2016,Male,CTAS I - Resuscitation,1,65+,Older Adult,18077,300.0,5.0,0
2016-2017,2016,Female,CTAS II - Emergent,2,0-19,Pediatric & Youth,147884,198.0,3.3,0
2016-2017,2016,Female,CTAS II - Emergent,2,20-44,Young Adult,281055,246.0,4.1,0
2016-2017,2016,Female,CTAS II - Emergent,2,45-64,Middle Adult,249357,282.0,4.7,0
2016-2017,2016,Female,CTAS II - Emergent,2,65+,Older Adult,284116,372.0,6.2,0
2016-2017,2016,Male,CTAS II - Emergent,2,0-19,Pediatric & Youth,166637,180.0,3.0,0
2016-2017,2016,Male,CTAS II - Emergent,2,20-44,Young Adult,253401,240.0,4.0,0
2016-2017,2016,Male,CTAS II - Emergent,2,45-64,Middle Adult,273259,288.0,4.8,0
2016-2017,2016,Male,CTAS II - Emergent,2,65+,Older Adult,268800,372.0,6.2,0
2016-2017,2016,Female,CTAS III - Urgent,3,0-19,Pediatric & Youth,495799,144.0,2.4,0
2016-2017,2016,Female,Less urgent,3,0-19,Pediatric & Youth,468511,102.0,1.7,0
2016-2017,2016,Female,Non-urgent,3,0-19,Pediatric & Youth,59928,84.0,1.4,0
2016-2017,2016,Female,Unknown,3,0-19,Pediatric & Youth,11400,66.0,1.1,0
2016-2017,2016,Female,CTAS III - Urgent,3,20-44,Young Adult,912141,192.0,3.2,0
2016-2017,2016,Female,Less urgent,3,20-44,Young Adult,639603,114.0,1.9,0
2016-2017,2016,Female,Non-urgent,3,20-44,Young Adult,116674,90.0,1.5,0
2016-2017,2016,Female,Unknown,3,20-44,Young Adult,20023,72.0,1.2,0
2016-2017,2016,Female,CTAS III - Urgent,3,45-64,Middle Adult,595587,204.0,3.4,0
2016-2017,2016,Female,Less urgent,3,45-64,Middle Adult,412078,114.0,1.9,0
2016-2017,2016,Female,Non-urgent,3,45-64,Middle Adult,77295,84.0,1.4,0
2016-2017,2016,Female,Unknown,3,45-64,Middle Adult,12378,78.0,1.3,0
2016-2017,2016,Female,CTAS III - Urgent,3,65+,Older Adult,634197,282.0,4.7,0
2016-2017,2016,Female,Less urgent,3,65+,Older Adult,293217,138.0,2.3,0
2016-2017,2016,Female,Non-urgent,3,65+,Older Adult,54461,90.0,1.5,0
2016-2017,2016,Female,Unknown,3,65+,Older Adult,9503,96.0,1.6,0
2016-2017,2016,Male,CTAS III - Urgent,3,0-19,Pediatric & Youth,509038,138.0,2.3,0
2016-2017,2016,Male,Less urgent,3,0-19,Pediatric & Youth,498511,102.0,1.7,0
2016-2017,2016,Male,Non-urgent,3,0-19,Pediatric & Youth,62485,84.0,1.4,0
2016-2017,2016,Male,Unknown,3,0-19,Pediatric & Youth,11700,66.0,1.1,0
2016-2017,2016,Male,CTAS III - Urgent,3,20-44,Young Adult,654334,174.0,2.9,0
2016-2017,2016,Male,Less urgent,3,20-44,Young Adult,591982,114.0,1.9,0
2016-2017,2016,Male,Non-urgent,3,20-44,Young Adult,117024,90.0,1.5,0
2016-2017,2016,Male,Unknown,3,20-44,Young Adult,16392,72.0,1.2,0
2016-2017,2016,Male,CTAS III - Urgent,3,45-64,Middle Adult,543421,204.0,3.4,0
2016-2017,2016,Male,Less urgent,3,45-64,Middle Adult,401881,114.0,1.9,0
2016-2017,2016,Male,Non-urgent,3,45-64,Middle Adult,90037,84.0,1.4,0
2016-2017,2016,Male,Unknown,3,45-64,Middle Adult,13188,72.0,1.2,0
2016-2017,2016,Male,CTAS III - Urgent,3,65+,Older Adult,515364,270.0,4.5,0
2016-2017,2016,Male,Less urgent,3,65+,Older Adult,255476,132.0,2.2,0
2016-2017,2016,Male,Non-urgent,3,65+,Older Adult,59017,78.0,1.3,0
2016-2017,2016,Male,Unknown,3,65+,Older Adult,9585,84.0,1.4,0
2015-2016,2015,Female,CTAS I - Resuscitation,1,0-19,Pediatric & Youth,4555,234.0,3.9,0
2015-2016,2015,Female,CTAS I - Resuscitation,1,20-44,Young Adult,6782,276.0,4.6,0
2015-2016,2015,Female,CTAS I - Resuscitation,1,45-64,Middle Adult,8031,288.0,4.8,0
2015-2016,2015,Female,CTAS I - Resuscitation,1,65+,Older Adult,15200,348.0,5.8,0
2015-2016,2015,Male,CTAS I - Resuscitation,1,0-19,Pediatric & Youth,6408,228.0,3.8,0
2015-2016,2015,Male,CTAS I - Resuscitation,1,20-44,Young Adult,11135,270.0,4.5,0
2015-2016,2015,Male,CTAS I - Resuscitation,1,45-64,Middle Adult,13332,252.0,4.2,0
2015-2016,2015,Male,CTAS I - Resuscitation,1,65+,Older Adult,16779,300.0,5.0,0
2015-2016,2015,Female,CTAS II - Emergent,2,0-19,Pediatric & Youth,141170,198.0,3.3,0
2015-2016,2015,Female,CTAS II - Emergent,2,20-44,Young Adult,268904,246.0,4.1,0
2015-2016,2015,Female,CTAS II - Emergent,2,45-64,Middle Adult,241641,282.0,4.7,0
2015-2016,2015,Female,CTAS II - Emergent,2,65+,Older Adult,273103,372.0,6.2,0
2015-2016,2015,Male,CTAS II - Emergent,2,0-19,Pediatric & Youth,161394,180.0,3.0,0
2015-2016,2015,Male,CTAS II - Emergent,2,20-44,Young Adult,241952,240.0,4.0,0
2015-2016,2015,Male,CTAS II - Emergent,2,45-64,Middle Adult,263551,294.0,4.9,0
2015-2016,2015,Male,CTAS II - Emergent,2,65+,Older Adult,254805,372.0,6.2,0
2015-2016,2015,Female,CTAS III - Urgent,3,0-19,Pediatric & Youth,495037,144.0,2.4,0
2015-2016,2015,Female,Less urgent,3,0-19,Pediatric & Youth,482801,102.0,1.7,0
2015-2016,2015,Female,Non-urgent,3,0-19,Pediatric & Youth,64815,84.0,1.4,0
2015-2016,2015,Female,Unknown,3,0-19,Pediatric & Youth,13265,66.0,1.1,0
2015-2016,2015,Female,CTAS III - Urgent,3,20-44,Young Adult,906338,186.0,3.1,0
2015-2016,2015,Female,Less urgent,3,20-44,Young Adult,656801,114.0,1.9,0
2015-2016,2015,Female,Non-urgent,3,20-44,Young Adult,122008,84.0,1.4,0
2015-2016,2015,Female,Unknown,3,20-44,Young Adult,22803,72.0,1.2,0
2015-2016,2015,Female,CTAS III - Urgent,3,45-64,Middle Adult,580439,204.0,3.4,0
2015-2016,2015,Female,Less urgent,3,45-64,Middle Adult,415058,114.0,1.9,0
2015-2016,2015,Female,Non-urgent,3,45-64,Middle Adult,81133,84.0,1.4,0
2015-2016,2015,Female,Unknown,3,45-64,Middle Adult,13804,72.0,1.2,0
2015-2016,2015,Female,CTAS III - Urgent,3,65+,Older Adult,605599,276.0,4.6,0
2015-2016,2015,Female,Less urgent,3,65+,Older Adult,287768,138.0,2.3,0
2015-2016,2015,Female,Non-urgent,3,65+,Older Adult,56419,84.0,1.4,0
2015-2016,2015,Female,Unknown,3,65+,Older Adult,10215,90.0,1.5,0
2015-2016,2015,Male,CTAS III - Urgent,3,0-19,Pediatric & Youth,509726,138.0,2.3,0
2015-2016,2015,Male,Less urgent,3,0-19,Pediatric & Youth,513618,102.0,1.7,0
2015-2016,2015,Male,Non-urgent,3,0-19,Pediatric & Youth,68002,84.0,1.4,0
2015-2016,2015,Male,Unknown,3,0-19,Pediatric & Youth,13594,60.0,1.0,0
2015-2016,2015,Male,CTAS III - Urgent,3,20-44,Young Adult,640558,174.0,2.9,0
2015-2016,2015,Male,Less urgent,3,20-44,Young Adult,605736,108.0,1.8,0
2015-2016,2015,Male,Non-urgent,3,20-44,Young Adult,121951,84.0,1.4,0
2015-2016,2015,Male,Unknown,3,20-44,Young Adult,18432,66.0,1.1,0
2015-2016,2015,Male,CTAS III - Urgent,3,45-64,Middle Adult,529602,204.0,3.4,0
2015-2016,2015,Male,Less urgent,3,45-64,Middle Adult,403557,114.0,1.9,0
2015-2016,2015,Male,Non-urgent,3,45-64,Middle Adult,94994,78.0,1.3,0
2015-2016,2015,Male,Unknown,3,45-64,Middle Adult,14590,72.0,1.2,0
2015-2016,2015,Male,CTAS III - Urgent,3,65+,Older Adult,486423,270.0,4.5,0
2015-2016,2015,Male,Less urgent,3,65+,Older Adult,247659,126.0,2.1,0
2015-2016,2015,Male,Non-urgent,3,65+,Older Adult,60200,78.0,1.3,0
2015-2016,2015,Male,Unknown,3,65+,Older Adult,10484,84.0,1.4,0
2014-2015,2014,Female,CTAS I - Resuscitation,1,0-19,Pediatric & Youth,4464,234.0,3.9,0
2014-2015,2014,Female,CTAS I - Resuscitation,1,20-44,Young Adult,6079,270.0,4.5,0
2014-2015,2014,Female,CTAS I - Resuscitation,1,45-64,Middle Adult,7202,276.0,4.6,0
2014-2015,2014,Female,CTAS I - Resuscitation,1,65+,Older Adult,14338,354.0,5.9,0
2014-2015,2014,Male,CTAS I - Resuscitation,1,0-19,Pediatric & Youth,6195,228.0,3.8,0
2014-2015,2014,Male,CTAS I - Resuscitation,1,20-44,Young Adult,9984,264.0,4.4,0
2014-2015,2014,Male,CTAS I - Resuscitation,1,45-64,Middle Adult,12039,246.0,4.1,0
2014-2015,2014,Male,CTAS I - Resuscitation,1,65+,Older Adult,15953,294.0,4.9,0
2014-2015,2014,Female,CTAS II - Emergent,2,0-19,Pediatric & Youth,134503,198.0,3.3,0
2014-2015,2014,Female,CTAS II - Emergent,2,20-44,Young Adult,252381,246.0,4.1,0
2014-2015,2014,Female,CTAS II - Emergent,2,45-64,Middle Adult,225866,288.0,4.8,0
2014-2015,2014,Female,CTAS II - Emergent,2,65+,Older Adult,261141,390.0,6.5,0
2014-2015,2014,Male,CTAS II - Emergent,2,0-19,Pediatric & Youth,154895,186.0,3.1,0
2014-2015,2014,Male,CTAS II - Emergent,2,20-44,Young Adult,226393,240.0,4.0,0
2014-2015,2014,Male,CTAS II - Emergent,2,45-64,Middle Adult,249514,300.0,5.0,0
2014-2015,2014,Male,CTAS II - Emergent,2,65+,Older Adult,240357,390.0,6.5,0
2014-2015,2014,Female,CTAS III - Urgent,3,0-19,Pediatric & Youth,479999,144.0,2.4,0
2014-2015,2014,Female,Less urgent,3,0-19,Pediatric & Youth,490435,102.0,1.7,0
2014-2015,2014,Female,Non-urgent,3,0-19,Pediatric & Youth,69752,84.0,1.4,0
2014-2015,2014,Female,Unknown,3,0-19,Pediatric & Youth,16356,72.0,1.2,0
2014-2015,2014,Female,CTAS III - Urgent,3,20-44,Young Adult,869380,186.0,3.1,0
2014-2015,2014,Female,Less urgent,3,20-44,Young Adult,662917,108.0,1.8,0
2014-2015,2014,Female,Non-urgent,3,20-44,Young Adult,130886,84.0,1.4,0
2014-2015,2014,Female,Unknown,3,20-44,Young Adult,27478,78.0,1.3,0
2014-2015,2014,Female,CTAS III - Urgent,3,45-64,Middle Adult,553665,204.0,3.4,0
2014-2015,2014,Female,Less urgent,3,45-64,Middle Adult,411256,114.0,1.9,0
2014-2015,2014,Female,Non-urgent,3,45-64,Middle Adult,85325,78.0,1.3,0
2014-2015,2014,Female,Unknown,3,45-64,Middle Adult,15978,78.0,1.3,0
2014-2015,2014,Female,CTAS III - Urgent,3,65+,Older Adult,583438,282.0,4.7,0
2014-2015,2014,Female,Less urgent,3,65+,Older Adult,281770,132.0,2.2,0
2014-2015,2014,Female,Non-urgent,3,65+,Older Adult,58117,84.0,1.4,0
2014-2015,2014,Female,Unknown,3,65+,Older Adult,11908,102.0,1.7,0
2014-2015,2014,Male,CTAS III - Urgent,3,0-19,Pediatric & Youth,496960,132.0,2.2,0
2014-2015,2014,Male,Less urgent,3,0-19,Pediatric & Youth,521605,102.0,1.7,0
2014-2015,2014,Male,Non-urgent,3,0-19,Pediatric & Youth,72042,78.0,1.3,0
2014-2015,2014,Male,Unknown,3,0-19,Pediatric & Youth,16915,72.0,1.2,0
2014-2015,2014,Male,CTAS III - Urgent,3,20-44,Young Adult,616771,168.0,2.8,0
2014-2015,2014,Male,Less urgent,3,20-44,Young Adult,614938,108.0,1.8,0
2014-2015,2014,Male,Non-urgent,3,20-44,Young Adult,130194,84.0,1.4,0
2014-2015,2014,Male,Unknown,3,20-44,Young Adult,21246,72.0,1.2,0
2014-2015,2014,Male,CTAS III - Urgent,3,45-64,Middle Adult,505983,204.0,3.4,0
2014-2015,2014,Male,Less urgent,3,45-64,Middle Adult,399276,108.0,1.8,0
2014-2015,2014,Male,Non-urgent,3,45-64,Middle Adult,99944,78.0,1.3,0
2014-2015,2014,Male,Unknown,3,45-64,Middle Adult,17113,78.0,1.3,0
2014-2015,2014,Male,CTAS III - Urgent,3,65+,Older Adult,460515,270.0,4.5,0
2014-2015,2014,Male,Less urgent,3,65+,Older Adult,239737,126.0,2.1,0
2014-2015,2014,Male,Non-urgent,3,65+,Older Adult,61989,78.0,1.3,0
2014-2015,2014,Male,Unknown,3,65+,Older Adult,11846,90.0,1.5,0
2013-2014,2013,Female,CTAS I - Resuscitation,1,0-19,Pediatric & Youth,4059,234.0,3.9,0
2013-2014,2013,Female,CTAS I - Resuscitation,1,20-44,Young Adult,5243,258.0,4.3,0
2013-2014,2013,Female,CTAS I - Resuscitation,1,45-64,Middle Adult,6400,276.0,4.6,0
2013-2014,2013,Female,CTAS I - Resuscitation,1,65+,Older Adult,12670,354.0,5.9,0
2013-2014,2013,Male,CTAS I - Resuscitation,1,0-19,Pediatric & Youth,5491,222.0,3.7,0
2013-2014,2013,Male,CTAS I - Resuscitation,1,20-44,Young Adult,8518,258.0,4.3,0
2013-2014,2013,Male,CTAS I - Resuscitation,1,45-64,Middle Adult,11335,252.0,4.2,0
2013-2014,2013,Male,CTAS I - Resuscitation,1,65+,Older Adult,14055,294.0,4.9,0
2013-2014,2013,Female,CTAS II - Emergent,2,0-19,Pediatric & Youth,120186,198.0,3.3,0
2013-2014,2013,Female,CTAS II - Emergent,2,20-44,Young Adult,232571,246.0,4.1,0
2013-2014,2013,Female,CTAS II - Emergent,2,45-64,Middle Adult,211236,288.0,4.8,0
2013-2014,2013,Female,CTAS II - Emergent,2,65+,Older Adult,236608,384.0,6.4,0
2013-2014,2013,Male,CTAS II - Emergent,2,0-19,Pediatric & Youth,139707,180.0,3.0,0
2013-2014,2013,Male,CTAS II - Emergent,2,20-44,Young Adult,208559,240.0,4.0,0
2013-2014,2013,Male,CTAS II - Emergent,2,45-64,Middle Adult,234424,300.0,5.0,0
2013-2014,2013,Male,CTAS II - Emergent,2,65+,Older Adult,218483,384.0,6.4,0
2013-2014,2013,Female,CTAS III - Urgent,3,0-19,Pediatric & Youth,445482,144.0,2.4,0
2013-2014,2013,Female,Less urgent,3,0-19,Pediatric & Youth,472918,96.0,1.6,0
2013-2014,2013,Female,Non-urgent,3,0-19,Pediatric & Youth,76138,78.0,1.3,0
2013-2014,2013,Female,Unknown,3,0-19,Pediatric & Youth,14394,66.0,1.1,0
2013-2014,2013,Female,CTAS III - Urgent,3,20-44,Young Adult,823268,186.0,3.1,0
2013-2014,2013,Female,Less urgent,3,20-44,Young Adult,662305,108.0,1.8,0
2013-2014,2013,Female,Non-urgent,3,20-44,Young Adult,138679,78.0,1.3,0
2013-2014,2013,Female,Unknown,3,20-44,Young Adult,26273,72.0,1.2,0
2013-2014,2013,Female,CTAS III - Urgent,3,45-64,Middle Adult,520872,204.0,3.4,0
2013-2014,2013,Female,Less urgent,3,45-64,Middle Adult,406164,108.0,1.8,0
2013-2014,2013,Female,Non-urgent,3,45-64,Middle Adult,89743,78.0,1.3,0
2013-2014,2013,Female,Unknown,3,45-64,Middle Adult,16415,72.0,1.2,0
2013-2014,2013,Female,CTAS III - Urgent,3,65+,Older Adult,526896,282.0,4.7,0
2013-2014,2013,Female,Less urgent,3,65+,Older Adult,272063,132.0,2.2,0
2013-2014,2013,Female,Non-urgent,3,65+,Older Adult,59147,84.0,1.4,0
2013-2014,2013,Female,Unknown,3,65+,Older Adult,12637,96.0,1.6,0
2013-2014,2013,Male,CTAS III - Urgent,3,0-19,Pediatric & Youth,465111,132.0,2.2,0
2013-2014,2013,Male,Less urgent,3,0-19,Pediatric & Youth,505479,96.0,1.6,0
2013-2014,2013,Male,Non-urgent,3,0-19,Pediatric & Youth,78205,78.0,1.3,0
2013-2014,2013,Male,Unknown,3,0-19,Pediatric & Youth,15243,66.0,1.1,0
2013-2014,2013,Male,CTAS III - Urgent,3,20-44,Young Adult,579788,168.0,2.8,0
2013-2014,2013,Male,Less urgent,3,20-44,Young Adult,610243,108.0,1.8,0
2013-2014,2013,Male,Non-urgent,3,20-44,Young Adult,136311,78.0,1.3,0
2013-2014,2013,Male,Unknown,3,20-44,Young Adult,20749,66.0,1.1,0
2013-2014,2013,Male,CTAS III - Urgent,3,45-64,Middle Adult,476040,198.0,3.3,0
2013-2014,2013,Male,Less urgent,3,45-64,Middle Adult,397640,108.0,1.8,0
2013-2014,2013,Male,Non-urgent,3,45-64,Middle Adult,104294,72.0,1.2,0
2013-2014,2013,Male,Unknown,3,45-64,Middle Adult,17392,72.0,1.2,0
2013-2014,2013,Male,CTAS III - Urgent,3,65+,Older Adult,417162,270.0,4.5,0
2013-2014,2013,Male,Less urgent,3,65+,Older Adult,230046,120.0,2.0,0
2013-2014,2013,Male,Non-urgent,3,65+,Older Adult,62311,72.0,1.2,0
2013-2014,2013,Male,Unknown,3,65+,Older Adult,13172,84.0,1.4,0
2012-2013,2012,Female,CTAS I - Resuscitation,1,0-19,Pediatric & Youth,3597,220.0,3.6667,0
2012-2013,2012,Female,CTAS I - Resuscitation,1,20-44,Young Adult,4504,255.0,4.25,0
2012-2013,2012,Female,CTAS I - Resuscitation,1,45-64,Middle Adult,5699,276.0,4.6,0
2012-2013,2012,Female,CTAS I - Resuscitation,1,65+,Older Adult,11102,347.0,5.7833,0
2012-2013,2012,Male,CTAS I - Resuscitation,1,0-19,Pediatric & Youth,5295,218.0,3.6333,0
2012-2013,2012,Male,CTAS I - Resuscitation,1,20-44,Young Adult,7557,248.0,4.1333,0
2012-2013,2012,Male,CTAS I - Resuscitation,1,45-64,Middle Adult,10013,228.0,3.8,0
2012-2013,2012,Male,CTAS I - Resuscitation,1,65+,Older Adult,12487,278.0,4.6333,0
2012-2013,2012,Female,CTAS II - Emergent,2,0-19,Pediatric & Youth,107374,198.0,3.3,0
2012-2013,2012,Female,CTAS II - Emergent,2,20-44,Young Adult,199249,247.0,4.1167,0
2012-2013,2012,Female,CTAS II - Emergent,2,45-64,Middle Adult,189113,289.0,4.8167,0
2012-2013,2012,Female,CTAS II - Emergent,2,65+,Older Adult,212811,384.0,6.4,0
2012-2013,2012,Male,CTAS II - Emergent,2,0-19,Pediatric & Youth,129177,183.0,3.05,0
2012-2013,2012,Male,CTAS II - Emergent,2,20-44,Young Adult,183994,239.0,3.9833,0
2012-2013,2012,Male,CTAS II - Emergent,2,45-64,Middle Adult,213262,300.0,5.0,0
2012-2013,2012,Male,CTAS II - Emergent,2,65+,Older Adult,195296,384.0,6.4,0
2012-2013,2012,Female,CTAS III - Urgent,3,0-19,Pediatric & Youth,428114,144.0,2.4,0
2012-2013,2012,Female,Less urgent,3,0-19,Pediatric & Youth,485561,98.0,1.6333,0
2012-2013,2012,Female,Non-urgent,3,0-19,Pediatric & Youth,80311,74.0,1.2333,0
2012-2013,2012,Female,Unknown,3,0-19,Pediatric & Youth,18016,61.0,1.0167,0
2012-2013,2012,Female,CTAS III - Urgent,3,20-44,Young Adult,776013,189.0,3.15,0
2012-2013,2012,Female,Less urgent,3,20-44,Young Adult,664890,108.0,1.8,0
2012-2013,2012,Female,Non-urgent,3,20-44,Young Adult,142765,77.0,1.2833,0
2012-2013,2012,Female,Unknown,3,20-44,Young Adult,30889,64.0,1.0667,0
2012-2013,2012,Female,CTAS III - Urgent,3,45-64,Middle Adult,489892,205.0,3.4167,0
2012-2013,2012,Female,Less urgent,3,45-64,Middle Adult,410790,110.0,1.8333,0
2012-2013,2012,Female,Non-urgent,3,45-64,Middle Adult,94401,73.0,1.2167,0
2012-2013,2012,Female,Unknown,3,45-64,Middle Adult,19315,68.0,1.1333,0
2012-2013,2012,Female,CTAS III - Urgent,3,65+,Older Adult,496741,284.0,4.7333,0
2012-2013,2012,Female,Less urgent,3,65+,Older Adult,271390,134.0,2.2333,0
2012-2013,2012,Female,Non-urgent,3,65+,Older Adult,59870,79.0,1.3167,0
2012-2013,2012,Female,Unknown,3,65+,Older Adult,14618,85.0,1.4167,0
2012-2013,2012,Male,CTAS III - Urgent,3,0-19,Pediatric & Youth,453137,133.0,2.2167,0
2012-2013,2012,Male,Less urgent,3,0-19,Pediatric & Youth,520140,96.0,1.6,0
2012-2013,2012,Male,Non-urgent,3,0-19,Pediatric & Youth,82654,73.0,1.2167,0
2012-2013,2012,Male,Unknown,3,0-19,Pediatric & Youth,19062,61.0,1.0167,0
2012-2013,2012,Male,CTAS III - Urgent,3,20-44,Young Adult,547268,171.0,2.85,0
2012-2013,2012,Male,Less urgent,3,20-44,Young Adult,616682,105.0,1.75,0
2012-2013,2012,Male,Non-urgent,3,20-44,Young Adult,138881,76.0,1.2667,0
2012-2013,2012,Male,Unknown,3,20-44,Young Adult,23369,61.0,1.0167,0
2012-2013,2012,Male,CTAS III - Urgent,3,45-64,Middle Adult,450023,203.0,3.3833,0
2012-2013,2012,Male,Less urgent,3,45-64,Middle Adult,398434,109.0,1.8167,0
2012-2013,2012,Male,Non-urgent,3,45-64,Middle Adult,106278,70.0,1.1667,0
2012-2013,2012,Male,Unknown,3,45-64,Middle Adult,19439,65.0,1.0833,0
2012-2013,2012,Male,CTAS III - Urgent,3,65+,Older Adult,389327,272.0,4.5333,0
2012-2013,2012,Male,Less urgent,3,65+,Older Adult,225124,124.0,2.0667,0
2012-2013,2012,Male,Non-urgent,3,65+,Older Adult,63065,71.0,1.1833,0
2012-2013,2012,Male,Unknown,3,65+,Older Adult,14527,77.0,1.2833,0
2011-2012,2011,Female,CTAS I - Resuscitation,1,0-19,Pediatric & Youth,3373,227.0,3.7833,0
2011-2012,2011,Female,CTAS I - Resuscitation,1,20-44,Young Adult,3878,263.0,4.3833,0
2011-2012,2011,Female,CTAS I - Resuscitation,1,45-64,Middle Adult,5012,279.0,4.65,0
2011-2012,2011,Female,CTAS I - Resuscitation,1,65+,Older Adult,9704,351.0,5.85,0
2011-2012,2011,Male,CTAS I - Resuscitation,1,0-19,Pediatric & Youth,4857,220.0,3.6667,0
2011-2012,2011,Male,CTAS I - Resuscitation,1,20-44,Young Adult,6437,249.0,4.15,0
2011-2012,2011,Male,CTAS I - Resuscitation,1,45-64,Middle Adult,8624,239.0,3.9833,0
2011-2012,2011,Male,CTAS I - Resuscitation,1,65+,Older Adult,10964,285.0,4.75,0
2011-2012,2011,Female,CTAS II - Emergent,2,0-19,Pediatric & Youth,91777,200.0,3.3333,0
2011-2012,2011,Female,CTAS II - Emergent,2,20-44,Young Adult,169526,253.0,4.2167,0
2011-2012,2011,Female,CTAS II - Emergent,2,45-64,Middle Adult,162830,300.0,5.0,0
2011-2012,2011,Female,CTAS II - Emergent,2,65+,Older Adult,179709,404.0,6.7333,0
2011-2012,2011,Male,CTAS II - Emergent,2,0-19,Pediatric & Youth,113951,185.0,3.0833,0
2011-2012,2011,Male,CTAS II - Emergent,2,20-44,Young Adult,159322,241.0,4.0167,0
2011-2012,2011,Male,CTAS II - Emergent,2,45-64,Middle Adult,184219,309.0,5.15,0
2011-2012,2011,Male,CTAS II - Emergent,2,65+,Older Adult,163537,401.0,6.6833,0
2011-2012,2011,Female,CTAS III - Urgent,3,0-19,Pediatric & Youth,379190,146.0,2.4333,0
2011-2012,2011,Female,Less urgent,3,0-19,Pediatric & Youth,460621,98.0,1.6333,0
2011-2012,2011,Female,Non-urgent,3,0-19,Pediatric & Youth,79843,73.0,1.2167,0
2011-2012,2011,Female,Unknown,3,0-19,Pediatric & Youth,20479,68.0,1.1333,0
2011-2012,2011,Female,CTAS III - Urgent,3,20-44,Young Adult,673055,193.0,3.2167,0
2011-2012,2011,Female,Less urgent,3,20-44,Young Adult,626835,110.0,1.8333,0
2011-2012,2011,Female,Non-urgent,3,20-44,Young Adult,141541,75.0,1.25,0
2011-2012,2011,Female,Unknown,3,20-44,Young Adult,29912,66.0,1.1,0
2011-2012,2011,Female,CTAS III - Urgent,3,45-64,Middle Adult,425069,210.0,3.5,0
2011-2012,2011,Female,Less urgent,3,45-64,Middle Adult,386392,110.0,1.8333,0
2011-2012,2011,Female,Non-urgent,3,45-64,Middle Adult,97276,70.0,1.1667,0
2011-2012,2011,Female,Unknown,3,45-64,Middle Adult,18654,69.0,1.15,0
2011-2012,2011,Female,CTAS III - Urgent,3,65+,Older Adult,419922,293.0,4.8833,0
2011-2012,2011,Female,Less urgent,3,65+,Older Adult,248502,135.0,2.25,0
2011-2012,2011,Female,Non-urgent,3,65+,Older Adult,59613,77.0,1.2833,0
2011-2012,2011,Female,Unknown,3,65+,Older Adult,13231,83.0,1.3833,0
2011-2012,2011,Male,CTAS III - Urgent,3,0-19,Pediatric & Youth,404262,136.0,2.2667,0
2011-2012,2011,Male,Less urgent,3,0-19,Pediatric & Youth,492476,97.0,1.6167,0
2011-2012,2011,Male,Non-urgent,3,0-19,Pediatric & Youth,82333,71.0,1.1833,0
2011-2012,2011,Male,Unknown,3,0-19,Pediatric & Youth,20819,65.0,1.0833,0
2011-2012,2011,Male,CTAS III - Urgent,3,20-44,Young Adult,478859,173.0,2.8833,0
2011-2012,2011,Male,Less urgent,3,20-44,Young Adult,577574,107.0,1.7833,0
2011-2012,2011,Male,Non-urgent,3,20-44,Young Adult,137102,75.0,1.25,0
2011-2012,2011,Male,Unknown,3,20-44,Young Adult,21863,64.0,1.0667,0
2011-2012,2011,Male,CTAS III - Urgent,3,45-64,Middle Adult,389989,206.0,3.4333,0
2011-2012,2011,Male,Less urgent,3,45-64,Middle Adult,370554,110.0,1.8333,0
2011-2012,2011,Male,Non-urgent,3,45-64,Middle Adult,106520,70.0,1.1667,0
2011-2012,2011,Male,Unknown,3,45-64,Middle Adult,18274,66.0,1.1,0
2011-2012,2011,Male,CTAS III - Urgent,3,65+,Older Adult,326771,281.0,4.6833,0
2011-2012,2011,Male,Less urgent,3,65+,Older Adult,203130,125.0,2.0833,0
2011-2012,2011,Male,Non-urgent,3,65+,Older Adult,62780,68.0,1.1333,0
2011-2012,2011,Male,Unknown,3,65+,Older Adult,13424,75.0,1.25,0
2010-2011,2010,Female,CTAS I - Resuscitation,1,0-19,Pediatric & Youth,3067,224.0,3.7333,0
2010-2011,2010,Female,CTAS I - Resuscitation,1,20-44,Young Adult,3105,252.0,4.2,0
2010-2011,2010,Female,CTAS I - Resuscitation,1,45-64,Middle Adult,4266,266.0,4.4333,0
2010-2011,2010,Female,CTAS I - Resuscitation,1,65+,Older Adult,8376,341.0,5.6833,0
2010-2011,2010,Male,CTAS I - Resuscitation,1,0-19,Pediatric & Youth,4593,221.0,3.6833,0
2010-2011,2010,Male,CTAS I - Resuscitation,1,20-44,Young Adult,5264,244.0,4.0667,0
2010-2011,2010,Male,CTAS I - Resuscitation,1,45-64,Middle Adult,7777,232.0,3.8667,0
2010-2011,2010,Male,CTAS I - Resuscitation,1,65+,Older Adult,9429,276.0,4.6,0
2010-2011,2010,Female,CTAS II - Emergent,2,0-19,Pediatric & Youth,82102,202.0,3.3667,0
2010-2011,2010,Female,CTAS II - Emergent,2,20-44,Young Adult,143374,256.0,4.2667,0
2010-2011,2010,Female,CTAS II - Emergent,2,45-64,Middle Adult,139220,307.0,5.1167,0
2010-2011,2010,Female,CTAS II - Emergent,2,65+,Older Adult,155694,420.0,7.0,0
2010-2011,2010,Male,CTAS II - Emergent,2,0-19,Pediatric & Youth,103566,190.0,3.1667,0
2010-2011,2010,Male,CTAS II - Emergent,2,20-44,Young Adult,135026,245.0,4.0833,0
2010-2011,2010,Male,CTAS II - Emergent,2,45-64,Middle Adult,157450,316.0,5.2667,0
2010-2011,2010,Male,CTAS II - Emergent,2,65+,Older Adult,140288,413.0,6.8833,0
2010-2011,2010,Female,CTAS III - Urgent,3,0-19,Pediatric & Youth,344835,149.0,2.4833,0
2010-2011,2010,Female,Less urgent,3,0-19,Pediatric & Youth,427632,99.0,1.65,0
2010-2011,2010,Female,Non-urgent,3,0-19,Pediatric & Youth,75665,69.0,1.15,0
2010-2011,2010,Female,Unknown,3,0-19,Pediatric & Youth,21283,65.0,1.0833,0
2010-2011,2010,Female,CTAS III - Urgent,3,20-44,Young Adult,585134,194.0,3.2333,0
2010-2011,2010,Female,Less urgent,3,20-44,Young Adult,574303,109.0,1.8167,0
2010-2011,2010,Female,Non-urgent,3,20-44,Young Adult,136346,71.0,1.1833,0
2010-2011,2010,Female,Unknown,3,20-44,Young Adult,34487,67.0,1.1167,0
2010-2011,2010,Female,CTAS III - Urgent,3,45-64,Middle Adult,368131,210.0,3.5,0
2010-2011,2010,Female,Less urgent,3,45-64,Middle Adult,353474,110.0,1.8333,0
2010-2011,2010,Female,Non-urgent,3,45-64,Middle Adult,93683,70.0,1.1667,0
2010-2011,2010,Female,Unknown,3,45-64,Middle Adult,22630,65.0,1.0833,0
2010-2011,2010,Female,CTAS III - Urgent,3,65+,Older Adult,362097,297.0,4.95,0
2010-2011,2010,Female,Less urgent,3,65+,Older Adult,226821,135.0,2.25,0
2010-2011,2010,Female,Non-urgent,3,65+,Older Adult,59186,74.0,1.2333,0
2010-2011,2010,Female,Unknown,3,65+,Older Adult,15777,78.0,1.3,0
2010-2011,2010,Male,CTAS III - Urgent,3,0-19,Pediatric & Youth,369759,139.0,2.3167,0
2010-2011,2010,Male,Less urgent,3,0-19,Pediatric & Youth,460949,98.0,1.6333,0
2010-2011,2010,Male,Non-urgent,3,0-19,Pediatric & Youth,78880,69.0,1.15,0
2010-2011,2010,Male,Unknown,3,0-19,Pediatric & Youth,22057,63.0,1.05,0
2010-2011,2010,Male,CTAS III - Urgent,3,20-44,Young Adult,416376,174.0,2.9,0
2010-2011,2010,Male,Less urgent,3,20-44,Young Adult,526584,107.0,1.7833,0
2010-2011,2010,Male,Non-urgent,3,20-44,Young Adult,128070,73.0,1.2167,0
2010-2011,2010,Male,Unknown,3,20-44,Young Adult,24707,64.0,1.0667,0
2010-2011,2010,Male,CTAS III - Urgent,3,45-64,Middle Adult,336415,205.0,3.4167,0
2010-2011,2010,Male,Less urgent,3,45-64,Middle Adult,337351,109.0,1.8167,0
2010-2011,2010,Male,Non-urgent,3,45-64,Middle Adult,103715,67.0,1.1167,0
2010-2011,2010,Male,Unknown,3,45-64,Middle Adult,22753,63.0,1.05,0
2010-2011,2010,Male,CTAS III - Urgent,3,65+,Older Adult,281252,284.0,4.7333,0
2010-2011,2010,Male,Less urgent,3,65+,Older Adult,181519,125.0,2.0833,0
2010-2011,2010,Male,Non-urgent,3,65+,Older Adult,61526,68.0,1.1333,0
2010-2011,2010,Male,Unknown,3,65+,Older Adult,15657,70.0,1.1667,0
2009-2010,2009,Female,CTAS I - Resuscitation,1,0-19,Pediatric & Youth,2379,235.0,3.9167,0
2009-2010,2009,Female,CTAS I - Resuscitation,1,20-44,Young Adult,2218,245.0,4.0833,0
2009-2010,2009,Female,CTAS I - Resuscitation,1,45-64,Middle Adult,3090,266.0,4.4333,0
2009-2010,2009,Female,CTAS I - Resuscitation,1,65+,Older Adult,6275,333.0,5.55,0
2009-2010,2009,Male,CTAS I - Resuscitation,1,0-19,Pediatric & Youth,3399,221.0,3.6833,0
2009-2010,2009,Male,CTAS I - Resuscitation,1,20-44,Young Adult,3802,234.0,3.9,0
2009-2010,2009,Male,CTAS I - Resuscitation,1,45-64,Middle Adult,5587,228.0,3.8,0
2009-2010,2009,Male,CTAS I - Resuscitation,1,65+,Older Adult,7072,263.0,4.3833,0
2009-2010,2009,Female,CTAS II - Emergent,2,0-19,Pediatric & Youth,61621,205.0,3.4167,0
2009-2010,2009,Female,CTAS II - Emergent,2,20-44,Young Adult,100174,252.0,4.2,0
2009-2010,2009,Female,CTAS II - Emergent,2,45-64,Middle Adult,101571,305.0,5.0833,0
2009-2010,2009,Female,CTAS II - Emergent,2,65+,Older Adult,117805,413.0,6.8833,0
2009-2010,2009,Male,CTAS II - Emergent,2,0-19,Pediatric & Youth,79397,194.0,3.2333,0
2009-2010,2009,Male,CTAS II - Emergent,2,20-44,Young Adult,95933,242.0,4.0333,0
2009-2010,2009,Male,CTAS II - Emergent,2,45-64,Middle Adult,113877,314.0,5.2333,0
2009-2010,2009,Male,CTAS II - Emergent,2,65+,Older Adult,105673,406.0,6.7667,0
2009-2010,2009,Female,CTAS III - Urgent,3,0-19,Pediatric & Youth,264734,153.0,2.55,0
2009-2010,2009,Female,Less urgent,3,0-19,Pediatric & Youth,305931,105.0,1.75,0
2009-2010,2009,Female,Non-urgent,3,0-19,Pediatric & Youth,41334,75.0,1.25,0
2009-2010,2009,Female,Unknown,3,0-19,Pediatric & Youth,5604,66.0,1.1,0
2009-2010,2009,Female,CTAS III - Urgent,3,20-44,Young Adult,429338,196.0,3.2667,0
2009-2010,2009,Female,Less urgent,3,20-44,Young Adult,403003,115.0,1.9167,0
2009-2010,2009,Female,Non-urgent,3,20-44,Young Adult,75563,80.0,1.3333,0
2009-2010,2009,Female,Unknown,3,20-44,Young Adult,8168,71.0,1.1833,0
2009-2010,2009,Female,CTAS III - Urgent,3,45-64,Middle Adult,276403,214.0,3.5667,0
2009-2010,2009,Female,Less urgent,3,45-64,Middle Adult,255276,115.0,1.9167,0
2009-2010,2009,Female,Non-urgent,3,45-64,Middle Adult,54070,76.0,1.2667,0
2009-2010,2009,Female,Unknown,3,45-64,Middle Adult,5605,64.0,1.0667,0
2009-2010,2009,Female,CTAS III - Urgent,3,65+,Older Adult,280499,302.0,5.0333,0
2009-2010,2009,Female,Less urgent,3,65+,Older Adult,166584,143.0,2.3833,0
2009-2010,2009,Female,Non-urgent,3,65+,Older Adult,33250,83.0,1.3833,0
2009-2010,2009,Female,Unknown,3,65+,Older Adult,3713,88.0,1.4667,0
2009-2010,2009,Male,CTAS III - Urgent,3,0-19,Pediatric & Youth,287299,143.0,2.3833,0
2009-2010,2009,Male,Less urgent,3,0-19,Pediatric & Youth,330768,103.0,1.7167,0
2009-2010,2009,Male,Non-urgent,3,0-19,Pediatric & Youth,41649,75.0,1.25,0
2009-2010,2009,Male,Unknown,3,0-19,Pediatric & Youth,5474,64.0,1.0667,0
2009-2010,2009,Male,CTAS III - Urgent,3,20-44,Young Adult,299690,176.0,2.9333,0
2009-2010,2009,Male,Less urgent,3,20-44,Young Adult,364053,112.0,1.8667,0
2009-2010,2009,Male,Non-urgent,3,20-44,Young Adult,71800,80.0,1.3333,0
2009-2010,2009,Male,Unknown,3,20-44,Young Adult,6464,70.0,1.1667,0
2009-2010,2009,Male,CTAS III - Urgent,3,45-64,Middle Adult,246555,208.0,3.4667,0
2009-2010,2009,Male,Less urgent,3,45-64,Middle Adult,238597,114.0,1.9,0
2009-2010,2009,Male,Non-urgent,3,45-64,Middle Adult,59173,74.0,1.2333,0
2009-2010,2009,Male,Unknown,3,45-64,Middle Adult,5844,64.0,1.0667,0
2009-2010,2009,Male,CTAS III - Urgent,3,65+,Older Adult,215834,290.0,4.8333,0
2009-2010,2009,Male,Less urgent,3,65+,Older Adult,132653,131.0,2.1833,0
2009-2010,2009,Male,Non-urgent,3,65+,Older Adult,34443,74.0,1.2333,0
2009-2010,2009,Male,Unknown,3,65+,Older Adult,4097,72.0,1.2,0
2008-2009,2008,Female,CTAS I - Resuscitation,1,0-19,Pediatric & Youth,2174,229.0,3.8167,0
2008-2009,2008,Female,CTAS I - Resuscitation,1,20-44,Young Adult,2250,237.0,3.95,0
2008-2009,2008,Female,CTAS I - Resuscitation,1,45-64,Middle Adult,2839,260.0,4.3333,0
2008-2009,2008,Female,CTAS I - Resuscitation,1,65+,Older Adult,5993,313.0,5.2167,0
2008-2009,2008,Male,CTAS I - Resuscitation,1,0-19,Pediatric & Youth,3198,217.0,3.6167,0
2008-2009,2008,Male,CTAS I - Resuscitation,1,20-44,Young Adult,3678,236.0,3.9333,0
2008-2009,2008,Male,CTAS I - Resuscitation,1,45-64,Middle Adult,5256,210.0,3.5,0
2008-2009,2008,Male,CTAS I - Resuscitation,1,65+,Older Adult,6943,256.0,4.2667,0
2008-2009,2008,Female,CTAS II - Emergent,2,0-19,Pediatric & Youth,55671,203.0,3.3833,0
2008-2009,2008,Female,CTAS II - Emergent,2,20-44,Young Adult,89785,254.0,4.2333,0
2008-2009,2008,Female,CTAS II - Emergent,2,45-64,Middle Adult,88813,305.0,5.0833,0
2008-2009,2008,Female,CTAS II - Emergent,2,65+,Older Adult,109578,415.0,6.9167,0
2008-2009,2008,Male,CTAS II - Emergent,2,0-19,Pediatric & Youth,72163,190.0,3.1667,0
2008-2009,2008,Male,CTAS II - Emergent,2,20-44,Young Adult,86735,246.0,4.1,0
2008-2009,2008,Male,CTAS II - Emergent,2,45-64,Middle Adult,103868,314.0,5.2333,0
2008-2009,2008,Male,CTAS II - Emergent,2,65+,Older Adult,98836,408.0,6.8,0
2008-2009,2008,Female,CTAS III - Urgent,3,0-19,Pediatric & Youth,241382,156.0,2.6,0
2008-2009,2008,Female,Less urgent,3,0-19,Pediatric & Youth,296943,103.0,1.7167,0
2008-2009,2008,Female,Non-urgent,3,0-19,Pediatric & Youth,52097,71.0,1.1833,0
2008-2009,2008,Female,Unknown,3,0-19,Pediatric & Youth,1167,37.0,0.6167,0
2008-2009,2008,Female,CTAS III - Urgent,3,20-44,Young Adult,399142,200.0,3.3333,0
2008-2009,2008,Female,Less urgent,3,20-44,Young Adult,397909,116.0,1.9333,0
2008-2009,2008,Female,Non-urgent,3,20-44,Young Adult,90507,76.0,1.2667,0
2008-2009,2008,Female,Unknown,3,20-44,Young Adult,783,13.0,0.2167,0
2008-2009,2008,Female,CTAS III - Urgent,3,45-64,Middle Adult,253387,219.0,3.65,0
2008-2009,2008,Female,Less urgent,3,45-64,Middle Adult,251071,117.0,1.95,0
2008-2009,2008,Female,Non-urgent,3,45-64,Middle Adult,64971,72.0,1.2,0
2008-2009,2008,Female,Unknown,3,45-64,Middle Adult,398,22.0,0.3667,0
2008-2009,2008,Female,CTAS III - Urgent,3,65+,Older Adult,263916,308.0,5.1333,0
2008-2009,2008,Female,Less urgent,3,65+,Older Adult,165898,145.0,2.4167,0
2008-2009,2008,Female,Non-urgent,3,65+,Older Adult,39248,80.0,1.3333,0
2008-2009,2008,Female,Unknown,3,65+,Older Adult,200,10.0,0.1667,0
2008-2009,2008,Male,CTAS III - Urgent,3,0-19,Pediatric & Youth,262362,145.0,2.4167,0
2008-2009,2008,Male,Less urgent,3,0-19,Pediatric & Youth,323983,102.0,1.7,0
2008-2009,2008,Male,Non-urgent,3,0-19,Pediatric & Youth,52706,71.0,1.1833,0
2008-2009,2008,Male,Unknown,3,0-19,Pediatric & Youth,1213,39.0,0.65,0
2008-2009,2008,Male,CTAS III - Urgent,3,20-44,Young Adult,284849,178.0,2.9667,0
2008-2009,2008,Male,Less urgent,3,20-44,Young Adult,372422,114.0,1.9,0
2008-2009,2008,Male,Non-urgent,3,20-44,Young Adult,86541,78.0,1.3,0
2008-2009,2008,Male,Unknown,3,20-44,Young Adult,667,13.0,0.2167,0
2008-2009,2008,Male,CTAS III - Urgent,3,45-64,Middle Adult,229712,213.0,3.55,0
2008-2009,2008,Male,Less urgent,3,45-64,Middle Adult,237846,115.0,1.9167,0
2008-2009,2008,Male,Non-urgent,3,45-64,Middle Adult,70132,72.0,1.2,0
2008-2009,2008,Male,Unknown,3,45-64,Middle Adult,381,18.0,0.3,0
2008-2009,2008,Male,CTAS III - Urgent,3,65+,Older Adult,206388,296.0,4.9333,0
2008-2009,2008,Male,Less urgent,3,65+,Older Adult,132882,135.0,2.25,0
2008-2009,2008,Male,Non-urgent,3,65+,Older Adult,40151,72.0,1.2,0
2008-2009,2008,Male,Unknown,3,65+,Older Adult,160,18.0,0.3,0
2007-2008,2007,Female,CTAS I - Resuscitation,1,0-19,Pediatric & Youth,2049,212.0,3.5333,0
2007-2008,2007,Female,CTAS I - Resuscitation,1,20-44,Young Adult,2187,225.0,3.75,0
2007-2008,2007,Female,CTAS I - Resuscitation,1,45-64,Middle Adult,2716,235.0,3.9167,0
2007-2008,2007,Female,CTAS I - Resuscitation,1,65+,Older Adult,5758,280.0,4.6667,0
2007-2008,2007,Male,CTAS I - Resuscitation,1,0-19,Pediatric & Youth,3099,205.0,3.4167,0
2007-2008,2007,Male,CTAS I - Resuscitation,1,20-44,Young Adult,3824,219.0,3.65,0
2007-2008,2007,Male,CTAS I - Resuscitation,1,45-64,Middle Adult,4918,199.0,3.3167,0
2007-2008,2007,Male,CTAS I - Resuscitation,1,65+,Older Adult,6358,223.0,3.7167,0
2007-2008,2007,Female,CTAS II - Emergent,2,0-19,Pediatric & Youth,50400,194.0,3.2333,0
2007-2008,2007,Female,CTAS II - Emergent,2,20-44,Young Adult,84018,250.0,4.1667,0
2007-2008,2007,Female,CTAS II - Emergent,2,45-64,Middle Adult,81612,296.0,4.9333,0
2007-2008,2007,Female,CTAS II - Emergent,2,65+,Older Adult,101541,388.0,6.4667,0
2007-2008,2007,Male,CTAS II - Emergent,2,0-19,Pediatric & Youth,67506,182.0,3.0333,0
2007-2008,2007,Male,CTAS II - Emergent,2,20-44,Young Adult,84019,239.0,3.9833,0
2007-2008,2007,Male,CTAS II - Emergent,2,45-64,Middle Adult,96582,300.0,5.0,0
2007-2008,2007,Male,CTAS II - Emergent,2,65+,Older Adult,91651,380.0,6.3333,0
2007-2008,2007,Female,CTAS III - Urgent,3,0-19,Pediatric & Youth,229069,150.0,2.5,0
2007-2008,2007,Female,Less urgent,3,0-19,Pediatric & Youth,296994,100.0,1.6667,0
2007-2008,2007,Female,Non-urgent,3,0-19,Pediatric & Youth,60586,70.0,1.1667,0
2007-2008,2007,Female,Unknown,3,0-19,Pediatric & Youth,675,16.0,0.2667,0
2007-2008,2007,Female,CTAS III - Urgent,3,20-44,Young Adult,388130,199.0,3.3167,0
2007-2008,2007,Female,Less urgent,3,20-44,Young Adult,405415,114.0,1.9,0
2007-2008,2007,Female,Non-urgent,3,20-44,Young Adult,102955,76.0,1.2667,0
2007-2008,2007,Female,Unknown,3,20-44,Young Adult,743,17.0,0.2833,0
2007-2008,2007,Female,CTAS III - Urgent,3,45-64,Middle Adult,239303,217.0,3.6167,0
2007-2008,2007,Female,Less urgent,3,45-64,Middle Adult,248806,115.0,1.9167,0
2007-2008,2007,Female,Non-urgent,3,45-64,Middle Adult,72307,74.0,1.2333,0
2007-2008,2007,Female,Unknown,3,45-64,Middle Adult,321,21.0,0.35,0
2007-2008,2007,Female,CTAS III - Urgent,3,65+,Older Adult,254083,302.0,5.0333,0
2007-2008,2007,Female,Less urgent,3,65+,Older Adult,166881,145.0,2.4167,0
2007-2008,2007,Female,Non-urgent,3,65+,Older Adult,44425,80.0,1.3333,0
2007-2008,2007,Female,Unknown,3,65+,Older Adult,145,34.0,0.5667,0
2007-2008,2007,Male,CTAS III - Urgent,3,0-19,Pediatric & Youth,256060,140.0,2.3333,0
2007-2008,2007,Male,Less urgent,3,0-19,Pediatric & Youth,328043,100.0,1.6667,0
2007-2008,2007,Male,Non-urgent,3,0-19,Pediatric & Youth,62310,70.0,1.1667,0
2007-2008,2007,Male,Unknown,3,0-19,Pediatric & Youth,786,21.0,0.35,0
2007-2008,2007,Male,CTAS III - Urgent,3,20-44,Young Adult,281830,176.0,2.9333,0
2007-2008,2007,Male,Less urgent,3,20-44,Young Adult,385962,112.0,1.8667,0
2007-2008,2007,Male,Non-urgent,3,20-44,Young Adult,102313,79.0,1.3167,0
2007-2008,2007,Male,Unknown,3,20-44,Young Adult,693,15.0,0.25,0
2007-2008,2007,Male,CTAS III - Urgent,3,45-64,Middle Adult,219898,211.0,3.5167,0
2007-2008,2007,Male,Less urgent,3,45-64,Middle Adult,237735,114.0,1.9,0
2007-2008,2007,Male,Non-urgent,3,45-64,Middle Adult,78383,72.0,1.2,0
2007-2008,2007,Male,Unknown,3,45-64,Middle Adult,347,18.0,0.3,0
2007-2008,2007,Male,CTAS III - Urgent,3,65+,Older Adult,198392,286.0,4.7667,0
2007-2008,2007,Male,Less urgent,3,65+,Older Adult,133169,133.0,2.2167,0
2007-2008,2007,Male,Non-urgent,3,65+,Older Adult,45171,73.0,1.2167,0
2007-2008,2007,Male,Unknown,3,65+,Older Adult,160,30.0,0.5,0
2006-2007,2006,Female,CTAS I - Resuscitation,1,0-19,Pediatric & Youth,1554,182.0,3.0333,0
2006-2007,2006,Female,CTAS I - Resuscitation,1,20-44,Young Adult,1767,182.0,3.0333,0
2006-2007,2006,Female,CTAS I - Resuscitation,1,45-64,Middle Adult,2354,175.0,2.9167,0
2006-2007,2006,Female,CTAS I - Resuscitation,1,65+,Older Adult,5019,182.0,3.0333,0
2006-2007,2006,Male,CTAS I - Resuscitation,1,0-19,Pediatric & Youth,2359,165.0,2.75,0
2006-2007,2006,Male,CTAS I - Resuscitation,1,20-44,Young Adult,3410,170.0,2.8333,0
2006-2007,2006,Male,CTAS I - Resuscitation,1,45-64,Middle Adult,4385,155.0,2.5833,0
2006-2007,2006,Male,CTAS I - Resuscitation,1,65+,Older Adult,5710,156.0,2.6,0
2006-2007,2006,Female,CTAS II - Emergent,2,0-19,Pediatric & Youth,43059,181.0,3.0167,0
2006-2007,2006,Female,CTAS II - Emergent,2,20-44,Young Adult,76695,234.0,3.9,0
2006-2007,2006,Female,CTAS II - Emergent,2,45-64,Middle Adult,72671,263.0,4.3833,0
2006-2007,2006,Female,CTAS II - Emergent,2,65+,Older Adult,94999,306.0,5.1,0
2006-2007,2006,Male,CTAS II - Emergent,2,0-19,Pediatric & Youth,58098,171.0,2.85,0
2006-2007,2006,Male,CTAS II - Emergent,2,20-44,Young Adult,77778,222.0,3.7,0
2006-2007,2006,Male,CTAS II - Emergent,2,45-64,Middle Adult,87222,262.0,4.3667,0
2006-2007,2006,Male,CTAS II - Emergent,2,65+,Older Adult,85723,295.0,4.9167,0
2006-2007,2006,Female,CTAS III - Urgent,3,0-19,Pediatric & Youth,221643,147.0,2.45,0
2006-2007,2006,Female,Less urgent,3,0-19,Pediatric & Youth,301253,95.0,1.5833,0
2006-2007,2006,Female,Non-urgent,3,0-19,Pediatric & Youth,68754,68.0,1.1333,0
2006-2007,2006,Female,Unknown,3,0-19,Pediatric & Youth,399,24.0,0.4,0
2006-2007,2006,Female,CTAS III - Urgent,3,20-44,Young Adult,380123,195.0,3.25,0
2006-2007,2006,Female,Less urgent,3,20-44,Young Adult,399710,110.0,1.8333,0
2006-2007,2006,Female,Non-urgent,3,20-44,Young Adult,109642,73.0,1.2167,0
2006-2007,2006,Female,Unknown,3,20-44,Young Adult,602,18.0,0.3,0
2006-2007,2006,Female,CTAS III - Urgent,3,45-64,Middle Adult,226164,210.0,3.5,0
2006-2007,2006,Female,Less urgent,3,45-64,Middle Adult,236388,111.0,1.85,0
2006-2007,2006,Female,Non-urgent,3,45-64,Middle Adult,76420,70.0,1.1667,0
2006-2007,2006,Female,Unknown,3,45-64,Middle Adult,264,26.0,0.4333,0
2006-2007,2006,Female,CTAS III - Urgent,3,65+,Older Adult,248363,270.0,4.5,0
2006-2007,2006,Female,Less urgent,3,65+,Older Adult,163368,140.0,2.3333,0
2006-2007,2006,Female,Non-urgent,3,65+,Older Adult,46777,77.0,1.2833,0
2006-2007,2006,Female,Unknown,3,65+,Older Adult,114,30.0,0.5,0
2006-2007,2006,Male,CTAS III - Urgent,3,0-19,Pediatric & Youth,250552,138.0,2.3,0
2006-2007,2006,Male,Less urgent,3,0-19,Pediatric & Youth,337587,95.0,1.5833,0
2006-2007,2006,Male,Non-urgent,3,0-19,Pediatric & Youth,71914,69.0,1.15,0
2006-2007,2006,Male,Unknown,3,0-19,Pediatric & Youth,418,24.0,0.4,0
2006-2007,2006,Male,CTAS III - Urgent,3,20-44,Young Adult,281732,172.0,2.8667,0
2006-2007,2006,Male,Less urgent,3,20-44,Young Adult,388739,109.0,1.8167,0
2006-2007,2006,Male,Non-urgent,3,20-44,Young Adult,110950,75.0,1.25,0
2006-2007,2006,Male,Unknown,3,20-44,Young Adult,537,25.0,0.4167,0
2006-2007,2006,Male,CTAS III - Urgent,3,45-64,Middle Adult,211050,202.0,3.3667,0
2006-2007,2006,Male,Less urgent,3,45-64,Middle Adult,225991,110.0,1.8333,0
2006-2007,2006,Male,Non-urgent,3,45-64,Middle Adult,79802,70.0,1.1667,0
2006-2007,2006,Male,Unknown,3,45-64,Middle Adult,239,30.0,0.5,0
2006-2007,2006,Male,CTAS III - Urgent,3,65+,Older Adult,193093,257.0,4.2833,0
2006-2007,2006,Male,Less urgent,3,65+,Older Adult,129164,129.0,2.15,0
2006-2007,2006,Male,Non-urgent,3,65+,Older Adult,45229,71.0,1.1833,0
2006-2007,2006,Male,Unknown,3,65+,Older Adult,83,33.0,0.55,0
2005-2006,2005,Female,CTAS I - Resuscitation,1,0-19,Pediatric & Youth,1466,181.0,3.0167,0
2005-2006,2005,Female,CTAS I - Resuscitation,1,20-44,Young Adult,1808,185.0,3.0833,0
2005-2006,2005,Female,CTAS I - Resuscitation,1,45-64,Middle Adult,2133,169.0,2.8167,0
2005-2006,2005,Female,CTAS I - Resuscitation,1,65+,Older Adult,4755,178.0,2.9667,0
2005-2006,2005,Male,CTAS I - Resuscitation,1,0-19,Pediatric & Youth,2356,171.0,2.85,0
2005-2006,2005,Male,CTAS I - Resuscitation,1,20-44,Young Adult,3307,178.0,2.9667,0
2005-2006,2005,Male,CTAS I - Resuscitation,1,45-64,Middle Adult,4044,145.0,2.4167,0
2005-2006,2005,Male,CTAS I - Resuscitation,1,65+,Older Adult,5473,140.0,2.3333,0
2005-2006,2005,Female,CTAS II - Emergent,2,0-19,Pediatric & Youth,42985,183.0,3.05,0
2005-2006,2005,Female,CTAS II - Emergent,2,20-44,Young Adult,72757,229.0,3.8167,0
2005-2006,2005,Female,CTAS II - Emergent,2,45-64,Middle Adult,68133,258.0,4.3,0
2005-2006,2005,Female,CTAS II - Emergent,2,65+,Older Adult,89870,300.0,5.0,0
2005-2006,2005,Male,CTAS II - Emergent,2,0-19,Pediatric & Youth,58752,171.0,2.85,0
2005-2006,2005,Male,CTAS II - Emergent,2,20-44,Young Adult,75748,220.0,3.6667,0
2005-2006,2005,Male,CTAS II - Emergent,2,45-64,Middle Adult,82626,257.0,4.2833,0
2005-2006,2005,Male,CTAS II - Emergent,2,65+,Older Adult,81323,288.0,4.8,0
2005-2006,2005,Female,CTAS III - Urgent,3,0-19,Pediatric & Youth,226465,145.0,2.4167,0
2005-2006,2005,Female,Less urgent,3,0-19,Pediatric & Youth,305430,94.0,1.5667,0
2005-2006,2005,Female,Non-urgent,3,0-19,Pediatric & Youth,76167,66.0,1.1,0
2005-2006,2005,Female,Unknown,3,0-19,Pediatric & Youth,298,34.0,0.5667,0
2005-2006,2005,Female,CTAS III - Urgent,3,20-44,Young Adult,377879,191.0,3.1833,0
2005-2006,2005,Female,Less urgent,3,20-44,Young Adult,393423,108.0,1.8,0
2005-2006,2005,Female,Non-urgent,3,20-44,Young Adult,120938,70.0,1.1667,0
2005-2006,2005,Female,Unknown,3,20-44,Young Adult,418,35.0,0.5833,0
2005-2006,2005,Female,CTAS III - Urgent,3,45-64,Middle Adult,217353,207.0,3.45,0
2005-2006,2005,Female,Less urgent,3,45-64,Middle Adult,224736,109.0,1.8167,0
2005-2006,2005,Female,Non-urgent,3,45-64,Middle Adult,79204,69.0,1.15,0
2005-2006,2005,Female,Unknown,3,45-64,Middle Adult,179,29.0,0.4833,0
2005-2006,2005,Female,CTAS III - Urgent,3,65+,Older Adult,240928,265.0,4.4167,0
2005-2006,2005,Female,Less urgent,3,65+,Older Adult,157133,138.0,2.3,0
2005-2006,2005,Female,Non-urgent,3,65+,Older Adult,49164,75.0,1.25,0
2005-2006,2005,Female,Unknown,3,65+,Older Adult,86,28.0,0.4667,0
2005-2006,2005,Male,CTAS III - Urgent,3,0-19,Pediatric & Youth,257850,136.0,2.2667,0
2005-2006,2005,Male,Less urgent,3,0-19,Pediatric & Youth,344229,95.0,1.5833,0
2005-2006,2005,Male,Non-urgent,3,0-19,Pediatric & Youth,79976,67.0,1.1167,0
2005-2006,2005,Male,Unknown,3,0-19,Pediatric & Youth,311,36.0,0.6,0
2005-2006,2005,Male,CTAS III - Urgent,3,20-44,Young Adult,284721,170.0,2.8333,0
2005-2006,2005,Male,Less urgent,3,20-44,Young Adult,393472,107.0,1.7833,0
2005-2006,2005,Male,Non-urgent,3,20-44,Young Adult,122979,73.0,1.2167,0
2005-2006,2005,Male,Unknown,3,20-44,Young Adult,357,32.0,0.5333,0
2005-2006,2005,Male,CTAS III - Urgent,3,45-64,Middle Adult,204335,200.0,3.3333,0
2005-2006,2005,Male,Less urgent,3,45-64,Middle Adult,217220,109.0,1.8167,0
2005-2006,2005,Male,Non-urgent,3,45-64,Middle Adult,85337,67.0,1.1167,0
2005-2006,2005,Male,Unknown,3,45-64,Middle Adult,208,30.0,0.5,0
2005-2006,2005,Male,CTAS III - Urgent,3,65+,Older Adult,188142,251.0,4.1833,0
2005-2006,2005,Male,Less urgent,3,65+,Older Adult,123025,126.0,2.1,0
2005-2006,2005,Male,Non-urgent,3,65+,Older Adult,47531,68.0,1.1333,0
2005-2006,2005,Male,Unknown,3,65+,Older Adult,84,53.0,0.8833,0
2004-2005,2004,Female,CTAS I - Resuscitation,1,0-19,Pediatric & Youth,1293,161.0,2.6833,0
2004-2005,2004,Female,CTAS I - Resuscitation,1,20-44,Young Adult,1696,188.0,3.1333,0
2004-2005,2004,Female,CTAS I - Resuscitation,1,45-64,Middle Adult,1934,165.0,2.75,0
2004-2005,2004,Female,CTAS I - Resuscitation,1,65+,Older Adult,4468,170.0,2.8333,0
2004-2005,2004,Male,CTAS I - Resuscitation,1,0-19,Pediatric & Youth,1941,160.0,2.6667,0
2004-2005,2004,Male,CTAS I - Resuscitation,1,20-44,Young Adult,3138,174.0,2.9,0
2004-2005,2004,Male,CTAS I - Resuscitation,1,45-64,Middle Adult,3582,140.0,2.3333,0
2004-2005,2004,Male,CTAS I - Resuscitation,1,65+,Older Adult,5138,135.0,2.25,0
2004-2005,2004,Female,CTAS II - Emergent,2,0-19,Pediatric & Youth,36845,175.0,2.9167,0
2004-2005,2004,Female,CTAS II - Emergent,2,20-44,Young Adult,64059,223.0,3.7167,0
2004-2005,2004,Female,CTAS II - Emergent,2,45-64,Middle Adult,60788,254.0,4.2333,0
2004-2005,2004,Female,CTAS II - Emergent,2,65+,Older Adult,83079,294.0,4.9,0
2004-2005,2004,Male,CTAS II - Emergent,2,0-19,Pediatric & Youth,49235,167.0,2.7833,0
2004-2005,2004,Male,CTAS II - Emergent,2,20-44,Young Adult,66689,215.0,3.5833,0
2004-2005,2004,Male,CTAS II - Emergent,2,45-64,Middle Adult,73917,253.0,4.2167,0
2004-2005,2004,Male,CTAS II - Emergent,2,65+,Older Adult,74993,283.0,4.7167,0
2004-2005,2004,Female,CTAS III - Urgent,3,0-19,Pediatric & Youth,206722,144.0,2.4,0
2004-2005,2004,Female,Less urgent,3,0-19,Pediatric & Youth,302592,93.0,1.55,0
2004-2005,2004,Female,Non-urgent,3,0-19,Pediatric & Youth,82458,65.0,1.0833,0
2004-2005,2004,Female,Unknown,3,0-19,Pediatric & Youth,294,32.0,0.5333,0
2004-2005,2004,Female,CTAS III - Urgent,3,20-44,Young Adult,355857,190.0,3.1667,0
2004-2005,2004,Female,Less urgent,3,20-44,Young Adult,393855,106.0,1.7667,0
2004-2005,2004,Female,Non-urgent,3,20-44,Young Adult,130246,69.0,1.15,0
2004-2005,2004,Female,Unknown,3,20-44,Young Adult,419,40.0,0.6667,0
2004-2005,2004,Female,CTAS III - Urgent,3,45-64,Middle Adult,202905,205.0,3.4167,0
2004-2005,2004,Female,Less urgent,3,45-64,Middle Adult,216228,108.0,1.8,0
2004-2005,2004,Female,Non-urgent,3,45-64,Middle Adult,83030,67.0,1.1167,0
2004-2005,2004,Female,Unknown,3,45-64,Middle Adult,166,39.0,0.65,0
2004-2005,2004,Female,CTAS III - Urgent,3,65+,Older Adult,232311,265.0,4.4167,0
2004-2005,2004,Female,Less urgent,3,65+,Older Adult,155521,139.0,2.3167,0
2004-2005,2004,Female,Non-urgent,3,65+,Older Adult,52651,74.0,1.2333,0
2004-2005,2004,Female,Unknown,3,65+,Older Adult,99,48.0,0.8,0
2004-2005,2004,Male,CTAS III - Urgent,3,0-19,Pediatric & Youth,236988,135.0,2.25,0
2004-2005,2004,Male,Less urgent,3,0-19,Pediatric & Youth,343044,93.0,1.55,0
2004-2005,2004,Male,Non-urgent,3,0-19,Pediatric & Youth,87048,65.0,1.0833,0
2004-2005,2004,Male,Unknown,3,0-19,Pediatric & Youth,309,32.0,0.5333,0
2004-2005,2004,Male,CTAS III - Urgent,3,20-44,Young Adult,269249,170.0,2.8333,0
2004-2005,2004,Male,Less urgent,3,20-44,Young Adult,392560,105.0,1.75,0
2004-2005,2004,Male,Non-urgent,3,20-44,Young Adult,130532,71.0,1.1833,0
2004-2005,2004,Male,Unknown,3,20-44,Young Adult,385,36.0,0.6,0
2004-2005,2004,Male,CTAS III - Urgent,3,45-64,Middle Adult,191370,201.0,3.35,0
2004-2005,2004,Male,Less urgent,3,45-64,Middle Adult,208616,107.0,1.7833,0
2004-2005,2004,Male,Non-urgent,3,45-64,Middle Adult,86237,66.0,1.1,0
2004-2005,2004,Male,Unknown,3,45-64,Middle Adult,185,40.0,0.6667,0
2004-2005,2004,Male,CTAS III - Urgent,3,65+,Older Adult,181179,251.0,4.1833,0
2004-2005,2004,Male,Less urgent,3,65+,Older Adult,121569,127.0,2.1167,0
2004-2005,2004,Male,Non-urgent,3,65+,Older Adult,50298,66.0,1.1,0
2004-2005,2004,Male,Unknown,3,65+,Older Adult,87,40.0,0.6667,0
2003-2004,2003,Female,CTAS I - Resuscitation,1,0-19,Pediatric & Youth,1254,161.0,2.6833,0
2003-2004,2003,Female,CTAS I - Resuscitation,1,20-44,Young Adult,1756,186.0,3.1,0
2003-2004,2003,Female,CTAS I - Resuscitation,1,45-64,Middle Adult,1811,167.0,2.7833,0
2003-2004,2003,Female,CTAS I - Resuscitation,1,65+,Older Adult,4153,174.0,2.9,0
2003-2004,2003,Male,CTAS I - Resuscitation,1,0-19,Pediatric & Youth,1910,160.0,2.6667,0
2003-2004,2003,Male,CTAS I - Resuscitation,1,20-44,Young Adult,3075,177.0,2.95,0
2003-2004,2003,Male,CTAS I - Resuscitation,1,45-64,Middle Adult,3544,146.0,2.4333,0
2003-2004,2003,Male,CTAS I - Resuscitation,1,65+,Older Adult,5223,137.0,2.2833,0
2003-2004,2003,Female,CTAS II - Emergent,2,0-19,Pediatric & Youth,28447,179.0,2.9833,0
2003-2004,2003,Female,CTAS II - Emergent,2,20-44,Young Adult,47178,219.0,3.65,0
2003-2004,2003,Female,CTAS II - Emergent,2,45-64,Middle Adult,45219,250.0,4.1667,0
2003-2004,2003,Female,CTAS II - Emergent,2,65+,Older Adult,65563,297.0,4.95,0
2003-2004,2003,Male,CTAS II - Emergent,2,0-19,Pediatric & Youth,38738,170.0,2.8333,0
2003-2004,2003,Male,CTAS II - Emergent,2,20-44,Young Adult,50686,215.0,3.5833,0
2003-2004,2003,Male,CTAS II - Emergent,2,45-64,Middle Adult,56621,250.0,4.1667,0
2003-2004,2003,Male,CTAS II - Emergent,2,65+,Older Adult,60439,288.0,4.8,0
2003-2004,2003,Female,CTAS III - Urgent,3,0-19,Pediatric & Youth,186509,140.0,2.3333,0
2003-2004,2003,Female,Less urgent,3,0-19,Pediatric & Youth,308665,90.0,1.5,0
2003-2004,2003,Female,Non-urgent,3,0-19,Pediatric & Youth,86051,65.0,1.0833,0
2003-2004,2003,Female,Unknown,3,0-19,Pediatric & Youth,228,33.0,0.55,0
2003-2004,2003,Female,CTAS III - Urgent,3,20-44,Young Adult,314607,187.0,3.1167,0
2003-2004,2003,Female,Less urgent,3,20-44,Young Adult,387169,105.0,1.75,0
2003-2004,2003,Female,Non-urgent,3,20-44,Young Adult,131484,68.0,1.1333,0
2003-2004,2003,Female,Unknown,3,20-44,Young Adult,240,38.0,0.6333,0
2003-2004,2003,Female,CTAS III - Urgent,3,45-64,Middle Adult,178709,205.0,3.4167,0
2003-2004,2003,Female,Less urgent,3,45-64,Middle Adult,199499,107.0,1.7833,0
2003-2004,2003,Female,Non-urgent,3,45-64,Middle Adult,77978,67.0,1.1167,0
2003-2004,2003,Female,Unknown,3,45-64,Middle Adult,100,38.0,0.6333,0
2003-2004,2003,Female,CTAS III - Urgent,3,65+,Older Adult,212061,264.0,4.4,0
2003-2004,2003,Female,Less urgent,3,65+,Older Adult,147221,140.0,2.3333,0
2003-2004,2003,Female,Non-urgent,3,65+,Older Adult,49746,75.0,1.25,0
2003-2004,2003,Female,Unknown,3,65+,Older Adult,45,36.0,0.6,0
2003-2004,2003,Male,CTAS III - Urgent,3,0-19,Pediatric & Youth,216494,130.0,2.1667,0
2003-2004,2003,Male,Less urgent,3,0-19,Pediatric & Youth,350889,90.0,1.5,0
2003-2004,2003,Male,Non-urgent,3,0-19,Pediatric & Youth,94000,65.0,1.0833,0
2003-2004,2003,Male,Unknown,3,0-19,Pediatric & Youth,201,35.0,0.5833,0
2003-2004,2003,Male,CTAS III - Urgent,3,20-44,Young Adult,242597,168.0,2.8,0
2003-2004,2003,Male,Less urgent,3,20-44,Young Adult,388879,102.0,1.7,0
2003-2004,2003,Male,Non-urgent,3,20-44,Young Adult,137821,72.0,1.2,0
2003-2004,2003,Male,Unknown,3,20-44,Young Adult,264,31.0,0.5167,0
2003-2004,2003,Male,CTAS III - Urgent,3,45-64,Middle Adult,171087,200.0,3.3333,0
2003-2004,2003,Male,Less urgent,3,45-64,Middle Adult,194578,105.0,1.75,0
2003-2004,2003,Male,Non-urgent,3,45-64,Middle Adult,82423,67.0,1.1167,0
2003-2004,2003,Male,Unknown,3,45-64,Middle Adult,103,44.0,0.7333,0
2003-2004,2003,Male,CTAS III - Urgent,3,65+,Older Adult,168123,252.0,4.2,0
2003-2004,2003,Male,Less urgent,3,65+,Older Adult,114653,129.0,2.15,0
2003-2004,2003,Male,Non-urgent,3,65+,Older Adult,48303,66.0,1.1,0
2003-2004,2003,Male,Unknown,3,65+,Older Adult,50,27.0,0.45,0
