fiscal_year,fiscal_year_start,sex,visit_disposition,admission_flag,admission_status,age_group,population_category,ed_visits,median_los_minutes,median_los_hours,erbi,is_suppressed
2021-2022,2021,Female,Admitted,1,Admitted,0-19,Pediatric & Youth,61448,450.0,7.5,27651600,0
2021-2022,2021,Female,Admitted,1,Admitted,20-44,Young Adult,135970,702.0,11.7,95450940,0
2021-2022,2021,Female,Admitted,1,Admitted,45-64,Middle Adult,154636,792.0,13.2,122471712,0
2021-2022,2021,Female,Admitted,1,Admitted,65+,Older Adult,423379,966.0,16.1,408984114,0
2021-2022,2021,Male,Admitted,1,Admitted,0-19,Pediatric & Youth,61089,420.0,7.0,25657380,0
2021-2022,2021,Male,Admitted,1,Admitted,20-44,Young Adult,135841,720.0,12.0,97805520,0
2021-2022,2021,Male,Admitted,1,Admitted,45-64,Middle Adult,197560,762.0,12.7,150540720,0
2021-2022,2021,Male,Admitted,1,Admitted,65+,Older Adult,403171,906.0,15.1,365272926,0
2021-2022,2021,Female,Death,0,Not Admitted,0-19,Pediatric & Youth,176,36.0,0.6,6336,0
2021-2022,2021,Female,Death,0,Not Admitted,20-44,Young Adult,452,42.0,0.7,18984,0
2021-2022,2021,Female,Death,0,Not Admitted,45-64,Middle Adult,1144,72.0,1.2,82368,0
2021-2022,2021,Female,Death,0,Not Admitted,65+,Older Adult,5141,150.0,2.5,771150,0
2021-2022,2021,Male,Death,0,Not Admitted,0-19,Pediatric & Youth,268,42.0,0.7,11256,0
2021-2022,2021,Male,Death,0,Not Admitted,20-44,Young Adult,1209,36.0,0.6,43524,0
2021-2022,2021,Male,Death,0,Not Admitted,45-64,Middle Adult,2866,54.0,0.9,154764,0
2021-2022,2021,Male,Death,0,Not Admitted,65+,Older Adult,7162,108.0,1.8,773496,0
2021-2022,2021,Female,Discharged,0,Not Admitted,0-19,Pediatric & Youth,1111383,162.0,2.7,180044046,0
2021-2022,2021,Female,Discharged,0,Not Admitted,20-44,Young Adult,2099271,198.0,3.3,415655658,0
2021-2022,2021,Female,Discharged,0,Not Admitted,45-64,Middle Adult,1362105,204.0,3.4,277869420,0
2021-2022,2021,Female,Discharged,0,Not Admitted,65+,Older Adult,1197410,246.0,4.1,294562860,0
2021-2022,2021,Male,Discharged,0,Not Admitted,0-19,Pediatric & Youth,1164643,156.0,2.6,181684308,0
2021-2022,2021,Male,Discharged,0,Not Admitted,20-44,Young Adult,1734357,180.0,3.0,312184260,0
2021-2022,2021,Male,Discharged,0,Not Admitted,45-64,Middle Adult,1304242,198.0,3.3,258239916,0
2021-2022,2021,Male,Discharged,0,Not Admitted,65+,Older Adult,1061589,228.0,3.8,242042292,0
2021-2022,2021,Female,Intra-Facility Transfer,0,Not Admitted,0-19,Pediatric & Youth,3093,186.0,3.1,575298,0
2021-2022,2021,Female,Intra-Facility Transfer,0,Not Admitted,20-44,Young Adult,9761,210.0,3.5,2049810,0
2021-2022,2021,Female,Intra-Facility Transfer,0,Not Admitted,45-64,Middle Adult,4464,228.0,3.8,1017792,0
2021-2022,2021,Female,Intra-Facility Transfer,0,Not Admitted,65+,Older Adult,3733,222.0,3.7,828726,0
2021-2022,2021,Male,Intra-Facility Transfer,0,Not Admitted,0-19,Pediatric & Youth,2982,168.0,2.8,500976,0
2021-2022,2021,Male,Intra-Facility Transfer,0,Not Admitted,20-44,Young Adult,6273,252.0,4.2,1580796,0
2021-2022,2021,Male,Intra-Facility Transfer,0,Not Admitted,45-64,Middle Adult,4991,222.0,3.7,1108002,0
2021-2022,2021,Male,Intra-Facility Transfer,0,Not Admitted,65+,Older Adult,4100,234.0,3.9,959400,0
2021-2022,2021,Female,Left Without Being Seen,0,Not Admitted,0-19,Pediatric & Youth,98886,150.0,2.5,14832900,0
2021-2022,2021,Female,Left Without Being Seen,0,Not Admitted,20-44,Young Adult,213981,180.0,3.0,38516580,0
2021-2022,2021,Female,Left Without Being Seen,0,Not Admitted,45-64,Middle Adult,99494,180.0,3.0,17908920,0
2021-2022,2021,Female,Left Without Being Seen,0,Not Admitted,65+,Older Adult,62794,180.0,3.0,11302920,0
2021-2022,2021,Male,Left Without Being Seen,0,Not Admitted,0-19,Pediatric & Youth,97707,144.0,2.4,14069808,0
2021-2022,2021,Male,Left Without Being Seen,0,Not Admitted,20-44,Young Adult,205103,174.0,2.9,35687922,0
2021-2022,2021,Male,Left Without Being Seen,0,Not Admitted,45-64,Middle Adult,118919,180.0,3.0,21405420,0
2021-2022,2021,Male,Left Without Being Seen,0,Not Admitted,65+,Older Adult,65270,174.0,2.9,11356980,0
2021-2022,2021,Female,Transferred,0,Not Admitted,0-19,Pediatric & Youth,18833,288.0,4.8,5423904,0
2021-2022,2021,Female,Transferred,0,Not Admitted,20-44,Young Adult,39251,330.0,5.5,12952830,0
2021-2022,2021,Female,Transferred,0,Not Admitted,45-64,Middle Adult,31707,360.0,6.0,11414520,0
2021-2022,2021,Female,Transferred,0,Not Admitted,65+,Older Adult,91621,384.0,6.4,35182464,0
2021-2022,2021,Male,Transferred,0,Not Admitted,0-19,Pediatric & Youth,18728,246.0,4.1,4607088,0
2021-2022,2021,Male,Transferred,0,Not Admitted,20-44,Young Adult,45189,312.0,5.2,14098968,0
2021-2022,2021,Male,Transferred,0,Not Admitted,45-64,Middle Adult,44849,318.0,5.3,14261982,0
2021-2022,2021,Male,Transferred,0,Not Admitted,65+,Older Adult,73788,372.0,6.2,27449136,0
2020-2021,2020,Female,Admitted,1,Admitted,0-19,Pediatric & Youth,48794,396.0,6.6,19322424,0
2020-2021,2020,Female,Admitted,1,Admitted,20-44,Young Adult,128370,588.0,9.8,75481560,0
2020-2021,2020,Female,Admitted,1,Admitted,45-64,Middle Adult,146117,648.0,10.8,94683816,0
2020-2021,2020,Female,Admitted,1,Admitted,65+,Older Adult,386091,750.0,12.5,289568250,0
2020-2021,2020,Male,Admitted,1,Admitted,0-19,Pediatric & Youth,47148,366.0,6.1,17256168,0
2020-2021,2020,Male,Admitted,1,Admitted,20-44,Young Adult,129372,600.0,10.0,77623200,0
2020-2021,2020,Male,Admitted,1,Admitted,45-64,Middle Adult,188554,624.0,10.4,117657696,0
2020-2021,2020,Male,Admitted,1,Admitted,65+,Older Adult,370862,702.0,11.7,260345124,0
2020-2021,2020,Female,Death,0,Not Admitted,0-19,Pediatric & Youth,170,36.0,0.6,6120,0
2020-2021,2020,Female,Death,0,Not Admitted,20-44,Young Adult,466,48.0,0.8,22368,0
2020-2021,2020,Female,Death,0,Not Admitted,45-64,Middle Adult,1197,78.0,1.3,93366,0
2020-2021,2020,Female,Death,0,Not Admitted,65+,Older Adult,5136,144.0,2.4,739584,0
2020-2021,2020,Male,Death,0,Not Admitted,0-19,Pediatric & Youth,248,36.0,0.6,8928,0
2020-2021,2020,Male,Death,0,Not Admitted,20-44,Young Adult,1222,36.0,0.6,43992,0
2020-2021,2020,Male,Death,0,Not Admitted,45-64,Middle Adult,2907,48.0,0.8,139536,0
2020-2021,2020,Male,Death,0,Not Admitted,65+,Older Adult,6711,96.0,1.6,644256,0
2020-2021,2020,Female,Discharged,0,Not Admitted,0-19,Pediatric & Youth,772044,132.0,2.2,101909808,0
2020-2021,2020,Female,Discharged,0,Not Admitted,20-44,Young Adult,1828993,168.0,2.8,307270824,0
2020-2021,2020,Female,Discharged,0,Not Admitted,45-64,Middle Adult,1207456,180.0,3.0,217342080,0
2020-2021,2020,Female,Discharged,0,Not Admitted,65+,Older Adult,1024550,222.0,3.7,227450100,0
2020-2021,2020,Male,Discharged,0,Not Admitted,0-19,Pediatric & Youth,774918,126.0,2.1,97639668,0
2020-2021,2020,Male,Discharged,0,Not Admitted,20-44,Young Adult,1537683,150.0,2.5,230652450,0
2020-2021,2020,Male,Discharged,0,Not Admitted,45-64,Middle Adult,1201166,168.0,2.8,201795888,0
2020-2021,2020,Male,Discharged,0,Not Admitted,65+,Older Adult,937745,204.0,3.4,191299980,0
2020-2021,2020,Female,Intra-Facility Transfer,0,Not Admitted,0-19,Pediatric & Youth,2522,162.0,2.7,408564,0
2020-2021,2020,Female,Intra-Facility Transfer,0,Not Admitted,20-44,Young Adult,9187,198.0,3.3,1819026,0
2020-2021,2020,Female,Intra-Facility Transfer,0,Not Admitted,45-64,Middle Adult,4202,204.0,3.4,857208,0
2020-2021,2020,Female,Intra-Facility Transfer,0,Not Admitted,65+,Older Adult,3255,204.0,3.4,664020,0
2020-2021,2020,Male,Intra-Facility Transfer,0,Not Admitted,0-19,Pediatric & Youth,2560,156.0,2.6,399360,0
2020-2021,2020,Male,Intra-Facility Transfer,0,Not Admitted,20-44,Young Adult,6641,210.0,3.5,1394610,0
2020-2021,2020,Male,Intra-Facility Transfer,0,Not Admitted,45-64,Middle Adult,4943,204.0,3.4,1008372,0
2020-2021,2020,Male,Intra-Facility Transfer,0,Not Admitted,65+,Older Adult,3673,210.0,3.5,771330,0
2020-2021,2020,Female,Left Without Being Seen,0,Not Admitted,0-19,Pediatric & Youth,38354,120.0,2.0,4602480,0
2020-2021,2020,Female,Left Without Being Seen,0,Not Admitted,20-44,Young Adult,120738,144.0,2.4,17386272,0
2020-2021,2020,Female,Left Without Being Seen,0,Not Admitted,45-64,Middle Adult,57032,144.0,2.4,8212608,0
2020-2021,2020,Female,Left Without Being Seen,0,Not Admitted,65+,Older Adult,34137,150.0,2.5,5120550,0
2020-2021,2020,Male,Left Without Being Seen,0,Not Admitted,0-19,Pediatric & Youth,36034,114.0,1.9,4107876,0
2020-2021,2020,Male,Left Without Being Seen,0,Not Admitted,20-44,Young Adult,124550,138.0,2.3,17187900,0
2020-2021,2020,Male,Left Without Being Seen,0,Not Admitted,45-64,Middle Adult,75767,144.0,2.4,10910448,0
2020-2021,2020,Male,Left Without Being Seen,0,Not Admitted,65+,Older Adult,38440,144.0,2.4,5535360,0
2020-2021,2020,Female,Transferred,0,Not Admitted,0-19,Pediatric & Youth,13778,258.0,4.3,3554724,0
2020-2021,2020,Female,Transferred,0,Not Admitted,20-44,Young Adult,34661,306.0,5.1,10606266,0
2020-2021,2020,Female,Transferred,0,Not Admitted,45-64,Middle Adult,28183,330.0,5.5,9300390,0
2020-2021,2020,Female,Transferred,0,Not Admitted,65+,Older Adult,76477,354.0,5.9,27072858,0
2020-2021,2020,Male,Transferred,0,Not Admitted,0-19,Pediatric & Youth,13603,216.0,3.6,2938248,0
2020-2021,2020,Male,Transferred,0,Not Admitted,20-44,Young Adult,42349,276.0,4.6,11688324,0
2020-2021,2020,Male,Transferred,0,Not Admitted,45-64,Middle Adult,41139,288.0,4.8,11848032,0
2020-2021,2020,Male,Transferred,0,Not Admitted,65+,Older Adult,62299,342.0,5.7,21306258,0
2019-2020,2019,Female,Admitted,1,Admitted,0-19,Pediatric & Youth,66051,414.0,6.9,27345114,0
2019-2020,2019,Female,Admitted,1,Admitted,20-44,Young Adult,133773,642.0,10.7,85882266,0
2019-2020,2019,Female,Admitted,1,Admitted,45-64,Middle Adult,160044,738.0,12.3,118112472,0
2019-2020,2019,Female,Admitted,1,Admitted,65+,Older Adult,432773,900.0,15.0,389495700,0
2019-2020,2019,Male,Admitted,1,Admitted,0-19,Pediatric & Youth,71300,390.0,6.5,27807000,0
2019-2020,2019,Male,Admitted,1,Admitted,20-44,Young Adult,128671,660.0,11.0,84922860,0
2019-2020,2019,Male,Admitted,1,Admitted,45-64,Middle Adult,197340,708.0,11.8,139716720,0
2019-2020,2019,Male,Admitted,1,Admitted,65+,Older Adult,401907,834.0,13.9,335190438,0
2019-2020,2019,Female,Death,0,Not Admitted,0-19,Pediatric & Youth,166,36.0,0.6,5976,0
2019-2020,2019,Female,Death,0,Not Admitted,20-44,Young Adult,413,36.0,0.6,14868,0
2019-2020,2019,Female,Death,0,Not Admitted,45-64,Middle Adult,1097,60.0,1.0,65820,0
2019-2020,2019,Female,Death,0,Not Admitted,65+,Older Adult,4849,132.0,2.2,640068,0
2019-2020,2019,Male,Death,0,Not Admitted,0-19,Pediatric & Youth,234,36.0,0.6,8424,0
2019-2020,2019,Male,Death,0,Not Admitted,20-44,Young Adult,1057,36.0,0.6,38052,0
2019-2020,2019,Male,Death,0,Not Admitted,45-64,Middle Adult,2694,48.0,0.8,129312,0
2019-2020,2019,Male,Death,0,Not Admitted,65+,Older Adult,6321,84.0,1.4,530964,0
2019-2020,2019,Female,Discharged,0,Not Admitted,0-19,Pediatric & Youth,1291223,150.0,2.5,193683450,0
2019-2020,2019,Female,Discharged,0,Not Admitted,20-44,Young Adult,2191882,186.0,3.1,407690052,0
2019-2020,2019,Female,Discharged,0,Not Admitted,45-64,Middle Adult,1461599,192.0,3.2,280627008,0
2019-2020,2019,Female,Discharged,0,Not Admitted,65+,Older Adult,1260505,240.0,4.0,302521200,0
2019-2020,2019,Male,Discharged,0,Not Admitted,0-19,Pediatric & Youth,1366492,144.0,2.4,196774848,0
2019-2020,2019,Male,Discharged,0,Not Admitted,20-44,Young Adult,1782990,168.0,2.8,299542320,0
2019-2020,2019,Male,Discharged,0,Not Admitted,45-64,Middle Adult,1390032,186.0,3.1,258545952,0
2019-2020,2019,Male,Discharged,0,Not Admitted,65+,Older Adult,1095817,222.0,3.7,243271374,0
2019-2020,2019,Female,Intra-Facility Transfer,0,Not Admitted,0-19,Pediatric & Youth,25544,36.0,0.6,919584,0
2019-2020,2019,Female,Intra-Facility Transfer,0,Not Admitted,20-44,Young Adult,50796,36.0,0.6,1828656,0
2019-2020,2019,Female,Intra-Facility Transfer,0,Not Admitted,45-64,Middle Adult,27452,36.0,0.6,988272,0
2019-2020,2019,Female,Intra-Facility Transfer,0,Not Admitted,65+,Older Adult,19490,48.0,0.8,935520,0
2019-2020,2019,Male,Intra-Facility Transfer,0,Not Admitted,0-19,Pediatric & Youth,25485,36.0,0.6,917460,0
2019-2020,2019,Male,Intra-Facility Transfer,0,Not Admitted,20-44,Young Adult,41222,36.0,0.6,1483992,0
2019-2020,2019,Male,Intra-Facility Transfer,0,Not Admitted,45-64,Middle Adult,27741,36.0,0.6,998676,0
2019-2020,2019,Male,Intra-Facility Transfer,0,Not Admitted,65+,Older Adult,17030,48.0,0.8,817440,0
2019-2020,2019,Female,Left Without Being Seen,0,Not Admitted,0-19,Pediatric & Youth,109094,144.0,2.4,15709536,0
2019-2020,2019,Female,Left Without Being Seen,0,Not Admitted,20-44,Young Adult,209324,168.0,2.8,35166432,0
2019-2020,2019,Female,Left Without Being Seen,0,Not Admitted,45-64,Middle Adult,100900,162.0,2.7,16345800,0
2019-2020,2019,Female,Left Without Being Seen,0,Not Admitted,65+,Older Adult,65208,168.0,2.8,10954944,0
2019-2020,2019,Male,Left Without Being Seen,0,Not Admitted,0-19,Pediatric & Youth,111102,138.0,2.3,15332076,0
2019-2020,2019,Male,Left Without Being Seen,0,Not Admitted,20-44,Young Adult,197719,162.0,2.7,32030478,0
2019-2020,2019,Male,Left Without Being Seen,0,Not Admitted,45-64,Middle Adult,119048,168.0,2.8,20000064,0
2019-2020,2019,Male,Left Without Being Seen,0,Not Admitted,65+,Older Adult,64279,162.0,2.7,10413198,0
2019-2020,2019,Female,Transferred,0,Not Admitted,0-19,Pediatric & Youth,18073,258.0,4.3,4662834,0
2019-2020,2019,Female,Transferred,0,Not Admitted,20-44,Young Adult,37467,294.0,4.9,11015298,0
2019-2020,2019,Female,Transferred,0,Not Admitted,45-64,Middle Adult,31341,318.0,5.3,9966438,0
2019-2020,2019,Female,Transferred,0,Not Admitted,65+,Older Adult,94554,336.0,5.6,31770144,0
2019-2020,2019,Male,Transferred,0,Not Admitted,0-19,Pediatric & Youth,19787,228.0,3.8,4511436,0
2019-2020,2019,Male,Transferred,0,Not Admitted,20-44,Young Adult,44468,270.0,4.5,12006360,0
2019-2020,2019,Male,Transferred,0,Not Admitted,45-64,Middle Adult,44304,282.0,4.7,12493728,0
2019-2020,2019,Male,Transferred,0,Not Admitted,65+,Older Adult,72441,324.0,5.4,23470884,0
2018-2019,2018,Female,Admitted,1,Admitted,0-19,Pediatric & Youth,67928,402.0,6.7,27307056,0
2018-2019,2018,Female,Admitted,1,Admitted,20-44,Young Adult,135711,624.0,10.4,84683664,0
2018-2019,2018,Female,Admitted,1,Admitted,45-64,Middle Adult,163994,726.0,12.1,119059644,0
2018-2019,2018,Female,Admitted,1,Admitted,65+,Older Adult,434587,870.0,14.5,378090690,0
2018-2019,2018,Male,Admitted,1,Admitted,0-19,Pediatric & Youth,72674,378.0,6.3,27470772,0
2018-2019,2018,Male,Admitted,1,Admitted,20-44,Young Adult,129148,636.0,10.6,82138128,0
2018-2019,2018,Male,Admitted,1,Admitted,45-64,Middle Adult,201081,690.0,11.5,138745890,0
2018-2019,2018,Male,Admitted,1,Admitted,65+,Older Adult,397652,810.0,13.5,322098120,0
2018-2019,2018,Female,Death,0,Not Admitted,0-19,Pediatric & Youth,200,36.0,0.6,7200,0
2018-2019,2018,Female,Death,0,Not Admitted,20-44,Young Adult,403,36.0,0.6,14508,0
2018-2019,2018,Female,Death,0,Not Admitted,45-64,Middle Adult,1158,60.0,1.0,69480,0
2018-2019,2018,Female,Death,0,Not Admitted,65+,Older Adult,4749,126.0,2.1,598374,0
2018-2019,2018,Male,Death,0,Not Admitted,0-19,Pediatric & Youth,276,30.0,0.5,8280,0
2018-2019,2018,Male,Death,0,Not Admitted,20-44,Young Adult,1105,30.0,0.5,33150,0
2018-2019,2018,Male,Death,0,Not Admitted,45-64,Middle Adult,2813,42.0,0.7,118146,0
2018-2019,2018,Male,Death,0,Not Admitted,65+,Older Adult,6163,78.0,1.3,480714,0
2018-2019,2018,Female,Discharged,0,Not Admitted,0-19,Pediatric & Youth,1322198,144.0,2.4,190396512,0
2018-2019,2018,Female,Discharged,0,Not Admitted,20-44,Young Adult,2206226,180.0,3.0,397120680,0
2018-2019,2018,Female,Discharged,0,Not Admitted,45-64,Middle Adult,1500252,186.0,3.1,279046872,0
2018-2019,2018,Female,Discharged,0,Not Admitted,65+,Older Adult,1261817,234.0,3.9,295265178,0
2018-2019,2018,Male,Discharged,0,Not Admitted,0-19,Pediatric & Youth,1382791,138.0,2.3,190825158,0
2018-2019,2018,Male,Discharged,0,Not Admitted,20-44,Young Adult,1792331,162.0,2.7,290357622,0
2018-2019,2018,Male,Discharged,0,Not Admitted,45-64,Middle Adult,1419611,180.0,3.0,255529980,0
2018-2019,2018,Male,Discharged,0,Not Admitted,65+,Older Adult,1083472,216.0,3.6,234029952,0
2018-2019,2018,Female,Intra-Facility Transfer,0,Not Admitted,0-19,Pediatric & Youth,22149,42.0,0.7,930258,0
2018-2019,2018,Female,Intra-Facility Transfer,0,Not Admitted,20-44,Young Adult,45499,42.0,0.7,1910958,0
2018-2019,2018,Female,Intra-Facility Transfer,0,Not Admitted,45-64,Middle Adult,25067,42.0,0.7,1052814,0
2018-2019,2018,Female,Intra-Facility Transfer,0,Not Admitted,65+,Older Adult,17309,54.0,0.9,934686,0
2018-2019,2018,Male,Intra-Facility Transfer,0,Not Admitted,0-19,Pediatric & Youth,21764,42.0,0.7,914088,0
2018-2019,2018,Male,Intra-Facility Transfer,0,Not Admitted,20-44,Young Adult,36688,36.0,0.6,1320768,0
2018-2019,2018,Male,Intra-Facility Transfer,0,Not Admitted,45-64,Middle Adult,24906,42.0,0.7,1046052,0
2018-2019,2018,Male,Intra-Facility Transfer,0,Not Admitted,65+,Older Adult,15414,54.0,0.9,832356,0
2018-2019,2018,Female,Left Without Being Seen,0,Not Admitted,0-19,Pediatric & Youth,102876,138.0,2.3,14196888,0
2018-2019,2018,Female,Left Without Being Seen,0,Not Admitted,20-44,Young Adult,197698,162.0,2.7,32027076,0
2018-2019,2018,Female,Left Without Being Seen,0,Not Admitted,45-64,Middle Adult,97703,162.0,2.7,15827886,0
2018-2019,2018,Female,Left Without Being Seen,0,Not Admitted,65+,Older Adult,61198,162.0,2.7,9914076,0
2018-2019,2018,Male,Left Without Being Seen,0,Not Admitted,0-19,Pediatric & Youth,103760,132.0,2.2,13696320,0
2018-2019,2018,Male,Left Without Being Seen,0,Not Admitted,20-44,Young Adult,184207,156.0,2.6,28736292,0
2018-2019,2018,Male,Left Without Being Seen,0,Not Admitted,45-64,Middle Adult,115550,156.0,2.6,18025800,0
2018-2019,2018,Male,Left Without Being Seen,0,Not Admitted,65+,Older Adult,59839,150.0,2.5,8975850,0
2018-2019,2018,Female,Transferred,0,Not Admitted,0-19,Pediatric & Youth,18307,252.0,4.2,4613364,0
2018-2019,2018,Female,Transferred,0,Not Admitted,20-44,Young Adult,37306,288.0,4.8,10744128,0
2018-2019,2018,Female,Transferred,0,Not Admitted,45-64,Middle Adult,30923,318.0,5.3,9833514,0
2018-2019,2018,Female,Transferred,0,Not Admitted,65+,Older Adult,94096,330.0,5.5,31051680,0
2018-2019,2018,Male,Transferred,0,Not Admitted,0-19,Pediatric & Youth,19715,228.0,3.8,4495020,0
2018-2019,2018,Male,Transferred,0,Not Admitted,20-44,Young Adult,43911,264.0,4.4,11592504,0
2018-2019,2018,Male,Transferred,0,Not Admitted,45-64,Middle Adult,45398,276.0,4.6,12529848,0
2018-2019,2018,Male,Transferred,0,Not Admitted,65+,Older Adult,70719,318.0,5.3,22488642,0
2017-2018,2017,Female,Admitted,1,Admitted,0-19,Pediatric & Youth,50181,402.0,6.7,20172762,0
2017-2018,2017,Female,Admitted,1,Admitted,20-44,Young Adult,102664,582.0,9.7,59750448,0
2017-2018,2017,Female,Admitted,1,Admitted,45-64,Middle Adult,119615,660.0,11.0,78945900,0
2017-2018,2017,Female,Admitted,1,Admitted,65+,Older Adult,298101,738.0,12.3,219998538,0
2017-2018,2017,Male,Admitted,1,Admitted,0-19,Pediatric & Youth,53255,378.0,6.3,20130390,0
2017-2018,2017,Male,Admitted,1,Admitted,20-44,Young Adult,97315,594.0,9.9,57805110,0
2017-2018,2017,Male,Admitted,1,Admitted,45-64,Middle Adult,148484,636.0,10.6,94435824,0
2017-2018,2017,Male,Admitted,1,Admitted,65+,Older Adult,275639,708.0,11.8,195152412,0
2017-2018,2017,Female,Death,0,Not Admitted,0-19,Pediatric & Youth,124,42.0,0.7,5208,0
2017-2018,2017,Female,Death,0,Not Admitted,20-44,Young Adult,268,36.0,0.6,9648,0
2017-2018,2017,Female,Death,0,Not Admitted,45-64,Middle Adult,619,60.0,1.0,37140,0
2017-2018,2017,Female,Death,0,Not Admitted,65+,Older Adult,2502,138.0,2.3,345276,0
2017-2018,2017,Male,Death,0,Not Admitted,0-19,Pediatric & Youth,195,36.0,0.6,7020,0
2017-2018,2017,Male,Death,0,Not Admitted,20-44,Young Adult,661,30.0,0.5,19830,0
2017-2018,2017,Male,Death,0,Not Admitted,45-64,Middle Adult,1504,30.0,0.5,45120,0
2017-2018,2017,Male,Death,0,Not Admitted,65+,Older Adult,3345,84.0,1.4,280980,0
2017-2018,2017,Female,Discharged,0,Not Admitted,0-19,Pediatric & Youth,1090851,132.0,2.2,143992332,0
2017-2018,2017,Female,Discharged,0,Not Admitted,20-44,Young Adult,1765199,162.0,2.7,285962238,0
2017-2018,2017,Female,Discharged,0,Not Admitted,45-64,Middle Adult,1181522,168.0,2.8,198495696,0
2017-2018,2017,Female,Discharged,0,Not Admitted,65+,Older Adult,980491,204.0,3.4,200020164,0
2017-2018,2017,Male,Discharged,0,Not Admitted,0-19,Pediatric & Youth,1164345,126.0,2.1,146707470,0
2017-2018,2017,Male,Discharged,0,Not Admitted,20-44,Young Adult,1440025,144.0,2.4,207363600,0
2017-2018,2017,Male,Discharged,0,Not Admitted,45-64,Middle Adult,1119438,162.0,2.7,181348956,0
2017-2018,2017,Male,Discharged,0,Not Admitted,65+,Older Adult,831153,192.0,3.2,159581376,0
2017-2018,2017,Female,Intra-Facility Transfer,0,Not Admitted,0-19,Pediatric & Youth,3784,180.0,3.0,681120,0
2017-2018,2017,Female,Intra-Facility Transfer,0,Not Admitted,20-44,Young Adult,9449,198.0,3.3,1870902,0
2017-2018,2017,Female,Intra-Facility Transfer,0,Not Admitted,45-64,Middle Adult,4405,216.0,3.6,951480,0
2017-2018,2017,Female,Intra-Facility Transfer,0,Not Admitted,65+,Older Adult,3394,222.0,3.7,753468,0
2017-2018,2017,Male,Intra-Facility Transfer,0,Not Admitted,0-19,Pediatric & Youth,3936,168.0,2.8,661248,0
2017-2018,2017,Male,Intra-Facility Transfer,0,Not Admitted,20-44,Young Adult,6328,228.0,3.8,1442784,0
2017-2018,2017,Male,Intra-Facility Transfer,0,Not Admitted,45-64,Middle Adult,4847,210.0,3.5,1017870,0
2017-2018,2017,Male,Intra-Facility Transfer,0,Not Admitted,65+,Older Adult,3596,222.0,3.7,798312,0
2017-2018,2017,Female,Left Without Being Seen,0,Not Admitted,0-19,Pediatric & Youth,57219,120.0,2.0,6866280,0
2017-2018,2017,Female,Left Without Being Seen,0,Not Admitted,20-44,Young Adult,119158,138.0,2.3,16443804,0
2017-2018,2017,Female,Left Without Being Seen,0,Not Admitted,45-64,Middle Adult,53871,138.0,2.3,7434198,0
2017-2018,2017,Female,Left Without Being Seen,0,Not Admitted,65+,Older Adult,28175,144.0,2.4,4057200,0
2017-2018,2017,Male,Left Without Being Seen,0,Not Admitted,0-19,Pediatric & Youth,57657,114.0,1.9,6572898,0
2017-2018,2017,Male,Left Without Being Seen,0,Not Admitted,20-44,Young Adult,113812,132.0,2.2,15023184,0
2017-2018,2017,Male,Left Without Being Seen,0,Not Admitted,45-64,Middle Adult,66890,138.0,2.3,9230820,0
2017-2018,2017,Male,Left Without Being Seen,0,Not Admitted,65+,Older Adult,28173,138.0,2.3,3887874,0
2017-2018,2017,Female,Transferred,0,Not Admitted,0-19,Pediatric & Youth,11773,240.0,4.0,2825520,0
2017-2018,2017,Female,Transferred,0,Not Admitted,20-44,Young Adult,19435,252.0,4.2,4897620,0
2017-2018,2017,Female,Transferred,0,Not Admitted,45-64,Middle Adult,15769,276.0,4.6,4352244,0
2017-2018,2017,Female,Transferred,0,Not Admitted,65+,Older Adult,22557,300.0,5.0,6767100,0
2017-2018,2017,Male,Transferred,0,Not Admitted,0-19,Pediatric & Youth,13301,216.0,3.6,2873016,0
2017-2018,2017,Male,Transferred,0,Not Admitted,20-44,Young Adult,18524,258.0,4.3,4779192,0
2017-2018,2017,Male,Transferred,0,Not Admitted,45-64,Middle Adult,22007,240.0,4.0,5281680,0
2017-2018,2017,Male,Transferred,0,Not Admitted,65+,Older Adult,24021,276.0,4.6,6629796,0
2016-2017,2016,Female,Admitted,1,Admitted,0-19,Pediatric & Youth,49399,390.0,6.5,19265610,0
2016-2017,2016,Female,Admitted,1,Admitted,20-44,Young Adult,99704,564.0,9.4,56233056,0
2016-2017,2016,Female,Admitted,1,Admitted,45-64,Middle Adult,119083,648.0,10.8,77165784,0
2016-2017,2016,Female,Admitted,1,Admitted,65+,Older Adult,291311,726.0,12.1,211491786,0
2016-2017,2016,Male,Admitted,1,Admitted,0-19,Pediatric & Youth,52003,366.0,6.1,19033098,0
2016-2017,2016,Male,Admitted,1,Admitted,20-44,Young Adult,93615,570.0,9.5,53360550,0
2016-2017,2016,Male,Admitted,1,Admitted,45-64,Middle Adult,145181,624.0,10.4,90592944,0
2016-2017,2016,Male,Admitted,1,Admitted,65+,Older Adult,267147,702.0,11.7,187537194,0
2016-2017,2016,Female,Death,0,Not Admitted,0-19,Pediatric & Youth,141,30.0,0.5,4230,0
2016-2017,2016,Female,Death,0,Not Admitted,20-44,Young Adult,255,51.0,0.85,13005,0
2016-2017,2016,Female,Death,0,Not Admitted,45-64,Middle Adult,606,72.0,1.2,43632,0
2016-2017,2016,Female,Death,0,Not Admitted,65+,Older Adult,2401,126.0,2.1,302526,0
2016-2017,2016,Male,Death,0,Not Admitted,0-19,Pediatric & Youth,173,36.0,0.6,6228,0
2016-2017,2016,Male,Death,0,Not Admitted,20-44,Young Adult,599,30.0,0.5,17970,0
2016-2017,2016,Male,Death,0,Not Admitted,45-64,Middle Adult,1446,30.0,0.5,43380,0
2016-2017,2016,Male,Death,0,Not Admitted,65+,Older Adult,3104,78.0,1.3,242112,0
2016-2017,2016,Female,Discharged,0,Not Admitted,0-19,Pediatric & Youth,1072555,126.0,2.1,135141930,0
2016-2017,2016,Female,Discharged,0,Not Admitted,20-44,Young Adult,1740393,156.0,2.6,271501308,0
2016-2017,2016,Female,Discharged,0,Not Admitted,45-64,Middle Adult,1165812,162.0,2.7,188861544,0
2016-2017,2016,Female,Discharged,0,Not Admitted,65+,Older Adult,947804,198.0,3.3,187665192,0
2016-2017,2016,Male,Discharged,0,Not Admitted,0-19,Pediatric & Youth,1135199,120.0,2.0,136223880,0
2016-2017,2016,Male,Discharged,0,Not Admitted,20-44,Young Adult,1425017,138.0,2.3,196652346,0
2016-2017,2016,Male,Discharged,0,Not Admitted,45-64,Middle Adult,1102297,156.0,2.6,171958332,0
2016-2017,2016,Male,Discharged,0,Not Admitted,65+,Older Adult,804186,186.0,3.1,149578596,0
2016-2017,2016,Female,Intra-Facility Transfer,0,Not Admitted,0-19,Pediatric & Youth,3517,186.0,3.1,654162,0
2016-2017,2016,Female,Intra-Facility Transfer,0,Not Admitted,20-44,Young Adult,9093,204.0,3.4,1854972,0
2016-2017,2016,Female,Intra-Facility Transfer,0,Not Admitted,45-64,Middle Adult,4132,210.0,3.5,867720,0
2016-2017,2016,Female,Intra-Facility Transfer,0,Not Admitted,65+,Older Adult,3258,222.0,3.7,723276,0
2016-2017,2016,Male,Intra-Facility Transfer,0,Not Admitted,0-19,Pediatric & Youth,3719,180.0,3.0,669420,0
2016-2017,2016,Male,Intra-Facility Transfer,0,Not Admitted,20-44,Young Adult,5807,228.0,3.8,1323996,0
2016-2017,2016,Male,Intra-Facility Transfer,0,Not Admitted,45-64,Middle Adult,4907,210.0,3.5,1030470,0
2016-2017,2016,Male,Intra-Facility Transfer,0,Not Admitted,65+,Older Adult,3612,228.0,3.8,823536,0
2016-2017,2016,Female,Left Without Being Seen,0,Not Admitted,0-19,Pediatric & Youth,51567,120.0,2.0,6188040,0
2016-2017,2016,Female,Left Without Being Seen,0,Not Admitted,20-44,Young Adult,108420,132.0,2.2,14311440,0
2016-2017,2016,Female,Left Without Being Seen,0,Not Admitted,45-64,Middle Adult,49599,138.0,2.3,6844662,0
2016-2017,2016,Female,Left Without Being Seen,0,Not Admitted,65+,Older Adult,24956,138.0,2.3,3443928,0
2016-2017,2016,Male,Left Without Being Seen,0,Not Admitted,0-19,Pediatric & Youth,51456,108.0,1.8,5557248,0
2016-2017,2016,Male,Left Without Being Seen,0,Not Admitted,20-44,Young Adult,102113,132.0,2.2,13478916,0
2016-2017,2016,Male,Left Without Being Seen,0,Not Admitted,45-64,Middle Adult,60006,138.0,2.3,8280828,0
2016-2017,2016,Male,Left Without Being Seen,0,Not Admitted,65+,Older Adult,25378,138.0,2.3,3502164,0
2016-2017,2016,Female,Transferred,0,Not Admitted,0-19,Pediatric & Youth,11232,234.0,3.9,2628288,0
2016-2017,2016,Female,Transferred,0,Not Admitted,20-44,Young Adult,18503,246.0,4.1,4551738,0
2016-2017,2016,Female,Transferred,0,Not Admitted,45-64,Middle Adult,15506,264.0,4.4,4093584,0
2016-2017,2016,Female,Transferred,0,Not Admitted,65+,Older Adult,21543,288.0,4.8,6204384,0
2016-2017,2016,Male,Transferred,0,Not Admitted,0-19,Pediatric & Youth,12491,210.0,3.5,2623110,0
2016-2017,2016,Male,Transferred,0,Not Admitted,20-44,Young Adult,17738,240.0,4.0,4257120,0
2016-2017,2016,Male,Transferred,0,Not Admitted,45-64,Middle Adult,21448,234.0,3.9,5018832,0
2016-2017,2016,Male,Transferred,0,Not Admitted,65+,Older Adult,22892,264.0,4.4,6043488,0
2015-2016,2015,Female,Admitted,1,Admitted,0-19,Pediatric & Youth,48696,390.0,6.5,18991440,0
2015-2016,2015,Female,Admitted,1,Admitted,20-44,Young Adult,100214,534.0,8.9,53514276,0
2015-2016,2015,Female,Admitted,1,Admitted,45-64,Middle Adult,120105,612.0,10.2,73504260,0
2015-2016,2015,Female,Admitted,1,Admitted,65+,Older Adult,286196,678.0,11.3,194040888,0
2015-2016,2015,Male,Admitted,1,Admitted,0-19,Pediatric & Youth,51764,366.0,6.1,18945624,0
2015-2016,2015,Male,Admitted,1,Admitted,20-44,Young Adult,92676,546.0,9.1,50601096,0
2015-2016,2015,Male,Admitted,1,Admitted,45-64,Middle Adult,145286,588.0,9.8,85428168,0
2015-2016,2015,Male,Admitted,1,Admitted,65+,Older Adult,258232,654.0,10.9,168883728,0
2015-2016,2015,Female,Death,0,Not Admitted,0-19,Pediatric & Youth,114,42.0,0.7,4788,0
2015-2016,2015,Female,Death,0,Not Admitted,20-44,Young Adult,249,42.0,0.7,10458,0
2015-2016,2015,Female,Death,0,Not Admitted,45-64,Middle Adult,595,66.0,1.1,39270,0
2015-2016,2015,Female,Death,0,Not Admitted,65+,Older Adult,2106,114.0,1.9,240084,0
2015-2016,2015,Male,Death,0,Not Admitted,0-19,Pediatric & Youth,196,42.0,0.7,8232,0
2015-2016,2015,Male,Death,0,Not Admitted,20-44,Young Adult,548,30.0,0.5,16440,0
2015-2016,2015,Male,Death,0,Not Admitted,45-64,Middle Adult,1505,36.0,0.6,54180,0
2015-2016,2015,Male,Death,0,Not Admitted,65+,Older Adult,2928,78.0,1.3,228384,0
2015-2016,2015,Female,Discharged,0,Not Admitted,0-19,Pediatric & Youth,1086176,120.0,2.0,130341120,0
2015-2016,2015,Female,Discharged,0,Not Admitted,20-44,Young Adult,1752606,150.0,2.5,262890900,0
2015-2016,2015,Female,Discharged,0,Not Admitted,45-64,Middle Adult,1152791,156.0,2.6,179835396,0
2015-2016,2015,Female,Discharged,0,Not Admitted,65+,Older Adult,912836,198.0,3.3,180741528,0
2015-2016,2015,Male,Discharged,0,Not Admitted,0-19,Pediatric & Youth,1152185,114.0,1.9,131349090,0
2015-2016,2015,Male,Discharged,0,Not Admitted,20-44,Young Adult,1427341,138.0,2.3,196973058,0
2015-2016,2015,Male,Discharged,0,Not Admitted,45-64,Middle Adult,1091368,150.0,2.5,163705200,0
2015-2016,2015,Male,Discharged,0,Not Admitted,65+,Older Adult,767813,180.0,3.0,138206340,0
2015-2016,2015,Female,Intra-Facility Transfer,0,Not Admitted,0-19,Pediatric & Youth,3561,192.0,3.2,683712,0
2015-2016,2015,Female,Intra-Facility Transfer,0,Not Admitted,20-44,Young Adult,9128,204.0,3.4,1862112,0
2015-2016,2015,Female,Intra-Facility Transfer,0,Not Admitted,45-64,Middle Adult,4219,204.0,3.4,860676,0
2015-2016,2015,Female,Intra-Facility Transfer,0,Not Admitted,65+,Older Adult,3191,216.0,3.6,689256,0
2015-2016,2015,Male,Intra-Facility Transfer,0,Not Admitted,0-19,Pediatric & Youth,3812,174.0,2.9,663288,0
2015-2016,2015,Male,Intra-Facility Transfer,0,Not Admitted,20-44,Young Adult,5757,228.0,3.8,1312596,0
2015-2016,2015,Male,Intra-Facility Transfer,0,Not Admitted,45-64,Middle Adult,4641,204.0,3.4,946764,0
2015-2016,2015,Male,Intra-Facility Transfer,0,Not Admitted,65+,Older Adult,3421,222.0,3.7,759462,0
2015-2016,2015,Female,Left Without Being Seen,0,Not Admitted,0-19,Pediatric & Youth,52161,114.0,1.9,5946354,0
2015-2016,2015,Female,Left Without Being Seen,0,Not Admitted,20-44,Young Adult,103396,132.0,2.2,13648272,0
2015-2016,2015,Female,Left Without Being Seen,0,Not Admitted,45-64,Middle Adult,47482,132.0,2.2,6267624,0
2015-2016,2015,Female,Left Without Being Seen,0,Not Admitted,65+,Older Adult,23283,138.0,2.3,3213054,0
2015-2016,2015,Male,Left Without Being Seen,0,Not Admitted,0-19,Pediatric & Youth,52511,108.0,1.8,5671188,0
2015-2016,2015,Male,Left Without Being Seen,0,Not Admitted,20-44,Young Adult,95629,126.0,2.1,12049254,0
2015-2016,2015,Male,Left Without Being Seen,0,Not Admitted,45-64,Middle Adult,55523,132.0,2.2,7329036,0
2015-2016,2015,Male,Left Without Being Seen,0,Not Admitted,65+,Older Adult,22859,138.0,2.3,3154542,0
2015-2016,2015,Female,Transferred,0,Not Admitted,0-19,Pediatric & Youth,10935,222.0,3.7,2427570,0
2015-2016,2015,Female,Transferred,0,Not Admitted,20-44,Young Adult,18043,246.0,4.1,4438578,0
2015-2016,2015,Female,Transferred,0,Not Admitted,45-64,Middle Adult,14914,264.0,4.4,3937296,0
2015-2016,2015,Female,Transferred,0,Not Admitted,65+,Older Adult,20692,288.0,4.8,5959296,0
2015-2016,2015,Male,Transferred,0,Not Admitted,0-19,Pediatric & Youth,12274,204.0,3.4,2503896,0
2015-2016,2015,Male,Transferred,0,Not Admitted,20-44,Young Adult,17813,240.0,4.0,4275120,0
2015-2016,2015,Male,Transferred,0,Not Admitted,45-64,Middle Adult,21303,234.0,3.9,4984902,0
2015-2016,2015,Male,Transferred,0,Not Admitted,65+,Older Adult,21097,264.0,4.4,5569608,0
2014-2015,2014,Female,Admitted,1,Admitted,0-19,Pediatric & Youth,48543,384.0,6.4,18640512,0
2014-2015,2014,Female,Admitted,1,Admitted,20-44,Young Adult,98154,522.0,8.7,51236388,0
2014-2015,2014,Female,Admitted,1,Admitted,45-64,Middle Adult,116477,618.0,10.3,71982786,0
2014-2015,2014,Female,Admitted,1,Admitted,65+,Older Adult,285132,708.0,11.8,201873456,0
2014-2015,2014,Male,Admitted,1,Admitted,0-19,Pediatric & Youth,52125,360.0,6.0,18765000,0
2014-2015,2014,Male,Admitted,1,Admitted,20-44,Young Adult,89178,540.0,9.0,48156120,0
2014-2015,2014,Male,Admitted,1,Admitted,45-64,Middle Adult,141006,594.0,9.9,83757564,0
2014-2015,2014,Male,Admitted,1,Admitted,65+,Older Adult,253381,678.0,11.3,171792318,0
2014-2015,2014,Female,Death,0,Not Admitted,0-19,Pediatric & Youth,124,54.0,0.9,6696,0
2014-2015,2014,Female,Death,0,Not Admitted,20-44,Young Adult,236,36.0,0.6,8496,0
2014-2015,2014,Female,Death,0,Not Admitted,45-64,Middle Adult,570,54.0,0.9,30780,0
2014-2015,2014,Female,Death,0,Not Admitted,65+,Older Adult,2229,126.0,2.1,280854,0
2014-2015,2014,Male,Death,0,Not Admitted,0-19,Pediatric & Youth,191,36.0,0.6,6876,0
2014-2015,2014,Male,Death,0,Not Admitted,20-44,Young Adult,497,30.0,0.5,14910,0
2014-2015,2014,Male,Death,0,Not Admitted,45-64,Middle Adult,1417,36.0,0.6,51012,0
2014-2015,2014,Male,Death,0,Not Admitted,65+,Older Adult,3002,66.0,1.1,198132,0
2014-2015,2014,Female,Discharged,0,Not Admitted,0-19,Pediatric & Youth,1079692,120.0,2.0,129563040,0
2014-2015,2014,Female,Discharged,0,Not Admitted,20-44,Young Adult,1722811,150.0,2.5,258421650,0
2014-2015,2014,Female,Discharged,0,Not Admitted,45-64,Middle Adult,1118157,156.0,2.6,174432492,0
2014-2015,2014,Female,Discharged,0,Not Admitted,65+,Older Adult,878511,198.0,3.3,173945178,0
2014-2015,2014,Male,Discharged,0,Not Admitted,0-19,Pediatric & Youth,1147766,114.0,1.9,130845324,0
2014-2015,2014,Male,Discharged,0,Not Admitted,20-44,Young Adult,1414193,132.0,2.2,186673476,0
2014-2015,2014,Male,Discharged,0,Not Admitted,45-64,Middle Adult,1063300,150.0,2.5,159495000,0
2014-2015,2014,Male,Discharged,0,Not Admitted,65+,Older Adult,729245,180.0,3.0,131264100,0
2014-2015,2014,Female,Intra-Facility Transfer,0,Not Admitted,0-19,Pediatric & Youth,3448,192.0,3.2,662016,0
2014-2015,2014,Female,Intra-Facility Transfer,0,Not Admitted,20-44,Young Adult,8296,204.0,3.4,1692384,0
2014-2015,2014,Female,Intra-Facility Transfer,0,Not Admitted,45-64,Middle Adult,3819,210.0,3.5,801990,0
2014-2015,2014,Female,Intra-Facility Transfer,0,Not Admitted,65+,Older Adult,2783,216.0,3.6,601128,0
2014-2015,2014,Male,Intra-Facility Transfer,0,Not Admitted,0-19,Pediatric & Youth,3691,180.0,3.0,664380,0
2014-2015,2014,Male,Intra-Facility Transfer,0,Not Admitted,20-44,Young Adult,5234,222.0,3.7,1161948,0
2014-2015,2014,Male,Intra-Facility Transfer,0,Not Admitted,45-64,Middle Adult,4278,210.0,3.5,898380,0
2014-2015,2014,Male,Intra-Facility Transfer,0,Not Admitted,65+,Older Adult,3152,216.0,3.6,680832,0
2014-2015,2014,Female,Left Without Being Seen,0,Not Admitted,0-19,Pediatric & Youth,53093,114.0,1.9,6052602,0
2014-2015,2014,Female,Left Without Being Seen,0,Not Admitted,20-44,Young Adult,102917,132.0,2.2,13585044,0
2014-2015,2014,Female,Left Without Being Seen,0,Not Admitted,45-64,Middle Adult,46203,138.0,2.3,6376014,0
2014-2015,2014,Female,Left Without Being Seen,0,Not Admitted,65+,Older Adult,22614,138.0,2.3,3120732,0
2014-2015,2014,Male,Left Without Being Seen,0,Not Admitted,0-19,Pediatric & Youth,52943,108.0,1.8,5717844,0
2014-2015,2014,Male,Left Without Being Seen,0,Not Admitted,20-44,Young Adult,93765,126.0,2.1,11814390,0
2014-2015,2014,Male,Left Without Being Seen,0,Not Admitted,45-64,Middle Adult,53532,138.0,2.3,7387416,0
2014-2015,2014,Male,Left Without Being Seen,0,Not Admitted,65+,Older Adult,21933,138.0,2.3,3026754,0
2014-2015,2014,Female,Transferred,0,Not Admitted,0-19,Pediatric & Youth,10609,228.0,3.8,2418852,0
2014-2015,2014,Female,Transferred,0,Not Admitted,20-44,Young Adult,16707,246.0,4.1,4109922,0
2014-2015,2014,Female,Transferred,0,Not Admitted,45-64,Middle Adult,14066,264.0,4.4,3713424,0
2014-2015,2014,Female,Transferred,0,Not Admitted,65+,Older Adult,19443,288.0,4.8,5599584,0
2014-2015,2014,Male,Transferred,0,Not Admitted,0-19,Pediatric & Youth,11896,210.0,3.5,2498160,0
2014-2015,2014,Male,Transferred,0,Not Admitted,20-44,Young Adult,16659,243.0,4.05,4048137,0
2014-2015,2014,Male,Transferred,0,Not Admitted,45-64,Middle Adult,20336,240.0,4.0,4880640,0
2014-2015,2014,Male,Transferred,0,Not Admitted,65+,Older Adult,19684,270.0,4.5,5314680,0
2013-2014,2013,Female,Admitted,1,Admitted,0-19,Pediatric & Youth,46543,378.0,6.3,17593254,0
2013-2014,2013,Female,Admitted,1,Admitted,20-44,Young Adult,97673,498.0,8.3,48641154,0
2013-2014,2013,Female,Admitted,1,Admitted,45-64,Middle Adult,115334,582.0,9.7,67124388,0
2013-2014,2013,Female,Admitted,1,Admitted,65+,Older Adult,267376,648.0,10.8,173259648,0
2013-2014,2013,Male,Admitted,1,Admitted,0-19,Pediatric & Youth,49934,354.0,5.9,17676636,0
2013-2014,2013,Male,Admitted,1,Admitted,20-44,Young Adult,86503,504.0,8.4,43597512,0
2013-2014,2013,Male,Admitted,1,Admitted,45-64,Middle Adult,139594,558.0,9.3,77893452,0
2013-2014,2013,Male,Admitted,1,Admitted,65+,Older Adult,238224,618.0,10.3,147222432,0
2013-2014,2013,Female,Death,0,Not Admitted,0-19,Pediatric & Youth,144,57.0,0.95,8208,0
2013-2014,2013,Female,Death,0,Not Admitted,20-44,Young Adult,189,45.0,0.75,8505,0
2013-2014,2013,Female,Death,0,Not Admitted,45-64,Middle Adult,551,54.0,0.9,29754,0
2013-2014,2013,Female,Death,0,Not Admitted,65+,Older Adult,2156,114.0,1.9,245784,0
2013-2014,2013,Male,Death,0,Not Admitted,0-19,Pediatric & Youth,185,48.0,0.8,8880,0
2013-2014,2013,Male,Death,0,Not Admitted,20-44,Young Adult,513,30.0,0.5,15390,0
2013-2014,2013,Male,Death,0,Not Admitted,45-64,Middle Adult,1390,36.0,0.6,50040,0
2013-2014,2013,Male,Death,0,Not Admitted,65+,Older Adult,2775,72.0,1.2,199800,0
2013-2014,2013,Female,Discharged,0,Not Admitted,0-19,Pediatric & Youth,1027729,114.0,1.9,117161106,0
2013-2014,2013,Female,Discharged,0,Not Admitted,20-44,Young Adult,1673977,144.0,2.4,241052688,0
2013-2014,2013,Female,Discharged,0,Not Admitted,45-64,Middle Adult,1075895,150.0,2.5,161384250,0
2013-2014,2013,Female,Discharged,0,Not Admitted,65+,Older Adult,810016,186.0,3.1,150662976,0
2013-2014,2013,Male,Discharged,0,Not Admitted,0-19,Pediatric & Youth,1098880,108.0,1.8,118679040,0
2013-2014,2013,Male,Discharged,0,Not Admitted,20-44,Young Adult,1372351,126.0,2.1,172916226,0
2013-2014,2013,Male,Discharged,0,Not Admitted,45-64,Middle Adult,1027695,144.0,2.4,147988080,0
2013-2014,2013,Male,Discharged,0,Not Admitted,65+,Older Adult,673703,174.0,2.9,117224322,0
2013-2014,2013,Female,Intra-Facility Transfer,0,Not Admitted,0-19,Pediatric & Youth,3370,186.0,3.1,626820,0
2013-2014,2013,Female,Intra-Facility Transfer,0,Not Admitted,20-44,Young Adult,7944,216.0,3.6,1715904,0
2013-2014,2013,Female,Intra-Facility Transfer,0,Not Admitted,45-64,Middle Adult,3825,216.0,3.6,826200,0
2013-2014,2013,Female,Intra-Facility Transfer,0,Not Admitted,65+,Older Adult,2702,228.0,3.8,616056,0
2013-2014,2013,Male,Intra-Facility Transfer,0,Not Admitted,0-19,Pediatric & Youth,3597,180.0,3.0,647460,0
2013-2014,2013,Male,Intra-Facility Transfer,0,Not Admitted,20-44,Young Adult,5238,210.0,3.5,1099980,0
2013-2014,2013,Male,Intra-Facility Transfer,0,Not Admitted,45-64,Middle Adult,4383,204.0,3.4,894132,0
2013-2014,2013,Male,Intra-Facility Transfer,0,Not Admitted,65+,Older Adult,2898,222.0,3.7,643356,0
2013-2014,2013,Female,Left Without Being Seen,0,Not Admitted,0-19,Pediatric & Youth,45601,114.0,1.9,5198514,0
2013-2014,2013,Female,Left Without Being Seen,0,Not Admitted,20-44,Young Adult,92476,132.0,2.2,12206832,0
2013-2014,2013,Female,Left Without Being Seen,0,Not Admitted,45-64,Middle Adult,41569,138.0,2.3,5736522,0
2013-2014,2013,Female,Left Without Being Seen,0,Not Admitted,65+,Older Adult,19932,144.0,2.4,2870208,0
2013-2014,2013,Male,Left Without Being Seen,0,Not Admitted,0-19,Pediatric & Youth,45476,108.0,1.8,4911408,0
2013-2014,2013,Male,Left Without Being Seen,0,Not Admitted,20-44,Young Adult,83854,126.0,2.1,10565604,0
2013-2014,2013,Male,Left Without Being Seen,0,Not Admitted,45-64,Middle Adult,48819,138.0,2.3,6737022,0
2013-2014,2013,Male,Left Without Being Seen,0,Not Admitted,65+,Older Adult,19250,138.0,2.3,2656500,0
2013-2014,2013,Female,Transferred,0,Not Admitted,0-19,Pediatric & Youth,9790,222.0,3.7,2173380,0
2013-2014,2013,Female,Transferred,0,Not Admitted,20-44,Young Adult,16080,234.0,3.9,3762720,0
2013-2014,2013,Female,Transferred,0,Not Admitted,45-64,Middle Adult,13656,264.0,4.4,3605184,0
2013-2014,2013,Female,Transferred,0,Not Admitted,65+,Older Adult,17839,288.0,4.8,5137632,0
2013-2014,2013,Male,Transferred,0,Not Admitted,0-19,Pediatric & Youth,11164,198.0,3.3,2210472,0
2013-2014,2013,Male,Transferred,0,Not Admitted,20-44,Young Adult,15709,228.0,3.8,3581652,0
2013-2014,2013,Male,Transferred,0,Not Admitted,45-64,Middle Adult,19244,228.0,3.8,4387632,0
2013-2014,2013,Male,Transferred,0,Not Admitted,65+,Older Adult,18379,258.0,4.3,4741782,0
2012-2013,2012,Female,Admitted,1,Admitted,0-19,Pediatric & Youth,45616,361.0,6.0167,16467376,0
2012-2013,2012,Female,Admitted,1,Admitted,20-44,Young Adult,93463,461.0,7.6833,43086443,0
2012-2013,2012,Female,Admitted,1,Admitted,45-64,Middle Adult,108334,549.0,9.15,59475366,0
2012-2013,2012,Female,Admitted,1,Admitted,65+,Older Adult,251165,616.0,10.2667,154717640,0
2012-2013,2012,Male,Admitted,1,Admitted,0-19,Pediatric & Youth,50578,340.0,5.6667,17196520,0
2012-2013,2012,Male,Admitted,1,Admitted,20-44,Young Adult,81483,471.0,7.85,38378493,0
2012-2013,2012,Male,Admitted,1,Admitted,45-64,Middle Adult,131262,532.0,8.8667,69831384,0
2012-2013,2012,Male,Admitted,1,Admitted,65+,Older Adult,221222,594.0,9.9,131405868,0
2012-2013,2012,Female,Death,0,Not Admitted,0-19,Pediatric & Youth,154,34.0,0.5667,5236,0
2012-2013,2012,Female,Death,0,Not Admitted,20-44,Young Adult,219,50.0,0.8333,10950,0
2012-2013,2012,Female,Death,0,Not Admitted,45-64,Middle Adult,574,64.0,1.0667,36736,0
2012-2013,2012,Female,Death,0,Not Admitted,65+,Older Adult,2134,112.0,1.8667,239008,0
2012-2013,2012,Male,Death,0,Not Admitted,0-19,Pediatric & Youth,178,35.0,0.5833,6230,0
2012-2013,2012,Male,Death,0,Not Admitted,20-44,Young Adult,520,31.0,0.5167,16120,0
2012-2013,2012,Male,Death,0,Not Admitted,45-64,Middle Adult,1472,35.0,0.5833,51520,0
2012-2013,2012,Male,Death,0,Not Admitted,65+,Older Adult,2743,70.0,1.1667,192010,0
2012-2013,2012,Female,Discharged,0,Not Admitted,0-19,Pediatric & Youth,1015603,113.0,1.8833,114763139,0
2012-2013,2012,Female,Discharged,0,Not Admitted,20-44,Young Adult,1607298,142.0,2.3667,228236316,0
2012-2013,2012,Female,Discharged,0,Not Admitted,45-64,Middle Adult,1039977,148.0,2.4667,153916596,0
2012-2013,2012,Female,Discharged,0,Not Admitted,65+,Older Adult,772413,188.0,3.1333,145213644,0
2012-2013,2012,Male,Discharged,0,Not Admitted,0-19,Pediatric & Youth,1095123,109.0,1.8167,119368407,0
2012-2013,2012,Male,Discharged,0,Not Admitted,20-44,Young Adult,1330615,127.0,2.1167,168988105,0
2012-2013,2012,Male,Discharged,0,Not Admitted,45-64,Middle Adult,992669,142.0,2.3667,140958998,0
2012-2013,2012,Male,Discharged,0,Not Admitted,65+,Older Adult,636089,171.0,2.85,108771219,0
2012-2013,2012,Female,Intra-Facility Transfer,0,Not Admitted,0-19,Pediatric & Youth,2878,177.0,2.95,509406,0
2012-2013,2012,Female,Intra-Facility Transfer,0,Not Admitted,20-44,Young Adult,7258,230.0,3.8333,1669340,0
2012-2013,2012,Female,Intra-Facility Transfer,0,Not Admitted,45-64,Middle Adult,3522,204.0,3.4,718488,0
2012-2013,2012,Female,Intra-Facility Transfer,0,Not Admitted,65+,Older Adult,2321,232.0,3.8667,538472,0
2012-2013,2012,Male,Intra-Facility Transfer,0,Not Admitted,0-19,Pediatric & Youth,3115,165.0,2.75,513975,0
2012-2013,2012,Male,Intra-Facility Transfer,0,Not Admitted,20-44,Young Adult,4292,208.0,3.4667,892736,0
2012-2013,2012,Male,Intra-Facility Transfer,0,Not Admitted,45-64,Middle Adult,3831,212.0,3.5333,812172,0
2012-2013,2012,Male,Intra-Facility Transfer,0,Not Admitted,65+,Older Adult,2451,215.0,3.5833,526965,0
2012-2013,2012,Female,Left Without Being Seen,0,Not Admitted,0-19,Pediatric & Youth,49116,112.0,1.8667,5500992,0
2012-2013,2012,Female,Left Without Being Seen,0,Not Admitted,20-44,Young Adult,94306,130.0,2.1667,12259780,0
2012-2013,2012,Female,Left Without Being Seen,0,Not Admitted,45-64,Middle Adult,43559,132.0,2.2,5749788,0
2012-2013,2012,Female,Left Without Being Seen,0,Not Admitted,65+,Older Adult,21173,145.0,2.4167,3070085,0
2012-2013,2012,Male,Left Without Being Seen,0,Not Admitted,0-19,Pediatric & Youth,49130,106.0,1.7667,5207780,0
2012-2013,2012,Male,Left Without Being Seen,0,Not Admitted,20-44,Young Adult,85435,123.0,2.05,10508505,0
2012-2013,2012,Male,Left Without Being Seen,0,Not Admitted,45-64,Middle Adult,49605,132.0,2.2,6547860,0
2012-2013,2012,Male,Left Without Being Seen,0,Not Admitted,65+,Older Adult,19644,137.0,2.2833,2691228,0
2012-2013,2012,Female,Transferred,0,Not Admitted,0-19,Pediatric & Youth,9606,210.0,3.5,2017260,0
2012-2013,2012,Female,Transferred,0,Not Admitted,20-44,Young Adult,15766,230.0,3.8333,3626180,0
2012-2013,2012,Female,Transferred,0,Not Admitted,45-64,Middle Adult,13244,262.0,4.3667,3469928,0
2012-2013,2012,Female,Transferred,0,Not Admitted,65+,Older Adult,17326,285.0,4.75,4937910,0
2012-2013,2012,Male,Transferred,0,Not Admitted,0-19,Pediatric & Youth,11341,190.0,3.1667,2154790,0
2012-2013,2012,Male,Transferred,0,Not Admitted,20-44,Young Adult,15406,228.0,3.8,3512568,0
2012-2013,2012,Male,Transferred,0,Not Admitted,45-64,Middle Adult,18610,228.0,3.8,4243080,0
2012-2013,2012,Male,Transferred,0,Not Admitted,65+,Older Adult,17677,259.0,4.3167,4578343,0
2011-2012,2011,Female,Admitted,1,Admitted,0-19,Pediatric & Youth,38274,370.0,6.1667,14161380,0
2011-2012,2011,Female,Admitted,1,Admitted,20-44,Young Adult,81814,472.0,7.8667,38616208,0
2011-2012,2011,Female,Admitted,1,Admitted,45-64,Middle Adult,93963,577.0,9.6167,54216651,0
2011-2012,2011,Female,Admitted,1,Admitted,65+,Older Adult,213440,650.0,10.8333,138736000,0
2011-2012,2011,Male,Admitted,1,Admitted,0-19,Pediatric & Youth,44358,350.0,5.8333,15525300,0
2011-2012,2011,Male,Admitted,1,Admitted,20-44,Young Adult,70096,489.0,8.15,34276944,0
2011-2012,2011,Male,Admitted,1,Admitted,45-64,Middle Adult,114108,558.0,9.3,63672264,0
2011-2012,2011,Male,Admitted,1,Admitted,65+,Older Adult,186325,620.0,10.3333,115521500,0
2011-2012,2011,Female,Death,0,Not Admitted,0-19,Pediatric & Youth,108,37.0,0.6167,3996,0
2011-2012,2011,Female,Death,0,Not Admitted,20-44,Young Adult,224,31.0,0.5167,6944,0
2011-2012,2011,Female,Death,0,Not Admitted,45-64,Middle Adult,561,56.0,0.9333,31416,0
2011-2012,2011,Female,Death,0,Not Admitted,65+,Older Adult,2065,110.0,1.8333,227150,0
2011-2012,2011,Male,Death,0,Not Admitted,0-19,Pediatric & Youth,187,35.0,0.5833,6545,0
2011-2012,2011,Male,Death,0,Not Admitted,20-44,Young Adult,538,30.0,0.5,16140,0
2011-2012,2011,Male,Death,0,Not Admitted,45-64,Middle Adult,1430,29.0,0.4833,41470,0
2011-2012,2011,Male,Death,0,Not Admitted,65+,Older Adult,2686,66.0,1.1,177276,0
2011-2012,2011,Female,Discharged,0,Not Admitted,0-19,Pediatric & Youth,937358,113.0,1.8833,105921454,0
2011-2012,2011,Female,Discharged,0,Not Admitted,20-44,Young Adult,1452102,141.0,2.35,204746382,0
2011-2012,2011,Female,Discharged,0,Not Admitted,45-64,Middle Adult,944093,145.0,2.4167,136893485,0
2011-2012,2011,Female,Discharged,0,Not Admitted,65+,Older Adult,678307,187.0,3.1167,126843409,0
2011-2012,2011,Male,Discharged,0,Not Admitted,0-19,Pediatric & Youth,1011912,110.0,1.8333,111310320,0
2011-2012,2011,Male,Discharged,0,Not Admitted,20-44,Young Adult,1212342,127.0,2.1167,153967434,0
2011-2012,2011,Male,Discharged,0,Not Admitted,45-64,Middle Adult,895262,140.0,2.3333,125336680,0
2011-2012,2011,Male,Discharged,0,Not Admitted,65+,Older Adult,555752,168.0,2.8,93366336,0
2011-2012,2011,Female,Intra-Facility Transfer,0,Not Admitted,0-19,Pediatric & Youth,2263,173.0,2.8833,391499,0
2011-2012,2011,Female,Intra-Facility Transfer,0,Not Admitted,20-44,Young Adult,6340,235.0,3.9167,1489900,0
2011-2012,2011,Female,Intra-Facility Transfer,0,Not Admitted,45-64,Middle Adult,2983,215.0,3.5833,641345,0
2011-2012,2011,Female,Intra-Facility Transfer,0,Not Admitted,65+,Older Adult,2170,240.0,4.0,520800,0
2011-2012,2011,Male,Intra-Facility Transfer,0,Not Admitted,0-19,Pediatric & Youth,2502,173.0,2.8833,432846,0
2011-2012,2011,Male,Intra-Facility Transfer,0,Not Admitted,20-44,Young Adult,3579,205.0,3.4167,733695,0
2011-2012,2011,Male,Intra-Facility Transfer,0,Not Admitted,45-64,Middle Adult,3246,206.0,3.4333,668676,0
2011-2012,2011,Male,Intra-Facility Transfer,0,Not Admitted,65+,Older Adult,2272,236.0,3.9333,536192,0
2011-2012,2011,Female,Left Without Being Seen,0,Not Admitted,0-19,Pediatric & Youth,48260,115.0,1.9167,5549900,0
2011-2012,2011,Female,Left Without Being Seen,0,Not Admitted,20-44,Young Adult,88896,131.0,2.1833,11645376,0
2011-2012,2011,Female,Left Without Being Seen,0,Not Admitted,45-64,Middle Adult,40638,134.0,2.2333,5445492,0
2011-2012,2011,Female,Left Without Being Seen,0,Not Admitted,65+,Older Adult,18438,144.0,2.4,2655072,0
2011-2012,2011,Male,Left Without Being Seen,0,Not Admitted,0-19,Pediatric & Youth,48577,110.0,1.8333,5343470,0
2011-2012,2011,Male,Left Without Being Seen,0,Not Admitted,20-44,Young Adult,79599,126.0,2.1,10029474,0
2011-2012,2011,Male,Left Without Being Seen,0,Not Admitted,45-64,Middle Adult,46342,135.0,2.25,6256170,0
2011-2012,2011,Male,Left Without Being Seen,0,Not Admitted,65+,Older Adult,17263,139.0,2.3167,2399557,0
2011-2012,2011,Female,Transferred,0,Not Admitted,0-19,Pediatric & Youth,9020,209.0,3.4833,1885180,0
2011-2012,2011,Female,Transferred,0,Not Admitted,20-44,Young Adult,15371,233.0,3.8833,3581443,0
2011-2012,2011,Female,Transferred,0,Not Admitted,45-64,Middle Adult,12995,265.0,4.4167,3443675,0
2011-2012,2011,Female,Transferred,0,Not Admitted,65+,Older Adult,16261,287.0,4.7833,4666907,0
2011-2012,2011,Male,Transferred,0,Not Admitted,0-19,Pediatric & Youth,11162,188.0,3.1333,2098456,0
2011-2012,2011,Male,Transferred,0,Not Admitted,20-44,Young Adult,15003,228.0,3.8,3420684,0
2011-2012,2011,Male,Transferred,0,Not Admitted,45-64,Middle Adult,17792,230.0,3.8333,4092160,0
2011-2012,2011,Male,Transferred,0,Not Admitted,65+,Older Adult,16308,265.0,4.4167,4321620,0
2010-2011,2010,Female,Admitted,1,Admitted,0-19,Pediatric & Youth,35490,371.0,6.1833,13166790,0
2010-2011,2010,Female,Admitted,1,Admitted,20-44,Young Adult,71965,474.0,7.9,34111410,0
2010-2011,2010,Female,Admitted,1,Admitted,45-64,Middle Adult,82654,596.0,9.9333,49261784,0
2010-2011,2010,Female,Admitted,1,Admitted,65+,Older Adult,187244,699.0,11.65,130883556,0
2010-2011,2010,Male,Admitted,1,Admitted,0-19,Pediatric & Youth,41914,353.0,5.8833,14795642,0
2010-2011,2010,Male,Admitted,1,Admitted,20-44,Young Adult,60321,502.0,8.3667,30281142,0
2010-2011,2010,Male,Admitted,1,Admitted,45-64,Middle Adult,98741,575.0,9.5833,56776075,0
2010-2011,2010,Male,Admitted,1,Admitted,65+,Older Adult,161659,666.0,11.1,107664894,0
2010-2011,2010,Female,Death,0,Not Admitted,0-19,Pediatric & Youth,133,38.0,0.6333,5054,0
2010-2011,2010,Female,Death,0,Not Admitted,20-44,Young Adult,226,43.0,0.7167,9718,0
2010-2011,2010,Female,Death,0,Not Admitted,45-64,Middle Adult,597,49.0,0.8167,29253,0
2010-2011,2010,Female,Death,0,Not Admitted,65+,Older Adult,2063,105.0,1.75,216615,0
2010-2011,2010,Male,Death,0,Not Admitted,0-19,Pediatric & Youth,207,30.0,0.5,6210,0
2010-2011,2010,Male,Death,0,Not Admitted,20-44,Young Adult,528,26.0,0.4333,13728,0
2010-2011,2010,Male,Death,0,Not Admitted,45-64,Middle Adult,1570,30.0,0.5,47100,0
2010-2011,2010,Male,Death,0,Not Admitted,65+,Older Adult,2687,72.0,1.2,193464,0
2010-2011,2010,Female,Discharged,0,Not Admitted,0-19,Pediatric & Youth,862885,114.0,1.9,98368890,0
2010-2011,2010,Female,Discharged,0,Not Admitted,20-44,Young Adult,1304409,139.0,2.3167,181312851,0
2010-2011,2010,Female,Discharged,0,Not Admitted,45-64,Middle Adult,848847,142.0,2.3667,120536274,0
2010-2011,2010,Female,Discharged,0,Not Admitted,65+,Older Adult,606404,184.0,3.0667,111578336,0
2010-2011,2010,Male,Discharged,0,Not Admitted,0-19,Pediatric & Youth,938799,110.0,1.8333,103267890,0
2010-2011,2010,Male,Discharged,0,Not Admitted,20-44,Young Adult,1087268,125.0,2.0833,135908500,0
2010-2011,2010,Male,Discharged,0,Not Admitted,45-64,Middle Adult,806286,136.0,2.2667,109654896,0
2010-2011,2010,Male,Discharged,0,Not Admitted,65+,Older Adult,494462,165.0,2.75,81586230,0
2010-2011,2010,Female,Intra-Facility Transfer,0,Not Admitted,0-19,Pediatric & Youth,1629,156.0,2.6,254124,0
2010-2011,2010,Female,Intra-Facility Transfer,0,Not Admitted,20-44,Young Adult,5655,237.0,3.95,1340235,0
2010-2011,2010,Female,Intra-Facility Transfer,0,Not Admitted,45-64,Middle Adult,1991,198.0,3.3,394218,0
2010-2011,2010,Female,Intra-Facility Transfer,0,Not Admitted,65+,Older Adult,1625,216.0,3.6,351000,0
2010-2011,2010,Male,Intra-Facility Transfer,0,Not Admitted,0-19,Pediatric & Youth,1823,155.0,2.5833,282565,0
2010-2011,2010,Male,Intra-Facility Transfer,0,Not Admitted,20-44,Young Adult,2573,195.0,3.25,501735,0
2010-2011,2010,Male,Intra-Facility Transfer,0,Not Admitted,45-64,Middle Adult,2494,200.0,3.3333,498800,0
2010-2011,2010,Male,Intra-Facility Transfer,0,Not Admitted,65+,Older Adult,1698,223.0,3.7167,378654,0
2010-2011,2010,Female,Left Without Being Seen,0,Not Admitted,0-19,Pediatric & Youth,46256,115.0,1.9167,5319440,0
2010-2011,2010,Female,Left Without Being Seen,0,Not Admitted,20-44,Young Adult,80805,131.0,2.1833,10585455,0
2010-2011,2010,Female,Left Without Being Seen,0,Not Admitted,45-64,Middle Adult,36439,135.0,2.25,4919265,0
2010-2011,2010,Female,Left Without Being Seen,0,Not Admitted,65+,Older Adult,16963,142.0,2.3667,2408746,0
2010-2011,2010,Male,Left Without Being Seen,0,Not Admitted,0-19,Pediatric & Youth,46671,112.0,1.8667,5227152,0
2010-2011,2010,Male,Left Without Being Seen,0,Not Admitted,20-44,Young Adult,71833,127.0,2.1167,9122791,0
2010-2011,2010,Male,Left Without Being Seen,0,Not Admitted,45-64,Middle Adult,40731,135.0,2.25,5498685,0
2010-2011,2010,Male,Left Without Being Seen,0,Not Admitted,65+,Older Adult,15385,138.0,2.3,2123130,0
2010-2011,2010,Female,Transferred,0,Not Admitted,0-19,Pediatric & Youth,8191,199.0,3.3167,1630009,0
2010-2011,2010,Female,Transferred,0,Not Admitted,20-44,Young Adult,13689,228.0,3.8,3121092,0
2010-2011,2010,Female,Transferred,0,Not Admitted,45-64,Middle Adult,10876,260.0,4.3333,2827760,0
2010-2011,2010,Female,Transferred,0,Not Admitted,65+,Older Adult,13652,287.0,4.7833,3918124,0
2010-2011,2010,Male,Transferred,0,Not Admitted,0-19,Pediatric & Youth,10390,187.0,3.1167,1942930,0
2010-2011,2010,Male,Transferred,0,Not Admitted,20-44,Young Adult,13504,224.0,3.7333,3024896,0
2010-2011,2010,Male,Transferred,0,Not Admitted,45-64,Middle Adult,15639,223.0,3.7167,3487497,0
2010-2011,2010,Male,Transferred,0,Not Admitted,65+,Older Adult,13780,257.0,4.2833,3541460,0
2009-2010,2009,Female,Admitted,1,Admitted,0-19,Pediatric & Youth,25833,385.0,6.4167,9945705,0
2009-2010,2009,Female,Admitted,1,Admitted,20-44,Young Adult,48603,518.0,8.6333,25176354,0
2009-2010,2009,Female,Admitted,1,Admitted,45-64,Middle Adult,60285,604.0,10.0667,36412140,0
2009-2010,2009,Female,Admitted,1,Admitted,65+,Older Adult,142389,690.0,11.5,98248410,0
2009-2010,2009,Male,Admitted,1,Admitted,0-19,Pediatric & Youth,30913,375.0,6.25,11592375,0
2009-2010,2009,Male,Admitted,1,Admitted,20-44,Young Adult,41069,521.0,8.6833,21396949,0
2009-2010,2009,Male,Admitted,1,Admitted,45-64,Middle Adult,70839,583.0,9.7167,41299137,0
2009-2010,2009,Male,Admitted,1,Admitted,65+,Older Adult,122021,658.0,10.9667,80289818,0
2009-2010,2009,Female,Death,0,Not Admitted,0-19,Pediatric & Youth,93,32.0,0.5333,2976,0
2009-2010,2009,Female,Death,0,Not Admitted,20-44,Young Adult,143,33.0,0.55,4719,0
2009-2010,2009,Female,Death,0,Not Admitted,45-64,Middle Adult,403,30.0,0.5,12090,0
2009-2010,2009,Female,Death,0,Not Admitted,65+,Older Adult,1617,92.0,1.5333,148764,0
2009-2010,2009,Male,Death,0,Not Admitted,0-19,Pediatric & Youth,155,26.0,0.4333,4030,0
2009-2010,2009,Male,Death,0,Not Admitted,20-44,Young Adult,355,23.0,0.3833,8165,0
2009-2010,2009,Male,Death,0,Not Admitted,45-64,Middle Adult,1151,27.0,0.45,31077,0
2009-2010,2009,Male,Death,0,Not Admitted,65+,Older Adult,2123,45.0,0.75,95535,0
2009-2010,2009,Female,Discharged,0,Not Admitted,0-19,Pediatric & Youth,610570,120.0,2.0,73268400,0
2009-2010,2009,Female,Discharged,0,Not Admitted,20-44,Young Adult,896368,147.0,2.45,131766096,0
2009-2010,2009,Female,Discharged,0,Not Admitted,45-64,Middle Adult,598153,151.0,2.5167,90321103,0
2009-2010,2009,Female,Discharged,0,Not Admitted,65+,Older Adult,440779,195.0,3.25,85951905,0
2009-2010,2009,Male,Discharged,0,Not Admitted,0-19,Pediatric & Youth,668590,118.0,1.9667,78893620,0
2009-2010,2009,Male,Discharged,0,Not Admitted,20-44,Young Adult,737150,133.0,2.2167,98040950,0
2009-2010,2009,Male,Discharged,0,Not Admitted,45-64,Middle Adult,555557,145.0,2.4167,80555765,0
2009-2010,2009,Male,Discharged,0,Not Admitted,65+,Older Adult,353215,177.0,2.95,62519055,0
2009-2010,2009,Female,Intra-Facility Transfer,0,Not Admitted,0-19,Pediatric & Youth,1371,149.0,2.4833,204279,0
2009-2010,2009,Female,Intra-Facility Transfer,0,Not Admitted,20-44,Young Adult,4931,218.0,3.6333,1074958,0
2009-2010,2009,Female,Intra-Facility Transfer,0,Not Admitted,45-64,Middle Adult,1717,201.0,3.35,345117,0
2009-2010,2009,Female,Intra-Facility Transfer,0,Not Admitted,65+,Older Adult,1287,225.0,3.75,289575,0
2009-2010,2009,Male,Intra-Facility Transfer,0,Not Admitted,0-19,Pediatric & Youth,1616,132.0,2.2,213312,0
2009-2010,2009,Male,Intra-Facility Transfer,0,Not Admitted,20-44,Young Adult,2106,173.0,2.8833,364338,0
2009-2010,2009,Male,Intra-Facility Transfer,0,Not Admitted,45-64,Middle Adult,2005,182.0,3.0333,364910,0
2009-2010,2009,Male,Intra-Facility Transfer,0,Not Admitted,65+,Older Adult,1405,212.0,3.5333,297860,0
2009-2010,2009,Female,Left Without Being Seen,0,Not Admitted,0-19,Pediatric & Youth,38079,125.0,2.0833,4759875,0
2009-2010,2009,Female,Left Without Being Seen,0,Not Admitted,20-44,Young Adult,60227,139.0,2.3167,8371553,0
2009-2010,2009,Female,Left Without Being Seen,0,Not Admitted,45-64,Middle Adult,28239,142.0,2.3667,4009938,0
2009-2010,2009,Female,Left Without Being Seen,0,Not Admitted,65+,Older Adult,13451,153.0,2.55,2058003,0
2009-2010,2009,Male,Left Without Being Seen,0,Not Admitted,0-19,Pediatric & Youth,39571,121.0,2.0167,4788091,0
2009-2010,2009,Male,Left Without Being Seen,0,Not Admitted,20-44,Young Adult,52409,134.0,2.2333,7022806,0
2009-2010,2009,Male,Left Without Being Seen,0,Not Admitted,45-64,Middle Adult,30001,140.0,2.3333,4200140,0
2009-2010,2009,Male,Left Without Being Seen,0,Not Admitted,65+,Older Adult,12288,143.0,2.3833,1757184,0
2009-2010,2009,Female,Transferred,0,Not Admitted,0-19,Pediatric & Youth,5657,213.0,3.55,1204941,0
2009-2010,2009,Female,Transferred,0,Not Admitted,20-44,Young Adult,8192,246.0,4.1,2015232,0
2009-2010,2009,Female,Transferred,0,Not Admitted,45-64,Middle Adult,7218,266.0,4.4333,1919988,0
2009-2010,2009,Female,Transferred,0,Not Admitted,65+,Older Adult,8603,279.0,4.65,2400237,0
2009-2010,2009,Male,Transferred,0,Not Admitted,0-19,Pediatric & Youth,7141,201.0,3.35,1435341,0
2009-2010,2009,Male,Transferred,0,Not Admitted,20-44,Young Adult,8653,235.0,3.9167,2033455,0
2009-2010,2009,Male,Transferred,0,Not Admitted,45-64,Middle Adult,10080,235.0,3.9167,2368800,0
2009-2010,2009,Male,Transferred,0,Not Admitted,65+,Older Adult,8720,263.0,4.3833,2293360,0
2008-2009,2008,Female,Admitted,1,Admitted,0-19,Pediatric & Youth,24107,373.0,6.2167,8991911,0
2008-2009,2008,Female,Admitted,1,Admitted,20-44,Young Adult,47946,503.0,8.3833,24116838,0
2008-2009,2008,Female,Admitted,1,Admitted,45-64,Middle Adult,57187,600.0,10.0,34312200,0
2008-2009,2008,Female,Admitted,1,Admitted,65+,Older Adult,138808,685.0,11.4167,95083480,0
2008-2009,2008,Male,Admitted,1,Admitted,0-19,Pediatric & Youth,29179,354.0,5.9,10329366,0
2008-2009,2008,Male,Admitted,1,Admitted,20-44,Young Adult,40555,523.0,8.7167,21210265,0
2008-2009,2008,Male,Admitted,1,Admitted,45-64,Middle Adult,68241,572.0,9.5333,39033852,0
2008-2009,2008,Male,Admitted,1,Admitted,65+,Older Adult,120232,647.0,10.7833,77790104,0
2008-2009,2008,Female,Death,0,Not Admitted,0-19,Pediatric & Youth,80,32.0,0.5333,2560,0
2008-2009,2008,Female,Death,0,Not Admitted,20-44,Young Adult,160,44.0,0.7333,7040,0
2008-2009,2008,Female,Death,0,Not Admitted,45-64,Middle Adult,421,34.0,0.5667,14314,0
2008-2009,2008,Female,Death,0,Not Admitted,65+,Older Adult,1535,87.0,1.45,133545,0
2008-2009,2008,Male,Death,0,Not Admitted,0-19,Pediatric & Youth,135,27.0,0.45,3645,0
2008-2009,2008,Male,Death,0,Not Admitted,20-44,Young Adult,358,21.0,0.35,7518,0
2008-2009,2008,Male,Death,0,Not Admitted,45-64,Middle Adult,1201,22.0,0.3667,26422,0
2008-2009,2008,Male,Death,0,Not Admitted,65+,Older Adult,2168,40.0,0.6667,86720,0
2008-2009,2008,Female,Discharged,0,Not Admitted,0-19,Pediatric & Youth,575901,120.0,2.0,69108120,0
2008-2009,2008,Female,Discharged,0,Not Admitted,20-44,Young Adult,852756,146.0,2.4333,124502376,0
2008-2009,2008,Female,Discharged,0,Not Admitted,45-64,Middle Adult,561928,150.0,2.5,84289200,0
2008-2009,2008,Female,Discharged,0,Not Admitted,65+,Older Adult,417365,195.0,3.25,81386175,0
2008-2009,2008,Male,Discharged,0,Not Admitted,0-19,Pediatric & Youth,634136,117.0,1.95,74193912,0
2008-2009,2008,Male,Discharged,0,Not Admitted,20-44,Young Adult,725730,132.0,2.2,95796360,0
2008-2009,2008,Male,Discharged,0,Not Admitted,45-64,Middle Adult,531224,144.0,2.4,76496256,0
2008-2009,2008,Male,Discharged,0,Not Admitted,65+,Older Adult,337002,178.0,2.9667,59986356,0
2008-2009,2008,Female,Intra-Facility Transfer,0,Not Admitted,0-19,Pediatric & Youth,1421,147.0,2.45,208887,0
2008-2009,2008,Female,Intra-Facility Transfer,0,Not Admitted,20-44,Young Adult,4953,227.0,3.7833,1124331,0
2008-2009,2008,Female,Intra-Facility Transfer,0,Not Admitted,45-64,Middle Adult,1668,220.0,3.6667,366960,0
2008-2009,2008,Female,Intra-Facility Transfer,0,Not Admitted,65+,Older Adult,1233,223.0,3.7167,274959,0
2008-2009,2008,Male,Intra-Facility Transfer,0,Not Admitted,0-19,Pediatric & Youth,1607,136.0,2.2667,218552,0
2008-2009,2008,Male,Intra-Facility Transfer,0,Not Admitted,20-44,Young Adult,1823,184.0,3.0667,335432,0
2008-2009,2008,Male,Intra-Facility Transfer,0,Not Admitted,45-64,Middle Adult,1859,188.0,3.1333,349492,0
2008-2009,2008,Male,Intra-Facility Transfer,0,Not Admitted,65+,Older Adult,1386,216.0,3.6,299376,0
2008-2009,2008,Female,Left Without Being Seen,0,Not Admitted,0-19,Pediatric & Youth,36147,122.0,2.0333,4409934,0
2008-2009,2008,Female,Left Without Being Seen,0,Not Admitted,20-44,Young Adult,58581,138.0,2.3,8084178,0
2008-2009,2008,Female,Left Without Being Seen,0,Not Admitted,45-64,Middle Adult,27029,140.0,2.3333,3784060,0
2008-2009,2008,Female,Left Without Being Seen,0,Not Admitted,65+,Older Adult,12939,150.0,2.5,1940850,0
2008-2009,2008,Male,Left Without Being Seen,0,Not Admitted,0-19,Pediatric & Youth,37098,119.0,1.9833,4414662,0
2008-2009,2008,Male,Left Without Being Seen,0,Not Admitted,20-44,Young Adult,51406,135.0,2.25,6939810,0
2008-2009,2008,Male,Left Without Being Seen,0,Not Admitted,45-64,Middle Adult,29236,140.0,2.3333,4093040,0
2008-2009,2008,Male,Left Without Being Seen,0,Not Admitted,65+,Older Adult,11935,143.0,2.3833,1706705,0
2008-2009,2008,Female,Transferred,0,Not Admitted,0-19,Pediatric & Youth,5096,212.0,3.5333,1080352,0
2008-2009,2008,Female,Transferred,0,Not Admitted,20-44,Young Adult,7804,239.0,3.9833,1865156,0
2008-2009,2008,Female,Transferred,0,Not Admitted,45-64,Middle Adult,6444,265.0,4.4167,1707660,0
2008-2009,2008,Female,Transferred,0,Not Admitted,65+,Older Adult,7418,281.0,4.6833,2084458,0
2008-2009,2008,Male,Transferred,0,Not Admitted,0-19,Pediatric & Youth,6615,198.0,3.3,1309770,0
2008-2009,2008,Male,Transferred,0,Not Admitted,20-44,Young Adult,8686,235.0,3.9167,2041210,0
2008-2009,2008,Male,Transferred,0,Not Admitted,45-64,Middle Adult,9190,239.0,3.9833,2196410,0
2008-2009,2008,Male,Transferred,0,Not Admitted,65+,Older Adult,7742,264.0,4.4,2043888,0
2008-2009,2008,Female,Unknown,0,Not Admitted,0-19,Pediatric & Youth,6682,67.0,1.1167,447694,0
2008-2009,2008,Female,Unknown,0,Not Admitted,20-44,Young Adult,8176,74.0,1.2333,605024,0
2008-2009,2008,Female,Unknown,0,Not Admitted,45-64,Middle Adult,6802,79.0,1.3167,537358,0
2008-2009,2008,Female,Unknown,0,Not Admitted,65+,Older Adult,5535,104.0,1.7333,575640,0
2008-2009,2008,Male,Unknown,0,Not Admitted,0-19,Pediatric & Youth,6855,63.0,1.05,431865,0
2008-2009,2008,Male,Unknown,0,Not Admitted,20-44,Young Adult,6334,70.0,1.1667,443380,0
2008-2009,2008,Male,Unknown,0,Not Admitted,45-64,Middle Adult,6244,78.0,1.3,487032,0
2008-2009,2008,Male,Unknown,0,Not Admitted,65+,Older Adult,4895,96.0,1.6,469920,0
2007-2008,2007,Female,Admitted,1,Admitted,0-19,Pediatric & Youth,24473,344.0,5.7333,8418712,0
2007-2008,2007,Female,Admitted,1,Admitted,20-44,Young Adult,49835,460.0,7.6667,22924100,0
2007-2008,2007,Female,Admitted,1,Admitted,45-64,Middle Adult,57126,511.0,8.5167,29191386,0
2007-2008,2007,Female,Admitted,1,Admitted,65+,Older Adult,138418,561.0,9.35,77652498,0
2007-2008,2007,Male,Admitted,1,Admitted,0-19,Pediatric & Youth,29819,327.0,5.45,9750813,0
2007-2008,2007,Male,Admitted,1,Admitted,20-44,Young Adult,42962,455.0,7.5833,19547710,0
2007-2008,2007,Male,Admitted,1,Admitted,45-64,Middle Adult,68264,493.0,8.2167,33654152,0
2007-2008,2007,Male,Admitted,1,Admitted,65+,Older Adult,118552,540.0,9.0,64018080,0
2007-2008,2007,Female,Death,0,Not Admitted,0-19,Pediatric & Youth,101,29.0,0.4833,2929,0
2007-2008,2007,Female,Death,0,Not Admitted,20-44,Young Adult,182,23.0,0.3833,4186,0
2007-2008,2007,Female,Death,0,Not Admitted,45-64,Middle Adult,416,48.0,0.8,19968,0
2007-2008,2007,Female,Death,0,Not Admitted,65+,Older Adult,1623,79.0,1.3167,128217,0
2007-2008,2007,Male,Death,0,Not Admitted,0-19,Pediatric & Youth,141,24.0,0.4,3384,0
2007-2008,2007,Male,Death,0,Not Admitted,20-44,Young Adult,416,22.0,0.3667,9152,0
2007-2008,2007,Male,Death,0,Not Admitted,45-64,Middle Adult,1195,20.0,0.3333,23900,0
2007-2008,2007,Male,Death,0,Not Admitted,65+,Older Adult,2193,40.0,0.6667,87720,0
2007-2008,2007,Female,Discharged,0,Not Admitted,0-19,Pediatric & Youth,575633,113.0,1.8833,65046529,0
2007-2008,2007,Female,Discharged,0,Not Admitted,20-44,Young Adult,862802,140.0,2.3333,120792280,0
2007-2008,2007,Female,Discharged,0,Not Admitted,45-64,Middle Adult,554034,144.0,2.4,79780896,0
2007-2008,2007,Female,Discharged,0,Not Admitted,65+,Older Adult,411930,188.0,3.1333,77442840,0
2007-2008,2007,Male,Discharged,0,Not Admitted,0-19,Pediatric & Youth,645427,110.0,1.8333,70996970,0
2007-2008,2007,Male,Discharged,0,Not Admitted,20-44,Young Adult,753102,127.0,2.1167,95643954,0
2007-2008,2007,Male,Discharged,0,Not Admitted,45-64,Middle Adult,530040,139.0,2.3167,73675560,0
2007-2008,2007,Male,Discharged,0,Not Admitted,65+,Older Adult,333929,170.0,2.8333,56767930,0
2007-2008,2007,Female,Intra-Facility Transfer,0,Not Admitted,0-19,Pediatric & Youth,1340,155.0,2.5833,207700,0
2007-2008,2007,Female,Intra-Facility Transfer,0,Not Admitted,20-44,Young Adult,5402,220.0,3.6667,1188440,0
2007-2008,2007,Female,Intra-Facility Transfer,0,Not Admitted,45-64,Middle Adult,1677,199.0,3.3167,333723,0
2007-2008,2007,Female,Intra-Facility Transfer,0,Not Admitted,65+,Older Adult,1358,216.0,3.6,293328,0
2007-2008,2007,Male,Intra-Facility Transfer,0,Not Admitted,0-19,Pediatric & Youth,1521,137.0,2.2833,208377,0
2007-2008,2007,Male,Intra-Facility Transfer,0,Not Admitted,20-44,Young Adult,2148,191.0,3.1833,410268,0
2007-2008,2007,Male,Intra-Facility Transfer,0,Not Admitted,45-64,Middle Adult,1948,196.0,3.2667,381808,0
2007-2008,2007,Male,Intra-Facility Transfer,0,Not Admitted,65+,Older Adult,1415,207.0,3.45,292905,0
2007-2008,2007,Female,Left Without Being Seen,0,Not Admitted,0-19,Pediatric & Youth,33342,117.0,1.95,3901014,0
2007-2008,2007,Female,Left Without Being Seen,0,Not Admitted,20-44,Young Adult,57387,135.0,2.25,7747245,0
2007-2008,2007,Female,Left Without Being Seen,0,Not Admitted,45-64,Middle Adult,25540,139.0,2.3167,3550060,0
2007-2008,2007,Female,Left Without Being Seen,0,Not Admitted,65+,Older Adult,12127,150.0,2.5,1819050,0
2007-2008,2007,Male,Left Without Being Seen,0,Not Admitted,0-19,Pediatric & Youth,34267,113.0,1.8833,3872171,0
2007-2008,2007,Male,Left Without Being Seen,0,Not Admitted,20-44,Young Adult,51414,132.0,2.2,6786648,0
2007-2008,2007,Male,Left Without Being Seen,0,Not Admitted,45-64,Middle Adult,27640,137.0,2.2833,3786680,0
2007-2008,2007,Male,Left Without Being Seen,0,Not Admitted,65+,Older Adult,11251,140.0,2.3333,1575140,0
2007-2008,2007,Female,Transferred,0,Not Admitted,0-19,Pediatric & Youth,4884,205.0,3.4167,1001220,0
2007-2008,2007,Female,Transferred,0,Not Admitted,20-44,Young Adult,7840,236.0,3.9333,1850240,0
2007-2008,2007,Female,Transferred,0,Not Admitted,45-64,Middle Adult,6272,258.0,4.3,1618176,0
2007-2008,2007,Female,Transferred,0,Not Admitted,65+,Older Adult,7377,274.0,4.5667,2021298,0
2007-2008,2007,Male,Transferred,0,Not Admitted,0-19,Pediatric & Youth,6629,193.0,3.2167,1279397,0
2007-2008,2007,Male,Transferred,0,Not Admitted,20-44,Young Adult,8599,229.0,3.8167,1969171,0
2007-2008,2007,Male,Transferred,0,Not Admitted,45-64,Middle Adult,8776,229.0,3.8167,2009704,0
2007-2008,2007,Male,Transferred,0,Not Admitted,65+,Older Adult,7561,260.0,4.3333,1965860,0
2006-2007,2006,Female,Admitted,1,Admitted,0-19,Pediatric & Youth,25054,250.0,4.1667,6263500,0
2006-2007,2006,Female,Admitted,1,Admitted,20-44,Young Adult,50133,302.0,5.0333,15140166,0
2006-2007,2006,Female,Admitted,1,Admitted,45-64,Middle Adult,54996,312.0,5.2,17158752,0
2006-2007,2006,Female,Admitted,1,Admitted,65+,Older Adult,138548,323.0,5.3833,44751004,0
2006-2007,2006,Male,Admitted,1,Admitted,0-19,Pediatric & Youth,30720,235.0,3.9167,7219200,0
2006-2007,2006,Male,Admitted,1,Admitted,20-44,Young Adult,42698,287.0,4.7833,12254326,0
2006-2007,2006,Male,Admitted,1,Admitted,45-64,Middle Adult,66272,297.0,4.95,19682784,0
2006-2007,2006,Male,Admitted,1,Admitted,65+,Older Adult,118539,312.0,5.2,36984168,0
2006-2007,2006,Female,Death,0,Not Admitted,0-19,Pediatric & Youth,100,25.0,0.4167,2500,0
2006-2007,2006,Female,Death,0,Not Admitted,20-44,Young Adult,179,26.0,0.4333,4654,0
2006-2007,2006,Female,Death,0,Not Admitted,45-64,Middle Adult,488,50.0,0.8333,24400,0
2006-2007,2006,Female,Death,0,Not Admitted,65+,Older Adult,1670,92.0,1.5333,153640,0
2006-2007,2006,Male,Death,0,Not Admitted,0-19,Pediatric & Youth,184,36.0,0.6,6624,0
2006-2007,2006,Male,Death,0,Not Admitted,20-44,Young Adult,464,21.0,0.35,9744,0
2006-2007,2006,Male,Death,0,Not Admitted,45-64,Middle Adult,1285,29.0,0.4833,37265,0
2006-2007,2006,Male,Death,0,Not Admitted,65+,Older Adult,2266,53.0,0.8833,120098,0
2006-2007,2006,Female,Discharged,0,Not Admitted,0-19,Pediatric & Youth,572389,108.0,1.8,61818012,0
2006-2007,2006,Female,Discharged,0,Not Admitted,20-44,Young Adult,848023,136.0,2.2667,115331128,0
2006-2007,2006,Female,Discharged,0,Not Admitted,45-64,Middle Adult,527180,139.0,2.3167,73278020,0
2006-2007,2006,Female,Discharged,0,Not Admitted,65+,Older Adult,398258,183.0,3.05,72881214,0
2006-2007,2006,Male,Discharged,0,Not Admitted,0-19,Pediatric & Youth,647797,106.0,1.7667,68666482,0
2006-2007,2006,Male,Discharged,0,Not Admitted,20-44,Young Adult,757323,124.0,2.0667,93908052,0
2006-2007,2006,Male,Discharged,0,Not Admitted,45-64,Middle Adult,504756,135.0,2.25,68142060,0
2006-2007,2006,Male,Discharged,0,Not Admitted,65+,Older Adult,319394,166.0,2.7667,53019404,0
2006-2007,2006,Female,Intra-Facility Transfer,0,Not Admitted,0-19,Pediatric & Youth,1405,140.0,2.3333,196700,0
2006-2007,2006,Female,Intra-Facility Transfer,0,Not Admitted,20-44,Young Adult,5730,227.0,3.7833,1300710,0
2006-2007,2006,Female,Intra-Facility Transfer,0,Not Admitted,45-64,Middle Adult,1660,192.0,3.2,318720,0
2006-2007,2006,Female,Intra-Facility Transfer,0,Not Admitted,65+,Older Adult,1349,200.0,3.3333,269800,0
2006-2007,2006,Male,Intra-Facility Transfer,0,Not Admitted,0-19,Pediatric & Youth,1526,134.0,2.2333,204484,0
2006-2007,2006,Male,Intra-Facility Transfer,0,Not Admitted,20-44,Young Adult,2275,172.0,2.8667,391300,0
2006-2007,2006,Male,Intra-Facility Transfer,0,Not Admitted,45-64,Middle Adult,2005,181.0,3.0167,362905,0
2006-2007,2006,Male,Intra-Facility Transfer,0,Not Admitted,65+,Older Adult,1402,200.0,3.3333,280400,0
2006-2007,2006,Female,Left Without Being Seen,0,Not Admitted,0-19,Pediatric & Youth,32770,115.0,1.9167,3768550,0
2006-2007,2006,Female,Left Without Being Seen,0,Not Admitted,20-44,Young Adult,56705,134.0,2.2333,7598470,0
2006-2007,2006,Female,Left Without Being Seen,0,Not Admitted,45-64,Middle Adult,24062,136.0,2.2667,3272432,0
2006-2007,2006,Female,Left Without Being Seen,0,Not Admitted,65+,Older Adult,11763,148.0,2.4667,1740924,0
2006-2007,2006,Male,Left Without Being Seen,0,Not Admitted,0-19,Pediatric & Youth,34372,111.0,1.85,3815292,0
2006-2007,2006,Male,Left Without Being Seen,0,Not Admitted,20-44,Young Adult,52019,131.0,2.1833,6814489,0
2006-2007,2006,Male,Left Without Being Seen,0,Not Admitted,45-64,Middle Adult,26299,136.0,2.2667,3576664,0
2006-2007,2006,Male,Left Without Being Seen,0,Not Admitted,65+,Older Adult,10266,140.0,2.3333,1437240,0
2006-2007,2006,Female,Transferred,0,Not Admitted,0-19,Pediatric & Youth,4944,190.0,3.1667,939360,0
2006-2007,2006,Female,Transferred,0,Not Admitted,20-44,Young Adult,7769,212.0,3.5333,1647028,0
2006-2007,2006,Female,Transferred,0,Not Admitted,45-64,Middle Adult,5875,238.0,3.9667,1398250,0
2006-2007,2006,Female,Transferred,0,Not Admitted,65+,Older Adult,7052,264.0,4.4,1861728,0
2006-2007,2006,Male,Transferred,0,Not Admitted,0-19,Pediatric & Youth,6329,180.0,3.0,1139220,0
2006-2007,2006,Male,Transferred,0,Not Admitted,20-44,Young Adult,8367,205.0,3.4167,1715235,0
2006-2007,2006,Male,Transferred,0,Not Admitted,45-64,Middle Adult,8072,215.0,3.5833,1735480,0
2006-2007,2006,Male,Transferred,0,Not Admitted,65+,Older Adult,7135,250.0,4.1667,1783750,0
2005-2006,2005,Female,Admitted,1,Admitted,0-19,Pediatric & Youth,27379,250.0,4.1667,6844750,0
2005-2006,2005,Female,Admitted,1,Admitted,20-44,Young Adult,55625,287.0,4.7833,15964375,0
2005-2006,2005,Female,Admitted,1,Admitted,45-64,Middle Adult,57264,307.0,5.1167,17580048,0
2005-2006,2005,Female,Admitted,1,Admitted,65+,Older Adult,138587,320.0,5.3333,44347840,0
2005-2006,2005,Male,Admitted,1,Admitted,0-19,Pediatric & Youth,33723,237.0,3.95,7992351,0
2005-2006,2005,Male,Admitted,1,Admitted,20-44,Young Adult,47501,284.0,4.7333,13490284,0
2005-2006,2005,Male,Admitted,1,Admitted,45-64,Middle Adult,68208,292.0,4.8667,19916736,0
2005-2006,2005,Male,Admitted,1,Admitted,65+,Older Adult,117306,308.0,5.1333,36130248,0
2005-2006,2005,Female,Death,0,Not Admitted,0-19,Pediatric & Youth,91,40.0,0.6667,3640,0
2005-2006,2005,Female,Death,0,Not Admitted,20-44,Young Adult,229,38.0,0.6333,8702,0
2005-2006,2005,Female,Death,0,Not Admitted,45-64,Middle Adult,451,28.0,0.4667,12628,0
2005-2006,2005,Female,Death,0,Not Admitted,65+,Older Adult,1691,84.0,1.4,142044,0
2005-2006,2005,Male,Death,0,Not Admitted,0-19,Pediatric & Youth,185,29.0,0.4833,5365,0
2005-2006,2005,Male,Death,0,Not Admitted,20-44,Young Adult,498,32.0,0.5333,15936,0
2005-2006,2005,Male,Death,0,Not Admitted,45-64,Middle Adult,1329,29.0,0.4833,38541,0
2005-2006,2005,Male,Death,0,Not Admitted,65+,Older Adult,2372,47.0,0.7833,111484,0
2005-2006,2005,Female,Discharged,0,Not Admitted,0-19,Pediatric & Youth,587687,105.0,1.75,61707135,0
2005-2006,2005,Female,Discharged,0,Not Admitted,20-44,Young Adult,847352,131.0,2.1833,111003112,0
2005-2006,2005,Female,Discharged,0,Not Admitted,45-64,Middle Adult,506404,135.0,2.25,68364540,0
2005-2006,2005,Female,Discharged,0,Not Admitted,65+,Older Adult,383363,176.0,2.9333,67471888,0
2005-2006,2005,Male,Discharged,0,Not Admitted,0-19,Pediatric & Youth,667873,105.0,1.75,70126665,0
2005-2006,2005,Male,Discharged,0,Not Admitted,20-44,Young Adult,775240,120.0,2.0,93028800,0
2005-2006,2005,Male,Discharged,0,Not Admitted,45-64,Middle Adult,491610,130.0,2.1667,63909300,0
2005-2006,2005,Male,Discharged,0,Not Admitted,65+,Older Adult,308342,160.0,2.6667,49334720,0
2005-2006,2005,Female,Intra-Facility Transfer,0,Not Admitted,0-19,Pediatric & Youth,1881,149.0,2.4833,280269,0
2005-2006,2005,Female,Intra-Facility Transfer,0,Not Admitted,20-44,Young Adult,6143,216.0,3.6,1326888,0
2005-2006,2005,Female,Intra-Facility Transfer,0,Not Admitted,45-64,Middle Adult,1784,169.0,2.8167,301496,0
2005-2006,2005,Female,Intra-Facility Transfer,0,Not Admitted,65+,Older Adult,1609,197.0,3.2833,316973,0
2005-2006,2005,Male,Intra-Facility Transfer,0,Not Admitted,0-19,Pediatric & Youth,2198,130.0,2.1667,285740,0
2005-2006,2005,Male,Intra-Facility Transfer,0,Not Admitted,20-44,Young Adult,2626,172.0,2.8667,451672,0
2005-2006,2005,Male,Intra-Facility Transfer,0,Not Admitted,45-64,Middle Adult,2111,172.0,2.8667,363092,0
2005-2006,2005,Male,Intra-Facility Transfer,0,Not Admitted,65+,Older Adult,1607,188.0,3.1333,302116,0
2005-2006,2005,Female,Left Without Being Seen,0,Not Admitted,0-19,Pediatric & Youth,31176,110.0,1.8333,3429360,0
2005-2006,2005,Female,Left Without Being Seen,0,Not Admitted,20-44,Young Adult,51444,126.0,2.1,6481944,0
2005-2006,2005,Female,Left Without Being Seen,0,Not Admitted,45-64,Middle Adult,20753,129.0,2.15,2677137,0
2005-2006,2005,Female,Left Without Being Seen,0,Not Admitted,65+,Older Adult,9587,137.0,2.2833,1313419,0
2005-2006,2005,Male,Left Without Being Seen,0,Not Admitted,0-19,Pediatric & Youth,33077,108.0,1.8,3572316,0
2005-2006,2005,Male,Left Without Being Seen,0,Not Admitted,20-44,Young Adult,47446,125.0,2.0833,5930750,0
2005-2006,2005,Male,Left Without Being Seen,0,Not Admitted,45-64,Middle Adult,23224,128.0,2.1333,2972672,0
2005-2006,2005,Male,Left Without Being Seen,0,Not Admitted,65+,Older Adult,8927,132.0,2.2,1178364,0
2005-2006,2005,Female,Transferred,0,Not Admitted,0-19,Pediatric & Youth,4597,187.0,3.1167,859639,0
2005-2006,2005,Female,Transferred,0,Not Admitted,20-44,Young Adult,6430,218.0,3.6333,1401740,0
2005-2006,2005,Female,Transferred,0,Not Admitted,45-64,Middle Adult,5082,238.0,3.9667,1209516,0
2005-2006,2005,Female,Transferred,0,Not Admitted,65+,Older Adult,7099,258.0,4.3,1831542,0
2005-2006,2005,Male,Transferred,0,Not Admitted,0-19,Pediatric & Youth,6418,175.0,2.9167,1123150,0
2005-2006,2005,Male,Transferred,0,Not Admitted,20-44,Young Adult,7273,212.0,3.5333,1541876,0
2005-2006,2005,Male,Transferred,0,Not Admitted,45-64,Middle Adult,7288,214.0,3.5667,1559632,0
2005-2006,2005,Male,Transferred,0,Not Admitted,65+,Older Adult,7024,247.0,4.1167,1734928,0
2004-2005,2004,Female,Admitted,1,Admitted,0-19,Pediatric & Youth,27618,247.0,4.1167,6821646,0
2004-2005,2004,Female,Admitted,1,Admitted,20-44,Young Adult,55546,285.0,4.75,15830610,0
2004-2005,2004,Female,Admitted,1,Admitted,45-64,Middle Adult,56643,305.0,5.0833,17276115,0
2004-2005,2004,Female,Admitted,1,Admitted,65+,Older Adult,139060,315.0,5.25,43803900,0
2004-2005,2004,Male,Admitted,1,Admitted,0-19,Pediatric & Youth,33614,235.0,3.9167,7899290,0
2004-2005,2004,Male,Admitted,1,Admitted,20-44,Young Adult,48067,278.0,4.6333,13362626,0
2004-2005,2004,Male,Admitted,1,Admitted,45-64,Middle Adult,67401,286.0,4.7667,19276686,0
2004-2005,2004,Male,Admitted,1,Admitted,65+,Older Adult,117841,305.0,5.0833,35941505,0
2004-2005,2004,Female,Death,0,Not Admitted,0-19,Pediatric & Youth,111,31.0,0.5167,3441,0
2004-2005,2004,Female,Death,0,Not Admitted,20-44,Young Adult,168,40.0,0.6667,6720,0
2004-2005,2004,Female,Death,0,Not Admitted,45-64,Middle Adult,440,34.0,0.5667,14960,0
2004-2005,2004,Female,Death,0,Not Admitted,65+,Older Adult,1742,76.0,1.2667,132392,0
2004-2005,2004,Male,Death,0,Not Admitted,0-19,Pediatric & Youth,189,33.0,0.55,6237,0
2004-2005,2004,Male,Death,0,Not Admitted,20-44,Young Adult,518,30.0,0.5,15540,0
2004-2005,2004,Male,Death,0,Not Admitted,45-64,Middle Adult,1321,24.0,0.4,31704,0
2004-2005,2004,Male,Death,0,Not Admitted,65+,Older Adult,2355,47.0,0.7833,110685,0
2004-2005,2004,Female,Discharged,0,Not Admitted,0-19,Pediatric & Youth,561255,103.0,1.7167,57809265,0
2004-2005,2004,Female,Discharged,0,Not Admitted,20-44,Young Adult,822137,127.0,2.1167,104411399,0
2004-2005,2004,Female,Discharged,0,Not Admitted,45-64,Middle Adult,477445,131.0,2.1833,62545295,0
2004-2005,2004,Female,Discharged,0,Not Admitted,65+,Older Adult,365790,174.0,2.9,63647460,0
2004-2005,2004,Male,Discharged,0,Not Admitted,0-19,Pediatric & Youth,640845,101.0,1.6833,64725345,0
2004-2005,2004,Male,Discharged,0,Not Admitted,20-44,Young Adult,753274,117.0,1.95,88133058,0
2004-2005,2004,Male,Discharged,0,Not Admitted,45-64,Middle Adult,460622,127.0,2.1167,58498994,0
2004-2005,2004,Male,Discharged,0,Not Admitted,65+,Older Adult,293286,155.0,2.5833,45459330,0
2004-2005,2004,Female,Intra-Facility Transfer,0,Not Admitted,0-19,Pediatric & Youth,1894,137.0,2.2833,259478,0
2004-2005,2004,Female,Intra-Facility Transfer,0,Not Admitted,20-44,Young Adult,6555,215.0,3.5833,1409325,0
2004-2005,2004,Female,Intra-Facility Transfer,0,Not Admitted,45-64,Middle Adult,2123,168.0,2.8,356664,0
2004-2005,2004,Female,Intra-Facility Transfer,0,Not Admitted,65+,Older Adult,1723,182.0,3.0333,313586,0
2004-2005,2004,Male,Intra-Facility Transfer,0,Not Admitted,0-19,Pediatric & Youth,2128,135.0,2.25,287280,0
2004-2005,2004,Male,Intra-Facility Transfer,0,Not Admitted,20-44,Young Adult,3010,156.0,2.6,469560,0
2004-2005,2004,Male,Intra-Facility Transfer,0,Not Admitted,45-64,Middle Adult,2355,160.0,2.6667,376800,0
2004-2005,2004,Male,Intra-Facility Transfer,0,Not Admitted,65+,Older Adult,1630,189.0,3.15,308070,0
2004-2005,2004,Female,Left Without Being Seen,0,Not Admitted,0-19,Pediatric & Youth,28321,110.0,1.8333,3115310,0
2004-2005,2004,Female,Left Without Being Seen,0,Not Admitted,20-44,Young Adult,47643,125.0,2.0833,5955375,0
2004-2005,2004,Female,Left Without Being Seen,0,Not Admitted,45-64,Middle Adult,18629,126.0,2.1,2347254,0
2004-2005,2004,Female,Left Without Being Seen,0,Not Admitted,65+,Older Adult,8676,134.0,2.2333,1162584,0
2004-2005,2004,Male,Left Without Being Seen,0,Not Admitted,0-19,Pediatric & Youth,29349,105.0,1.75,3081645,0
2004-2005,2004,Male,Left Without Being Seen,0,Not Admitted,20-44,Young Adult,44038,122.0,2.0333,5372636,0
2004-2005,2004,Male,Left Without Being Seen,0,Not Admitted,45-64,Middle Adult,20498,130.0,2.1667,2664740,0
2004-2005,2004,Male,Left Without Being Seen,0,Not Admitted,65+,Older Adult,7919,128.0,2.1333,1013632,0
2004-2005,2004,Female,Transferred,0,Not Admitted,0-19,Pediatric & Youth,4172,180.0,3.0,750960,0
2004-2005,2004,Female,Transferred,0,Not Admitted,20-44,Young Adult,6191,213.0,3.55,1318683,0
2004-2005,2004,Female,Transferred,0,Not Admitted,45-64,Middle Adult,4557,244.0,4.0667,1111908,0
2004-2005,2004,Female,Transferred,0,Not Admitted,65+,Older Adult,6640,266.0,4.4333,1766240,0
2004-2005,2004,Male,Transferred,0,Not Admitted,0-19,Pediatric & Youth,5846,169.0,2.8167,987974,0
2004-2005,2004,Male,Transferred,0,Not Admitted,20-44,Young Adult,7028,215.0,3.5833,1511020,0
2004-2005,2004,Male,Transferred,0,Not Admitted,45-64,Middle Adult,6413,224.0,3.7333,1436512,0
2004-2005,2004,Male,Transferred,0,Not Admitted,65+,Older Adult,6141,254.0,4.2333,1559814,0
2004-2005,2004,Female,Unknown,0,Not Admitted,0-19,Pediatric & Youth,6833,53.0,0.8833,362149,0
2004-2005,2004,Female,Unknown,0,Not Admitted,20-44,Young Adult,7892,60.0,1.0,473520,0
2004-2005,2004,Female,Unknown,0,Not Admitted,45-64,Middle Adult,5214,64.0,1.0667,333696,0
2004-2005,2004,Female,Unknown,0,Not Admitted,65+,Older Adult,4498,87.0,1.45,391326,0
2004-2005,2004,Male,Unknown,0,Not Admitted,0-19,Pediatric & Youth,6594,52.0,0.8667,342888,0
2004-2005,2004,Male,Unknown,0,Not Admitted,20-44,Young Adult,6618,56.0,0.9333,370608,0
2004-2005,2004,Male,Unknown,0,Not Admitted,45-64,Middle Adult,5297,64.0,1.0667,339008,0
2004-2005,2004,Male,Unknown,0,Not Admitted,65+,Older Adult,4092,78.0,1.3,319176,0
2003-2004,2003,Female,Admitted,1,Admitted,0-19,Pediatric & Youth,26742,249.0,4.15,6658758,0
2003-2004,2003,Female,Admitted,1,Admitted,20-44,Young Adult,51826,301.0,5.0167,15599626,0
2003-2004,2003,Female,Admitted,1,Admitted,45-64,Middle Adult,53743,307.0,5.1167,16499101,0
2003-2004,2003,Female,Admitted,1,Admitted,65+,Older Adult,131387,320.0,5.3333,42043840,0
2003-2004,2003,Male,Admitted,1,Admitted,0-19,Pediatric & Youth,32916,235.0,3.9167,7735260,0
2003-2004,2003,Male,Admitted,1,Admitted,20-44,Young Adult,45398,285.0,4.75,12938430,0
2003-2004,2003,Male,Admitted,1,Admitted,45-64,Middle Adult,64183,294.0,4.9,18869802,0
2003-2004,2003,Male,Admitted,1,Admitted,65+,Older Adult,112458,310.0,5.1667,34861980,0
2003-2004,2003,Female,Death,0,Not Admitted,0-19,Pediatric & Youth,99,29.0,0.4833,2871,0
2003-2004,2003,Female,Death,0,Not Admitted,20-44,Young Adult,191,42.0,0.7,8022,0
2003-2004,2003,Female,Death,0,Not Admitted,45-64,Middle Adult,460,35.0,0.5833,16100,0
2003-2004,2003,Female,Death,0,Not Admitted,65+,Older Adult,1712,86.0,1.4333,147232,0
2003-2004,2003,Male,Death,0,Not Admitted,0-19,Pediatric & Youth,159,37.0,0.6167,5883,0
2003-2004,2003,Male,Death,0,Not Admitted,20-44,Young Adult,496,26.0,0.4333,12896,0
2003-2004,2003,Male,Death,0,Not Admitted,45-64,Middle Adult,1349,30.0,0.5,40470,0
2003-2004,2003,Male,Death,0,Not Admitted,65+,Older Adult,2516,43.0,0.7167,108188,0
2003-2004,2003,Female,Discharged,0,Not Admitted,0-19,Pediatric & Youth,545764,98.0,1.6333,53484872,0
2003-2004,2003,Female,Discharged,0,Not Admitted,20-44,Young Adult,767996,121.0,2.0167,92927516,0
2003-2004,2003,Female,Discharged,0,Not Admitted,45-64,Middle Adult,421939,126.0,2.1,53164314,0
2003-2004,2003,Female,Discharged,0,Not Admitted,65+,Older Adult,326007,169.0,2.8167,55095183,0
2003-2004,2003,Male,Discharged,0,Not Admitted,0-19,Pediatric & Youth,627670,96.0,1.6,60256320,0
2003-2004,2003,Male,Discharged,0,Not Admitted,20-44,Young Adult,720856,111.0,1.85,80015016,0
2003-2004,2003,Male,Discharged,0,Not Admitted,45-64,Middle Adult,412073,121.0,2.0167,49860833,0
2003-2004,2003,Male,Discharged,0,Not Admitted,65+,Older Adult,263877,150.0,2.5,39581550,0
2003-2004,2003,Female,Intra-Facility Transfer,0,Not Admitted,0-19,Pediatric & Youth,1941,140.0,2.3333,271740,0
2003-2004,2003,Female,Intra-Facility Transfer,0,Not Admitted,20-44,Young Adult,6949,212.0,3.5333,1473188,0
2003-2004,2003,Female,Intra-Facility Transfer,0,Not Admitted,45-64,Middle Adult,2214,188.0,3.1333,416232,0
2003-2004,2003,Female,Intra-Facility Transfer,0,Not Admitted,65+,Older Adult,1780,208.0,3.4667,370240,0
2003-2004,2003,Male,Intra-Facility Transfer,0,Not Admitted,0-19,Pediatric & Youth,2136,132.0,2.2,281952,0
2003-2004,2003,Male,Intra-Facility Transfer,0,Not Admitted,20-44,Young Adult,3620,161.0,2.6833,582820,0
2003-2004,2003,Male,Intra-Facility Transfer,0,Not Admitted,45-64,Middle Adult,2507,180.0,3.0,451260,0
2003-2004,2003,Male,Intra-Facility Transfer,0,Not Admitted,65+,Older Adult,1692,203.0,3.3833,343476,0
2003-2004,2003,Female,Left Without Being Seen,0,Not Admitted,0-19,Pediatric & Youth,25699,100.0,1.6667,2569900,0
2003-2004,2003,Female,Left Without Being Seen,0,Not Admitted,20-44,Young Adult,42487,115.0,1.9167,4886005,0
2003-2004,2003,Female,Left Without Being Seen,0,Not Admitted,45-64,Middle Adult,16212,115.0,1.9167,1864380,0
2003-2004,2003,Female,Left Without Being Seen,0,Not Admitted,65+,Older Adult,7776,119.0,1.9833,925344,0
2003-2004,2003,Male,Left Without Being Seen,0,Not Admitted,0-19,Pediatric & Youth,27409,98.0,1.6333,2686082,0
2003-2004,2003,Male,Left Without Being Seen,0,Not Admitted,20-44,Young Adult,40011,115.0,1.9167,4601265,0
2003-2004,2003,Male,Left Without Being Seen,0,Not Admitted,45-64,Middle Adult,17968,116.0,1.9333,2084288,0
2003-2004,2003,Male,Left Without Being Seen,0,Not Admitted,65+,Older Adult,7185,114.0,1.9,819090,0
2003-2004,2003,Female,Transferred,0,Not Admitted,0-19,Pediatric & Youth,4082,171.0,2.85,698022,0
2003-2004,2003,Female,Transferred,0,Not Admitted,20-44,Young Adult,5756,210.0,3.5,1208760,0
2003-2004,2003,Female,Transferred,0,Not Admitted,45-64,Middle Adult,3916,246.0,4.1,963336,0
2003-2004,2003,Female,Transferred,0,Not Admitted,65+,Older Adult,5621,265.0,4.4167,1489565,0
2003-2004,2003,Male,Transferred,0,Not Admitted,0-19,Pediatric & Youth,5571,164.0,2.7333,913644,0
2003-2004,2003,Male,Transferred,0,Not Admitted,20-44,Young Adult,6687,207.0,3.45,1384209,0
2003-2004,2003,Male,Transferred,0,Not Admitted,45-64,Middle Adult,5617,218.0,3.6333,1224506,0
2003-2004,2003,Male,Transferred,0,Not Admitted,65+,Older Adult,5131,247.0,4.1167,1267357,0
2003-2004,2003,Female,Unknown,0,Not Admitted,0-19,Pediatric & Youth,6827,54.0,0.9,368658,0
2003-2004,2003,Female,Unknown,0,Not Admitted,20-44,Young Adult,7229,60.0,1.0,433740,0
2003-2004,2003,Female,Unknown,0,Not Admitted,45-64,Middle Adult,4832,66.0,1.1,318912,0
2003-2004,2003,Female,Unknown,0,Not Admitted,65+,Older Adult,4506,90.0,1.5,405540,0
2003-2004,2003,Male,Unknown,0,Not Admitted,0-19,Pediatric & Youth,6371,55.0,0.9167,350405,0
2003-2004,2003,Male,Unknown,0,Not Admitted,20-44,Young Adult,6254,58.0,0.9667,362732,0
2003-2004,2003,Male,Unknown,0,Not Admitted,45-64,Middle Adult,4659,64.0,1.0667,298176,0
2003-2004,2003,Male,Unknown,0,Not Admitted,65+,Older Adult,3932,83.0,1.3833,326356,0
