fiscal_year,fiscal_year_start,sex,main_problem,age_group,population_category,ed_visits,median_los_minutes,median_los_hours,erbi
2021-2022,2021,Female,Acute Myocardial Infarction,0-19,Pediatric & Youth,0,216,3.6,0
2021-2022,2021,Female,Acute Myocardial Infarction,20-44,Young Adult,291,450,7.5,130950
2021-2022,2021,Female,Acute Myocardial Infarction,45-64,Middle Adult,2485,408,6.8,1013880
2021-2022,2021,Female,Acute Myocardial Infarction,65+,Older Adult,6555,498,8.3,3264390
2021-2022,2021,Female,Asthma,0-19,Pediatric & Youth,7013,222,3.7,1556886
2021-2022,2021,Female,Asthma,20-44,Young Adult,7392,186,3.1,1374912
2021-2022,2021,Female,Asthma,45-64,Middle Adult,3715,216,3.6,802440
2021-2022,2021,Female,Asthma,65+,Older Adult,2010,276,4.6,554760
2021-2022,2021,Female,Influenzal Pneumonia,0-19,Pediatric & Youth,8,186,3.1,1488
2021-2022,2021,Female,Influenzal Pneumonia,20-44,Young Adult,9,198,3.3,1782
2021-2022,2021,Female,Influenzal Pneumonia,45-64,Middle Adult,11,486,8.1,5346
2021-2022,2021,Female,Influenzal Pneumonia,65+,Older Adult,8,345,5.75,2760
2021-2022,2021,Female,Motor Vehicle Collisions,0-19,Pediatric & Youth,13882,150,2.5,2082300
2021-2022,2021,Female,Motor Vehicle Collisions,20-44,Young Adult,27461,174,2.9,4778214
2021-2022,2021,Female,Motor Vehicle Collisions,45-64,Middle Adult,14557,192,3.2,2794944
2021-2022,2021,Female,Motor Vehicle Collisions,65+,Older Adult,6199,228,3.8,1413372
2021-2022,2021,Female,Pneumonia,0-19,Pediatric & Youth,5884,204,3.4,1200336
2021-2022,2021,Female,Pneumonia,20-44,Young Adult,4527,276,4.6,1249452
2021-2022,2021,Female,Pneumonia,45-64,Middle Adult,6137,324,5.4,1988388
2021-2022,2021,Female,Pneumonia,65+,Older Adult,12619,474,7.9,5981406
2021-2022,2021,Female,Trauma,0-19,Pediatric & Youth,213633,132,2.2,28199556
2021-2022,2021,Female,Trauma,20-44,Young Adult,263151,144,2.4,37893744
2021-2022,2021,Female,Trauma,45-64,Middle Adult,186777,156,2.6,29137212
2021-2022,2021,Female,Trauma,65+,Older Adult,188252,240,4.0,45180480
2021-2022,2021,Female,Unintentional Falls,0-19,Pediatric & Youth,80327,132,2.2,10603164
2021-2022,2021,Female,Unintentional Falls,20-44,Young Adult,68985,150,2.5,10347750
2021-2022,2021,Female,Unintentional Falls,45-64,Middle Adult,78181,174,2.9,13603494
2021-2022,2021,Female,Unintentional Falls,65+,Older Adult,130230,288,4.8,37506240
2021-2022,2021,Male,Acute Myocardial Infarction,0-19,Pediatric & Youth,12,342,5.7,4104
2021-2022,2021,Male,Acute Myocardial Infarction,20-44,Young Adult,940,258,4.3,242520
2021-2022,2021,Male,Acute Myocardial Infarction,45-64,Middle Adult,7145,294,4.9,2100630
2021-2022,2021,Male,Acute Myocardial Infarction,65+,Older Adult,9065,396,6.6,3589740
2021-2022,2021,Male,Asthma,0-19,Pediatric & Youth,11875,222,3.7,2636250
2021-2022,2021,Male,Asthma,20-44,Young Adult,5077,174,2.9,883398
2021-2022,2021,Male,Asthma,45-64,Middle Adult,2108,204,3.4,430032
2021-2022,2021,Male,Asthma,65+,Older Adult,937,258,4.3,241746
2021-2022,2021,Male,Influenzal Pneumonia,0-19,Pediatric & Youth,7,150,2.5,1050
2021-2022,2021,Male,Influenzal Pneumonia,20-44,Young Adult,7,348,5.8,2436
2021-2022,2021,Male,Influenzal Pneumonia,45-64,Middle Adult,5,198,3.3,990
2021-2022,2021,Male,Influenzal Pneumonia,65+,Older Adult,9,504,8.4,4536
2021-2022,2021,Male,Motor Vehicle Collisions,0-19,Pediatric & Youth,21691,150,2.5,3253650
2021-2022,2021,Male,Motor Vehicle Collisions,20-44,Young Adult,37835,174,2.9,6583290
2021-2022,2021,Male,Motor Vehicle Collisions,45-64,Middle Adult,19859,192,3.2,3812928
2021-2022,2021,Male,Motor Vehicle Collisions,65+,Older Adult,7638,228,3.8,1741464
2021-2022,2021,Male,Pneumonia,0-19,Pediatric & Youth,7415,204,3.4,1512660
2021-2022,2021,Male,Pneumonia,20-44,Young Adult,4627,288,4.8,1332576
2021-2022,2021,Male,Pneumonia,45-64,Middle Adult,7354,342,5.7,2515068
2021-2022,2021,Male,Pneumonia,65+,Older Adult,14681,468,7.8,6870708
2021-2022,2021,Male,Trauma,0-19,Pediatric & Youth,287564,132,2.2,37958448
2021-2022,2021,Male,Trauma,20-44,Young Adult,367484,144,2.4,52917696
2021-2022,2021,Male,Trauma,45-64,Middle Adult,205014,150,2.5,30752100
2021-2022,2021,Male,Trauma,65+,Older Adult,140174,210,3.5,29436540
2021-2022,2021,Male,Unintentional Falls,0-19,Pediatric & Youth,98840,138,2.3,13639920
2021-2022,2021,Male,Unintentional Falls,20-44,Young Adult,69042,156,2.6,10770552
2021-2022,2021,Male,Unintentional Falls,45-64,Middle Adult,57265,186,3.1,10651290
2021-2022,2021,Male,Unintentional Falls,65+,Older Adult,76912,270,4.5,20766240
2020-2021,2020,Female,Acute Myocardial Infarction,0-19,Pediatric & Youth,0,132,2.2,0
2020-2021,2020,Female,Acute Myocardial Infarction,20-44,Young Adult,241,408,6.8,98328
2020-2021,2020,Female,Acute Myocardial Infarction,45-64,Middle Adult,2483,366,6.1,908778
2020-2021,2020,Female,Acute Myocardial Infarction,65+,Older Adult,6174,438,7.3,2704212
2020-2021,2020,Female,Asthma,0-19,Pediatric & Youth,2900,162,2.7,469800
2020-2021,2020,Female,Asthma,20-44,Young Adult,5965,162,2.7,966330
2020-2021,2020,Female,Asthma,45-64,Middle Adult,3082,192,3.2,591744
2020-2021,2020,Female,Asthma,65+,Older Adult,1639,258,4.3,422862
2020-2021,2020,Female,Influenzal Pneumonia,0-19,Pediatric & Youth,5,162,2.7,810
2020-2021,2020,Female,Influenzal Pneumonia,20-44,Young Adult,19,198,3.3,3762
2020-2021,2020,Female,Influenzal Pneumonia,45-64,Middle Adult,15,324,5.4,4860
2020-2021,2020,Female,Influenzal Pneumonia,65+,Older Adult,9,354,5.9,3186
2020-2021,2020,Female,Motor Vehicle Collisions,0-19,Pediatric & Youth,13647,132,2.2,1801404
2020-2021,2020,Female,Motor Vehicle Collisions,20-44,Young Adult,23176,156,2.6,3615456
2020-2021,2020,Female,Motor Vehicle Collisions,45-64,Middle Adult,12335,174,2.9,2146290
2020-2021,2020,Female,Motor Vehicle Collisions,65+,Older Adult,4956,210,3.5,1040760
2020-2021,2020,Female,Pneumonia,0-19,Pediatric & Youth,1348,186,3.1,250728
2020-2021,2020,Female,Pneumonia,20-44,Young Adult,3387,258,4.3,873846
2020-2021,2020,Female,Pneumonia,45-64,Middle Adult,5148,300,5.0,1544400
2020-2021,2020,Female,Pneumonia,65+,Older Adult,10716,438,7.3,4693608
2020-2021,2020,Female,Trauma,0-19,Pediatric & Youth,171877,108,1.8,18562716
2020-2021,2020,Female,Trauma,20-44,Young Adult,223107,120,2.0,26772840
2020-2021,2020,Female,Trauma,45-64,Middle Adult,162633,132,2.2,21467556
2020-2021,2020,Female,Trauma,65+,Older Adult,156151,216,3.6,33728616
2020-2021,2020,Female,Unintentional Falls,0-19,Pediatric & Youth,66839,114,1.9,7619646
2020-2021,2020,Female,Unintentional Falls,20-44,Young Adult,57720,126,2.1,7272720
2020-2021,2020,Female,Unintentional Falls,45-64,Middle Adult,68084,156,2.6,10621104
2020-2021,2020,Female,Unintentional Falls,65+,Older Adult,109377,258,4.3,28219266
2020-2021,2020,Male,Acute Myocardial Infarction,0-19,Pediatric & Youth,0,198,3.3,0
2020-2021,2020,Male,Acute Myocardial Infarction,20-44,Young Adult,856,282,4.7,241392
2020-2021,2020,Male,Acute Myocardial Infarction,45-64,Middle Adult,6840,264,4.4,1805760
2020-2021,2020,Male,Acute Myocardial Infarction,65+,Older Adult,8527,366,6.1,3120882
2020-2021,2020,Male,Asthma,0-19,Pediatric & Youth,4248,168,2.8,713664
2020-2021,2020,Male,Asthma,20-44,Young Adult,4391,144,2.4,632304
2020-2021,2020,Male,Asthma,45-64,Middle Adult,1959,174,2.9,340866
2020-2021,2020,Male,Asthma,65+,Older Adult,761,216,3.6,164376
2020-2021,2020,Male,Influenzal Pneumonia,0-19,Pediatric & Youth,0,159,2.65,0
2020-2021,2020,Male,Influenzal Pneumonia,20-44,Young Adult,13,354,5.9,4602
2020-2021,2020,Male,Influenzal Pneumonia,45-64,Middle Adult,22,285,4.75,6270
2020-2021,2020,Male,Influenzal Pneumonia,65+,Older Adult,17,528,8.8,8976
2020-2021,2020,Male,Motor Vehicle Collisions,0-19,Pediatric & Youth,22360,132,2.2,2951520
2020-2021,2020,Male,Motor Vehicle Collisions,20-44,Young Adult,35830,156,2.6,5589480
2020-2021,2020,Male,Motor Vehicle Collisions,45-64,Middle Adult,18000,174,2.9,3132000
2020-2021,2020,Male,Motor Vehicle Collisions,65+,Older Adult,6446,204,3.4,1314984
2020-2021,2020,Male,Pneumonia,0-19,Pediatric & Youth,1775,180,3.0,319500
2020-2021,2020,Male,Pneumonia,20-44,Young Adult,3734,270,4.5,1008180
2020-2021,2020,Male,Pneumonia,45-64,Middle Adult,6629,318,5.3,2108022
2020-2021,2020,Male,Pneumonia,65+,Older Adult,13039,420,7.0,5476380
2020-2021,2020,Male,Trauma,0-19,Pediatric & Youth,221690,108,1.8,23942520
2020-2021,2020,Male,Trauma,20-44,Young Adult,310549,120,2.0,37265880
2020-2021,2020,Male,Trauma,45-64,Middle Adult,183327,132,2.2,24199164
2020-2021,2020,Male,Trauma,65+,Older Adult,118917,180,3.0,21405060
2020-2021,2020,Male,Unintentional Falls,0-19,Pediatric & Youth,80742,114,1.9,9204588
2020-2021,2020,Male,Unintentional Falls,20-44,Young Adult,56135,132,2.2,7409820
2020-2021,2020,Male,Unintentional Falls,45-64,Middle Adult,49702,162,2.7,8051724
2020-2021,2020,Male,Unintentional Falls,65+,Older Adult,64260,246,4.1,15807960
2019-2020,2019,Female,Acute Myocardial Infarction,0-19,Pediatric & Youth,8,375,6.25,3000
2019-2020,2019,Female,Acute Myocardial Infarction,20-44,Young Adult,272,438,7.3,119136
2019-2020,2019,Female,Acute Myocardial Infarction,45-64,Middle Adult,2637,378,6.3,996786
2019-2020,2019,Female,Acute Myocardial Infarction,65+,Older Adult,6948,480,8.0,3335040
2019-2020,2019,Female,Asthma,0-19,Pediatric & Youth,10552,186,3.1,1962672
2019-2020,2019,Female,Asthma,20-44,Young Adult,10939,168,2.8,1837752
2019-2020,2019,Female,Asthma,45-64,Middle Adult,6421,192,3.2,1232832
2019-2020,2019,Female,Asthma,65+,Older Adult,3620,252,4.2,912240
2019-2020,2019,Female,Influenzal Pneumonia,0-19,Pediatric & Youth,77,234,3.9,18018
2019-2020,2019,Female,Influenzal Pneumonia,20-44,Young Adult,144,252,4.2,36288
2019-2020,2019,Female,Influenzal Pneumonia,45-64,Middle Adult,110,300,5.0,33000
2019-2020,2019,Female,Influenzal Pneumonia,65+,Older Adult,142,549,9.15,77958
2019-2020,2019,Female,Motor Vehicle Collisions,0-19,Pediatric & Youth,14967,138,2.3,2065446
2019-2020,2019,Female,Motor Vehicle Collisions,20-44,Young Adult,30983,162,2.7,5019246
2019-2020,2019,Female,Motor Vehicle Collisions,45-64,Middle Adult,17329,180,3.0,3119220
2019-2020,2019,Female,Motor Vehicle Collisions,65+,Older Adult,7659,216,3.6,1654344
2019-2020,2019,Female,Pneumonia,0-19,Pediatric & Youth,17421,180,3.0,3135780
2019-2020,2019,Female,Pneumonia,20-44,Young Adult,12976,204,3.4,2647104
2019-2020,2019,Female,Pneumonia,45-64,Middle Adult,13842,234,3.9,3239028
2019-2020,2019,Female,Pneumonia,65+,Older Adult,24212,384,6.4,9297408
2019-2020,2019,Female,Trauma,0-19,Pediatric & Youth,248608,120,2.0,29832960
2019-2020,2019,Female,Trauma,20-44,Young Adult,274063,138,2.3,37820694
2019-2020,2019,Female,Trauma,45-64,Middle Adult,198857,144,2.4,28635408
2019-2020,2019,Female,Trauma,65+,Older Adult,187350,222,3.7,41591700
2019-2020,2019,Female,Unintentional Falls,0-19,Pediatric & Youth,89070,126,2.1,11222820
2019-2020,2019,Female,Unintentional Falls,20-44,Young Adult,67298,144,2.4,9690912
2019-2020,2019,Female,Unintentional Falls,45-64,Middle Adult,79897,168,2.8,13422696
2019-2020,2019,Female,Unintentional Falls,65+,Older Adult,126262,258,4.3,32575596
2019-2020,2019,Male,Acute Myocardial Infarction,0-19,Pediatric & Youth,10,132,2.2,1320
2019-2020,2019,Male,Acute Myocardial Infarction,20-44,Young Adult,1039,240,4.0,249360
2019-2020,2019,Male,Acute Myocardial Infarction,45-64,Middle Adult,7666,282,4.7,2161812
2019-2020,2019,Male,Acute Myocardial Infarction,65+,Older Adult,9227,396,6.6,3653892
2019-2020,2019,Male,Asthma,0-19,Pediatric & Youth,16397,198,3.3,3246606
2019-2020,2019,Male,Asthma,20-44,Young Adult,7451,156,2.6,1162356
2019-2020,2019,Male,Asthma,45-64,Middle Adult,3544,186,3.1,659184
2019-2020,2019,Male,Asthma,65+,Older Adult,1575,234,3.9,368550
2019-2020,2019,Male,Influenzal Pneumonia,0-19,Pediatric & Youth,104,225,3.75,23400
2019-2020,2019,Male,Influenzal Pneumonia,20-44,Young Adult,128,216,3.6,27648
2019-2020,2019,Male,Influenzal Pneumonia,45-64,Middle Adult,110,348,5.8,38280
2019-2020,2019,Male,Influenzal Pneumonia,65+,Older Adult,164,534,8.9,87576
2019-2020,2019,Male,Motor Vehicle Collisions,0-19,Pediatric & Youth,20531,138,2.3,2833278
2019-2020,2019,Male,Motor Vehicle Collisions,20-44,Young Adult,39236,162,2.7,6356232
2019-2020,2019,Male,Motor Vehicle Collisions,45-64,Middle Adult,21049,180,3.0,3788820
2019-2020,2019,Male,Motor Vehicle Collisions,65+,Older Adult,7878,210,3.5,1654380
2019-2020,2019,Male,Pneumonia,0-19,Pediatric & Youth,21091,180,3.0,3796380
2019-2020,2019,Male,Pneumonia,20-44,Young Adult,11276,204,3.4,2300304
2019-2020,2019,Male,Pneumonia,45-64,Middle Adult,14476,258,4.3,3734808
2019-2020,2019,Male,Pneumonia,65+,Older Adult,24511,396,6.6,9706356
2019-2020,2019,Male,Trauma,0-19,Pediatric & Youth,326241,120,2.0,39148920
2019-2020,2019,Male,Trauma,20-44,Young Adult,383132,132,2.2,50573424
2019-2020,2019,Male,Trauma,45-64,Middle Adult,218736,144,2.4,31497984
2019-2020,2019,Male,Trauma,65+,Older Adult,136112,192,3.2,26133504
2019-2020,2019,Male,Unintentional Falls,0-19,Pediatric & Youth,106624,126,2.1,13434624
2019-2020,2019,Male,Unintentional Falls,20-44,Young Adult,67420,144,2.4,9708480
2019-2020,2019,Male,Unintentional Falls,45-64,Middle Adult,58895,174,2.9,10247730
2019-2020,2019,Male,Unintentional Falls,65+,Older Adult,73294,246,4.1,18030324
2018-2019,2018,Female,Acute Myocardial Infarction,0-19,Pediatric & Youth,0,72,1.2,0
2018-2019,2018,Female,Acute Myocardial Infarction,20-44,Young Adult,306,432,7.2,132192
2018-2019,2018,Female,Acute Myocardial Infarction,45-64,Middle Adult,2637,390,6.5,1028430
2018-2019,2018,Female,Acute Myocardial Infarction,65+,Older Adult,6615,492,8.2,3254580
2018-2019,2018,Female,Asthma,0-19,Pediatric & Youth,10375,180,3.0,1867500
2018-2019,2018,Female,Asthma,20-44,Young Adult,10728,162,2.7,1737936
2018-2019,2018,Female,Asthma,45-64,Middle Adult,6436,189,3.15,1216404
2018-2019,2018,Female,Asthma,65+,Older Adult,3721,252,4.2,937692
2018-2019,2018,Female,Influenzal Pneumonia,0-19,Pediatric & Youth,72,246,4.1,17712
2018-2019,2018,Female,Influenzal Pneumonia,20-44,Young Adult,89,228,3.8,20292
2018-2019,2018,Female,Influenzal Pneumonia,45-64,Middle Adult,105,252,4.2,26460
2018-2019,2018,Female,Influenzal Pneumonia,65+,Older Adult,97,690,11.5,66930
2018-2019,2018,Female,Motor Vehicle Collisions,0-19,Pediatric & Youth,15313,132,2.2,2021316
2018-2019,2018,Female,Motor Vehicle Collisions,20-44,Young Adult,32746,156,2.6,5108376
2018-2019,2018,Female,Motor Vehicle Collisions,45-64,Middle Adult,17950,174,2.9,3123300
2018-2019,2018,Female,Motor Vehicle Collisions,65+,Older Adult,7506,210,3.5,1576260
2018-2019,2018,Female,Pneumonia,0-19,Pediatric & Youth,15521,174,2.9,2700654
2018-2019,2018,Female,Pneumonia,20-44,Young Adult,10799,204,3.4,2202996
2018-2019,2018,Female,Pneumonia,45-64,Middle Adult,12914,240,4.0,3099360
2018-2019,2018,Female,Pneumonia,65+,Older Adult,23247,378,6.3,8787366
2018-2019,2018,Female,Trauma,0-19,Pediatric & Youth,251642,120,2.0,30197040
2018-2019,2018,Female,Trauma,20-44,Young Adult,281307,132,2.2,37132524
2018-2019,2018,Female,Trauma,45-64,Middle Adult,207847,144,2.4,29929968
2018-2019,2018,Female,Trauma,65+,Older Adult,187501,216,3.6,40500216
2018-2019,2018,Female,Unintentional Falls,0-19,Pediatric & Youth,89377,120,2.0,10725240
2018-2019,2018,Female,Unintentional Falls,20-44,Young Adult,70927,144,2.4,10213488
2018-2019,2018,Female,Unintentional Falls,45-64,Middle Adult,85623,162,2.7,13870926
2018-2019,2018,Female,Unintentional Falls,65+,Older Adult,126835,252,4.2,31962420
2018-2019,2018,Male,Acute Myocardial Infarction,0-19,Pediatric & Youth,6,255,4.25,1530
2018-2019,2018,Male,Acute Myocardial Infarction,20-44,Young Adult,961,270,4.5,259470
2018-2019,2018,Male,Acute Myocardial Infarction,45-64,Middle Adult,7502,264,4.4,1980528
2018-2019,2018,Male,Acute Myocardial Infarction,65+,Older Adult,8928,402,6.7,3589056
2018-2019,2018,Male,Asthma,0-19,Pediatric & Youth,16379,192,3.2,3144768
2018-2019,2018,Male,Asthma,20-44,Young Adult,7494,150,2.5,1124100
2018-2019,2018,Male,Asthma,45-64,Middle Adult,3605,180,3.0,648900
2018-2019,2018,Male,Asthma,65+,Older Adult,1492,222,3.7,331224
2018-2019,2018,Male,Influenzal Pneumonia,0-19,Pediatric & Youth,116,210,3.5,24360
2018-2019,2018,Male,Influenzal Pneumonia,20-44,Young Adult,96,225,3.75,21600
2018-2019,2018,Male,Influenzal Pneumonia,45-64,Middle Adult,99,288,4.8,28512
2018-2019,2018,Male,Influenzal Pneumonia,65+,Older Adult,87,546,9.1,47502
2018-2019,2018,Male,Motor Vehicle Collisions,0-19,Pediatric & Youth,19761,132,2.2,2608452
2018-2019,2018,Male,Motor Vehicle Collisions,20-44,Young Adult,39042,156,2.6,6090552
2018-2019,2018,Male,Motor Vehicle Collisions,45-64,Middle Adult,21534,174,2.9,3746916
2018-2019,2018,Male,Motor Vehicle Collisions,65+,Older Adult,7871,204,3.4,1605684
2018-2019,2018,Male,Pneumonia,0-19,Pediatric & Youth,18294,174,2.9,3183156
2018-2019,2018,Male,Pneumonia,20-44,Young Adult,10090,204,3.4,2058360
2018-2019,2018,Male,Pneumonia,45-64,Middle Adult,13731,252,4.2,3460212
2018-2019,2018,Male,Pneumonia,65+,Older Adult,23703,390,6.5,9244170
2018-2019,2018,Male,Trauma,0-19,Pediatric & Youth,323819,120,2.0,38858280
2018-2019,2018,Male,Trauma,20-44,Young Adult,394026,132,2.2,52011432
2018-2019,2018,Male,Trauma,45-64,Middle Adult,226868,138,2.3,31307784
2018-2019,2018,Male,Trauma,65+,Older Adult,135383,186,3.1,25181238
2018-2019,2018,Male,Unintentional Falls,0-19,Pediatric & Youth,105554,120,2.0,12666480
2018-2019,2018,Male,Unintentional Falls,20-44,Young Adult,71366,144,2.4,10276704
2018-2019,2018,Male,Unintentional Falls,45-64,Middle Adult,64201,168,2.8,10785768
2018-2019,2018,Male,Unintentional Falls,65+,Older Adult,74275,234,3.9,17380350
2017-2018,2017,Female,Acute Myocardial Infarction,0-19,Pediatric & Youth,0,126,2.1,0
2017-2018,2017,Female,Acute Myocardial Infarction,20-44,Young Adult,276,390,6.5,107640
2017-2018,2017,Female,Acute Myocardial Infarction,45-64,Middle Adult,2488,390,6.5,970320
2017-2018,2017,Female,Acute Myocardial Infarction,65+,Older Adult,6527,468,7.8,3054636
2017-2018,2017,Female,Asthma,0-19,Pediatric & Youth,11011,174,2.9,1915914
2017-2018,2017,Female,Asthma,20-44,Young Adult,11299,162,2.7,1830438
2017-2018,2017,Female,Asthma,45-64,Middle Adult,7226,186,3.1,1344036
2017-2018,2017,Female,Asthma,65+,Older Adult,3832,246,4.1,942672
2017-2018,2017,Female,Influenzal Pneumonia,0-19,Pediatric & Youth,43,225,3.75,9675
2017-2018,2017,Female,Influenzal Pneumonia,20-44,Young Adult,73,234,3.9,17082
2017-2018,2017,Female,Influenzal Pneumonia,45-64,Middle Adult,108,249,4.15,26892
2017-2018,2017,Female,Influenzal Pneumonia,65+,Older Adult,225,924,15.4,207900
2017-2018,2017,Female,Motor Vehicle Collisions,0-19,Pediatric & Youth,15861,132,2.2,2093652
2017-2018,2017,Female,Motor Vehicle Collisions,20-44,Young Adult,33209,150,2.5,4981350
2017-2018,2017,Female,Motor Vehicle Collisions,45-64,Middle Adult,18509,168,2.8,3109512
2017-2018,2017,Female,Motor Vehicle Collisions,65+,Older Adult,7498,204,3.4,1529592
2017-2018,2017,Female,Pneumonia,0-19,Pediatric & Youth,16488,174,2.9,2868912
2017-2018,2017,Female,Pneumonia,20-44,Young Adult,11470,192,3.2,2202240
2017-2018,2017,Female,Pneumonia,45-64,Middle Adult,14137,228,3.8,3223236
2017-2018,2017,Female,Pneumonia,65+,Older Adult,26122,366,6.1,9560652
2017-2018,2017,Female,Trauma,0-19,Pediatric & Youth,259846,114,1.9,29622444
2017-2018,2017,Female,Trauma,20-44,Young Adult,276877,126,2.1,34886502
2017-2018,2017,Female,Trauma,45-64,Middle Adult,202931,138,2.3,28004478
2017-2018,2017,Female,Trauma,65+,Older Adult,181001,210,3.5,38010210
2017-2018,2017,Female,Unintentional Falls,0-19,Pediatric & Youth,90353,120,2.0,10842360
2017-2018,2017,Female,Unintentional Falls,20-44,Young Adult,66555,138,2.3,9184590
2017-2018,2017,Female,Unintentional Falls,45-64,Middle Adult,79791,162,2.7,12926142
2017-2018,2017,Female,Unintentional Falls,65+,Older Adult,120817,252,4.2,30445884
2017-2018,2017,Male,Acute Myocardial Infarction,0-19,Pediatric & Youth,5,186,3.1,930
2017-2018,2017,Male,Acute Myocardial Infarction,20-44,Young Adult,921,264,4.4,243144
2017-2018,2017,Male,Acute Myocardial Infarction,45-64,Middle Adult,7483,270,4.5,2020410
2017-2018,2017,Male,Acute Myocardial Infarction,65+,Older Adult,8798,390,6.5,3431220
2017-2018,2017,Male,Asthma,0-19,Pediatric & Youth,17819,180,3.0,3207420
2017-2018,2017,Male,Asthma,20-44,Young Adult,7830,150,2.5,1174500
2017-2018,2017,Male,Asthma,45-64,Middle Adult,4016,180,3.0,722880
2017-2018,2017,Male,Asthma,65+,Older Adult,1661,228,3.8,378708
2017-2018,2017,Male,Influenzal Pneumonia,0-19,Pediatric & Youth,63,216,3.6,13608
2017-2018,2017,Male,Influenzal Pneumonia,20-44,Young Adult,88,201,3.35,17688
2017-2018,2017,Male,Influenzal Pneumonia,45-64,Middle Adult,94,330,5.5,31020
2017-2018,2017,Male,Influenzal Pneumonia,65+,Older Adult,175,702,11.7,122850
2017-2018,2017,Male,Motor Vehicle Collisions,0-19,Pediatric & Youth,22234,132,2.2,2934888
2017-2018,2017,Male,Motor Vehicle Collisions,20-44,Young Adult,40852,156,2.6,6372912
2017-2018,2017,Male,Motor Vehicle Collisions,45-64,Middle Adult,22181,174,2.9,3859494
2017-2018,2017,Male,Motor Vehicle Collisions,65+,Older Adult,7804,204,3.4,1592016
2017-2018,2017,Male,Pneumonia,0-19,Pediatric & Youth,19518,168,2.8,3279024
2017-2018,2017,Male,Pneumonia,20-44,Young Adult,10325,186,3.1,1920450
2017-2018,2017,Male,Pneumonia,45-64,Middle Adult,14779,234,3.9,3458286
2017-2018,2017,Male,Pneumonia,65+,Older Adult,25648,372,6.2,9541056
2017-2018,2017,Male,Trauma,0-19,Pediatric & Youth,347104,114,1.9,39569856
2017-2018,2017,Male,Trauma,20-44,Young Adult,399962,126,2.1,50395212
2017-2018,2017,Male,Trauma,45-64,Middle Adult,225403,138,2.3,31105614
2017-2018,2017,Male,Trauma,65+,Older Adult,129204,180,3.0,23256720
2017-2018,2017,Male,Unintentional Falls,0-19,Pediatric & Youth,110963,120,2.0,13315560
2017-2018,2017,Male,Unintentional Falls,20-44,Young Adult,68732,144,2.4,9897408
2017-2018,2017,Male,Unintentional Falls,45-64,Middle Adult,59426,168,2.8,9983568
2017-2018,2017,Male,Unintentional Falls,65+,Older Adult,68860,234,3.9,16113240
2016-2017,2016,Female,Acute Myocardial Infarction,0-19,Pediatric & Youth,0,0,0.0,0
2016-2017,2016,Female,Acute Myocardial Infarction,20-44,Young Adult,260,360,6.0,93600
2016-2017,2016,Female,Acute Myocardial Infarction,45-64,Middle Adult,2577,372,6.2,958644
2016-2017,2016,Female,Acute Myocardial Infarction,65+,Older Adult,6311,468,7.8,2953548
2016-2017,2016,Female,Asthma,0-19,Pediatric & Youth,10952,168,2.8,1839936
2016-2017,2016,Female,Asthma,20-44,Young Adult,10918,162,2.7,1768716
2016-2017,2016,Female,Asthma,45-64,Middle Adult,6705,186,3.1,1247130
2016-2017,2016,Female,Asthma,65+,Older Adult,3493,246,4.1,859278
2016-2017,2016,Female,Influenzal Pneumonia,0-19,Pediatric & Youth,39,198,3.3,7722
2016-2017,2016,Female,Influenzal Pneumonia,20-44,Young Adult,55,198,3.3,10890
2016-2017,2016,Female,Influenzal Pneumonia,45-64,Middle Adult,65,222,3.7,14430
2016-2017,2016,Female,Influenzal Pneumonia,65+,Older Adult,110,525,8.75,57750
2016-2017,2016,Female,Motor Vehicle Collisions,0-19,Pediatric & Youth,15664,126,2.1,1973664
2016-2017,2016,Female,Motor Vehicle Collisions,20-44,Young Adult,32862,144,2.4,4732128
2016-2017,2016,Female,Motor Vehicle Collisions,45-64,Middle Adult,18197,162,2.7,2947914
2016-2017,2016,Female,Motor Vehicle Collisions,65+,Older Adult,7428,198,3.3,1470744
2016-2017,2016,Female,Pneumonia,0-19,Pediatric & Youth,14653,168,2.8,2461704
2016-2017,2016,Female,Pneumonia,20-44,Young Adult,9679,180,3.0,1742220
2016-2017,2016,Female,Pneumonia,45-64,Middle Adult,12271,222,3.7,2724162
2016-2017,2016,Female,Pneumonia,65+,Older Adult,23283,366,6.1,8521578
2016-2017,2016,Female,Trauma,0-19,Pediatric & Youth,256372,114,1.9,29226408
2016-2017,2016,Female,Trauma,20-44,Young Adult,272154,126,2.1,34291404
2016-2017,2016,Female,Trauma,45-64,Middle Adult,200696,138,2.3,27696048
2016-2017,2016,Female,Trauma,65+,Older Adult,175006,204,3.4,35701224
2016-2017,2016,Female,Unintentional Falls,0-19,Pediatric & Youth,90269,114,1.9,10290666
2016-2017,2016,Female,Unintentional Falls,20-44,Young Adult,65870,132,2.2,8694840
2016-2017,2016,Female,Unintentional Falls,45-64,Middle Adult,79712,156,2.6,12435072
2016-2017,2016,Female,Unintentional Falls,65+,Older Adult,117186,240,4.0,28124640
2016-2017,2016,Male,Acute Myocardial Infarction,0-19,Pediatric & Youth,9,192,3.2,1728
2016-2017,2016,Male,Acute Myocardial Infarction,20-44,Young Adult,908,240,4.0,217920
2016-2017,2016,Male,Acute Myocardial Infarction,45-64,Middle Adult,7595,258,4.3,1959510
2016-2017,2016,Male,Acute Myocardial Infarction,65+,Older Adult,8661,390,6.5,3377790
2016-2017,2016,Male,Asthma,0-19,Pediatric & Youth,17272,180,3.0,3108960
2016-2017,2016,Male,Asthma,20-44,Young Adult,7625,138,2.3,1052250
2016-2017,2016,Male,Asthma,45-64,Middle Adult,3654,168,2.8,613872
2016-2017,2016,Male,Asthma,65+,Older Adult,1566,216,3.6,338256
2016-2017,2016,Male,Influenzal Pneumonia,0-19,Pediatric & Youth,42,129,2.15,5418
2016-2017,2016,Male,Influenzal Pneumonia,20-44,Young Adult,60,177,2.95,10620
2016-2017,2016,Male,Influenzal Pneumonia,45-64,Middle Adult,52,252,4.2,13104
2016-2017,2016,Male,Influenzal Pneumonia,65+,Older Adult,84,966,16.1,81144
2016-2017,2016,Male,Motor Vehicle Collisions,0-19,Pediatric & Youth,21789,126,2.1,2745414
2016-2017,2016,Male,Motor Vehicle Collisions,20-44,Young Adult,40627,150,2.5,6094050
2016-2017,2016,Male,Motor Vehicle Collisions,45-64,Middle Adult,21864,162,2.7,3541968
2016-2017,2016,Male,Motor Vehicle Collisions,65+,Older Adult,7454,192,3.2,1431168
2016-2017,2016,Male,Pneumonia,0-19,Pediatric & Youth,17777,168,2.8,2986536
2016-2017,2016,Male,Pneumonia,20-44,Young Adult,8890,180,3.0,1600200
2016-2017,2016,Male,Pneumonia,45-64,Middle Adult,12489,228,3.8,2847492
2016-2017,2016,Male,Pneumonia,65+,Older Adult,23094,372,6.2,8590968
2016-2017,2016,Male,Trauma,0-19,Pediatric & Youth,341323,114,1.9,38910822
2016-2017,2016,Male,Trauma,20-44,Young Adult,398289,120,2.0,47794680
2016-2017,2016,Male,Trauma,45-64,Middle Adult,222502,132,2.2,29370264
2016-2017,2016,Male,Trauma,65+,Older Adult,123933,174,2.9,21564342
2016-2017,2016,Male,Unintentional Falls,0-19,Pediatric & Youth,110022,114,1.9,12542508
2016-2017,2016,Male,Unintentional Falls,20-44,Young Adult,68017,138,2.3,9386346
2016-2017,2016,Male,Unintentional Falls,45-64,Middle Adult,58910,162,2.7,9543420
2016-2017,2016,Male,Unintentional Falls,65+,Older Adult,66013,222,3.7,14654886
2015-2016,2015,Female,Acute Myocardial Infarction,0-19,Pediatric & Youth,0,333,5.55,0
2015-2016,2015,Female,Acute Myocardial Infarction,20-44,Young Adult,259,330,5.5,85470
2015-2016,2015,Female,Acute Myocardial Infarction,45-64,Middle Adult,2515,354,5.9,890310
2015-2016,2015,Female,Acute Myocardial Infarction,65+,Older Adult,6188,450,7.5,2784600
2015-2016,2015,Female,Asthma,0-19,Pediatric & Youth,10960,162,2.7,1775520
2015-2016,2015,Female,Asthma,20-44,Young Adult,11864,150,2.5,1779600
2015-2016,2015,Female,Asthma,45-64,Middle Adult,7154,180,3.0,1287720
2015-2016,2015,Female,Asthma,65+,Older Adult,3400,234,3.9,795600
2015-2016,2015,Female,Influenzal Pneumonia,0-19,Pediatric & Youth,172,186,3.1,31992
2015-2016,2015,Female,Influenzal Pneumonia,20-44,Young Adult,147,186,3.1,27342
2015-2016,2015,Female,Influenzal Pneumonia,45-64,Middle Adult,156,225,3.75,35100
2015-2016,2015,Female,Influenzal Pneumonia,65+,Older Adult,87,456,7.6,39672
2015-2016,2015,Female,Motor Vehicle Collisions,0-19,Pediatric & Youth,15852,126,2.1,1997352
2015-2016,2015,Female,Motor Vehicle Collisions,20-44,Young Adult,31648,144,2.4,4557312
2015-2016,2015,Female,Motor Vehicle Collisions,45-64,Middle Adult,17456,162,2.7,2827872
2015-2016,2015,Female,Motor Vehicle Collisions,65+,Older Adult,7035,192,3.2,1350720
2015-2016,2015,Female,Pneumonia,0-19,Pediatric & Youth,16109,168,2.8,2706312
2015-2016,2015,Female,Pneumonia,20-44,Young Adult,11000,180,3.0,1980000
2015-2016,2015,Female,Pneumonia,45-64,Middle Adult,13006,222,3.7,2887332
2015-2016,2015,Female,Pneumonia,65+,Older Adult,21636,360,6.0,7788960
2015-2016,2015,Female,Trauma,0-19,Pediatric & Youth,250131,108,1.8,27014148
2015-2016,2015,Female,Trauma,20-44,Young Adult,262209,120,2.0,31465080
2015-2016,2015,Female,Trauma,45-64,Middle Adult,190366,132,2.2,25128312
2015-2016,2015,Female,Trauma,65+,Older Adult,163226,198,3.3,32318748
2015-2016,2015,Female,Unintentional Falls,0-19,Pediatric & Youth,86097,114,1.9,9815058
2015-2016,2015,Female,Unintentional Falls,20-44,Young Adult,59997,132,2.2,7919604
2015-2016,2015,Female,Unintentional Falls,45-64,Middle Adult,71720,150,2.5,10758000
2015-2016,2015,Female,Unintentional Falls,65+,Older Adult,108128,234,3.9,25301952
2015-2016,2015,Male,Acute Myocardial Infarction,0-19,Pediatric & Youth,9,324,5.4,2916
2015-2016,2015,Male,Acute Myocardial Infarction,20-44,Young Adult,1003,210,3.5,210630
2015-2016,2015,Male,Acute Myocardial Infarction,45-64,Middle Adult,7147,246,4.1,1758162
2015-2016,2015,Male,Acute Myocardial Infarction,65+,Older Adult,8216,384,6.4,3154944
2015-2016,2015,Male,Asthma,0-19,Pediatric & Youth,17751,168,2.8,2982168
2015-2016,2015,Male,Asthma,20-44,Young Adult,8566,138,2.3,1182108
2015-2016,2015,Male,Asthma,45-64,Middle Adult,3853,165,2.75,635745
2015-2016,2015,Male,Asthma,65+,Older Adult,1506,210,3.5,316260
2015-2016,2015,Male,Influenzal Pneumonia,0-19,Pediatric & Youth,188,207,3.45,38916
2015-2016,2015,Male,Influenzal Pneumonia,20-44,Young Adult,155,198,3.3,30690
2015-2016,2015,Male,Influenzal Pneumonia,45-64,Middle Adult,124,228,3.8,28272
2015-2016,2015,Male,Influenzal Pneumonia,65+,Older Adult,58,339,5.65,19662
2015-2016,2015,Male,Motor Vehicle Collisions,0-19,Pediatric & Youth,22896,126,2.1,2884896
2015-2016,2015,Male,Motor Vehicle Collisions,20-44,Young Adult,40584,150,2.5,6087600
2015-2016,2015,Male,Motor Vehicle Collisions,45-64,Middle Adult,21188,162,2.7,3432456
2015-2016,2015,Male,Motor Vehicle Collisions,65+,Older Adult,6983,192,3.2,1340736
2015-2016,2015,Male,Pneumonia,0-19,Pediatric & Youth,19382,162,2.7,3139884
2015-2016,2015,Male,Pneumonia,20-44,Young Adult,10309,180,3.0,1855620
2015-2016,2015,Male,Pneumonia,45-64,Middle Adult,13724,228,3.8,3129072
2015-2016,2015,Male,Pneumonia,65+,Older Adult,21625,360,6.0,7785000
2015-2016,2015,Male,Trauma,0-19,Pediatric & Youth,335239,108,1.8,36205812
2015-2016,2015,Male,Trauma,20-44,Young Adult,393607,120,2.0,47232840
2015-2016,2015,Male,Trauma,45-64,Middle Adult,214926,126,2.1,27080676
2015-2016,2015,Male,Trauma,65+,Older Adult,114218,168,2.8,19188624
2015-2016,2015,Male,Unintentional Falls,0-19,Pediatric & Youth,105005,114,1.9,11970570
2015-2016,2015,Male,Unintentional Falls,20-44,Young Adult,63346,132,2.2,8361672
2015-2016,2015,Male,Unintentional Falls,45-64,Middle Adult,53746,156,2.6,8384376
2015-2016,2015,Male,Unintentional Falls,65+,Older Adult,59287,222,3.7,13161714
2014-2015,2014,Female,Acute Myocardial Infarction,0-19,Pediatric & Youth,0,0,0.0,0
2014-2015,2014,Female,Acute Myocardial Infarction,20-44,Young Adult,238,378,6.3,89964
2014-2015,2014,Female,Acute Myocardial Infarction,45-64,Middle Adult,2329,354,5.9,824466
2014-2015,2014,Female,Acute Myocardial Infarction,65+,Older Adult,6167,480,8.0,2960160
2014-2015,2014,Female,Asthma,0-19,Pediatric & Youth,12582,168,2.8,2113776
2014-2015,2014,Female,Asthma,20-44,Young Adult,12523,150,2.5,1878450
2014-2015,2014,Female,Asthma,45-64,Middle Adult,7119,180,3.0,1281420
2014-2015,2014,Female,Asthma,65+,Older Adult,3497,240,4.0,839280
2014-2015,2014,Female,Influenzal Pneumonia,0-19,Pediatric & Youth,103,144,2.4,14832
2014-2015,2014,Female,Influenzal Pneumonia,20-44,Young Adult,97,159,2.65,15423
2014-2015,2014,Female,Influenzal Pneumonia,45-64,Middle Adult,86,174,2.9,14964
2014-2015,2014,Female,Influenzal Pneumonia,65+,Older Adult,223,630,10.5,140490
2014-2015,2014,Female,Motor Vehicle Collisions,0-19,Pediatric & Youth,15496,126,2.1,1952496
2014-2015,2014,Female,Motor Vehicle Collisions,20-44,Young Adult,31095,144,2.4,4477680
2014-2015,2014,Female,Motor Vehicle Collisions,45-64,Middle Adult,16985,156,2.6,2649660
2014-2015,2014,Female,Motor Vehicle Collisions,65+,Older Adult,6476,192,3.2,1243392
2014-2015,2014,Female,Pneumonia,0-19,Pediatric & Youth,15693,162,2.7,2542266
2014-2015,2014,Female,Pneumonia,20-44,Young Adult,9960,180,3.0,1792800
2014-2015,2014,Female,Pneumonia,45-64,Middle Adult,12017,216,3.6,2595672
2014-2015,2014,Female,Pneumonia,65+,Older Adult,23146,378,6.3,8749188
2014-2015,2014,Female,Trauma,0-19,Pediatric & Youth,241480,108,1.8,26079840
2014-2015,2014,Female,Trauma,20-44,Young Adult,255279,120,2.0,30633480
2014-2015,2014,Female,Trauma,45-64,Middle Adult,184714,132,2.2,24382248
2014-2015,2014,Female,Trauma,65+,Older Adult,155801,198,3.3,30848598
2014-2015,2014,Female,Unintentional Falls,0-19,Pediatric & Youth,82284,114,1.9,9380376
2014-2015,2014,Female,Unintentional Falls,20-44,Young Adult,60505,132,2.2,7986660
2014-2015,2014,Female,Unintentional Falls,45-64,Middle Adult,70501,150,2.5,10575150
2014-2015,2014,Female,Unintentional Falls,65+,Older Adult,104292,234,3.9,24404328
2014-2015,2014,Male,Acute Myocardial Infarction,0-19,Pediatric & Youth,9,144,2.4,1296
2014-2015,2014,Male,Acute Myocardial Infarction,20-44,Young Adult,1007,222,3.7,223554
2014-2015,2014,Male,Acute Myocardial Infarction,45-64,Middle Adult,6953,246,4.1,1710438
2014-2015,2014,Male,Acute Myocardial Infarction,65+,Older Adult,7984,384,6.4,3065856
2014-2015,2014,Male,Asthma,0-19,Pediatric & Youth,20586,168,2.8,3458448
2014-2015,2014,Male,Asthma,20-44,Young Adult,8780,138,2.3,1211640
2014-2015,2014,Male,Asthma,45-64,Middle Adult,3955,162,2.7,640710
2014-2015,2014,Male,Asthma,65+,Older Adult,1426,210,3.5,299460
2014-2015,2014,Male,Influenzal Pneumonia,0-19,Pediatric & Youth,149,180,3.0,26820
2014-2015,2014,Male,Influenzal Pneumonia,20-44,Young Adult,77,162,2.7,12474
2014-2015,2014,Male,Influenzal Pneumonia,45-64,Middle Adult,89,222,3.7,19758
2014-2015,2014,Male,Influenzal Pneumonia,65+,Older Adult,163,534,8.9,87042
2014-2015,2014,Male,Motor Vehicle Collisions,0-19,Pediatric & Youth,22932,126,2.1,2889432
2014-2015,2014,Male,Motor Vehicle Collisions,20-44,Young Adult,39720,144,2.4,5719680
2014-2015,2014,Male,Motor Vehicle Collisions,45-64,Middle Adult,20298,162,2.7,3288276
2014-2015,2014,Male,Motor Vehicle Collisions,65+,Older Adult,6355,186,3.1,1182030
2014-2015,2014,Male,Pneumonia,0-19,Pediatric & Youth,19199,162,2.7,3110238
2014-2015,2014,Male,Pneumonia,20-44,Young Adult,9714,180,3.0,1748520
2014-2015,2014,Male,Pneumonia,45-64,Middle Adult,12758,228,3.8,2908824
2014-2015,2014,Male,Pneumonia,65+,Older Adult,22659,372,6.2,8429148
2014-2015,2014,Male,Trauma,0-19,Pediatric & Youth,330188,108,1.8,35660304
2014-2015,2014,Male,Trauma,20-44,Young Adult,395006,120,2.0,47400720
2014-2015,2014,Male,Trauma,45-64,Middle Adult,211190,126,2.1,26609940
2014-2015,2014,Male,Trauma,65+,Older Adult,107374,168,2.8,18038832
2014-2015,2014,Male,Unintentional Falls,0-19,Pediatric & Youth,101478,114,1.9,11568492
2014-2015,2014,Male,Unintentional Falls,20-44,Young Adult,65403,132,2.2,8633196
2014-2015,2014,Male,Unintentional Falls,45-64,Middle Adult,54091,156,2.6,8438196
2014-2015,2014,Male,Unintentional Falls,65+,Older Adult,56605,222,3.7,12566310
2013-2014,2013,Female,Acute Myocardial Infarction,0-19,Pediatric & Youth,0,792,13.2,0
2013-2014,2013,Female,Acute Myocardial Infarction,20-44,Young Adult,228,390,6.5,88920
2013-2014,2013,Female,Acute Myocardial Infarction,45-64,Middle Adult,2245,342,5.7,767790
2013-2014,2013,Female,Acute Myocardial Infarction,65+,Older Adult,6016,468,7.8,2815488
2013-2014,2013,Female,Asthma,0-19,Pediatric & Youth,11105,150,2.5,1665750
2013-2014,2013,Female,Asthma,20-44,Young Adult,12271,144,2.4,1767024
2013-2014,2013,Female,Asthma,45-64,Middle Adult,7027,174,2.9,1222698
2013-2014,2013,Female,Asthma,65+,Older Adult,3125,240,4.0,750000
2013-2014,2013,Female,Influenzal Pneumonia,0-19,Pediatric & Youth,163,144,2.4,23472
2013-2014,2013,Female,Influenzal Pneumonia,20-44,Young Adult,223,183,3.05,40809
2013-2014,2013,Female,Influenzal Pneumonia,45-64,Middle Adult,130,222,3.7,28860
2013-2014,2013,Female,Influenzal Pneumonia,65+,Older Adult,62,564,9.4,34968
2013-2014,2013,Female,Motor Vehicle Collisions,0-19,Pediatric & Youth,15931,120,2.0,1911720
2013-2014,2013,Female,Motor Vehicle Collisions,20-44,Young Adult,32161,138,2.3,4438218
2013-2014,2013,Female,Motor Vehicle Collisions,45-64,Middle Adult,17478,156,2.6,2726568
2013-2014,2013,Female,Motor Vehicle Collisions,65+,Older Adult,6411,186,3.1,1192446
2013-2014,2013,Female,Pneumonia,0-19,Pediatric & Youth,13450,162,2.7,2178900
2013-2014,2013,Female,Pneumonia,20-44,Young Adult,9069,186,3.1,1686834
2013-2014,2013,Female,Pneumonia,45-64,Middle Adult,11477,216,3.6,2479032
2013-2014,2013,Female,Pneumonia,65+,Older Adult,19167,372,6.2,7130124
2013-2014,2013,Female,Trauma,0-19,Pediatric & Youth,238998,108,1.8,25811784
2013-2014,2013,Female,Trauma,20-44,Young Adult,259166,120,2.0,31099920
2013-2014,2013,Female,Trauma,45-64,Middle Adult,187457,132,2.2,24744324
2013-2014,2013,Female,Trauma,65+,Older Adult,150283,198,3.3,29756034
2013-2014,2013,Female,Unintentional Falls,0-19,Pediatric & Youth,81284,114,1.9,9266376
2013-2014,2013,Female,Unintentional Falls,20-44,Young Adult,64281,132,2.2,8485092
2013-2014,2013,Female,Unintentional Falls,45-64,Middle Adult,74266,150,2.5,11139900
2013-2014,2013,Female,Unintentional Falls,65+,Older Adult,100271,234,3.9,23463414
2013-2014,2013,Male,Acute Myocardial Infarction,0-19,Pediatric & Youth,7,84,1.4,588
2013-2014,2013,Male,Acute Myocardial Infarction,20-44,Young Adult,947,198,3.3,187506
2013-2014,2013,Male,Acute Myocardial Infarction,45-64,Middle Adult,6794,228,3.8,1549032
2013-2014,2013,Male,Acute Myocardial Infarction,65+,Older Adult,7712,378,6.3,2915136
2013-2014,2013,Male,Asthma,0-19,Pediatric & Youth,18335,156,2.6,2860260
2013-2014,2013,Male,Asthma,20-44,Young Adult,8977,132,2.2,1184964
2013-2014,2013,Male,Asthma,45-64,Middle Adult,3875,168,2.8,651000
2013-2014,2013,Male,Asthma,65+,Older Adult,1357,198,3.3,268686
2013-2014,2013,Male,Influenzal Pneumonia,0-19,Pediatric & Youth,174,162,2.7,28188
2013-2014,2013,Male,Influenzal Pneumonia,20-44,Young Adult,228,201,3.35,45828
2013-2014,2013,Male,Influenzal Pneumonia,45-64,Middle Adult,143,246,4.1,35178
2013-2014,2013,Male,Influenzal Pneumonia,65+,Older Adult,46,330,5.5,15180
2013-2014,2013,Male,Motor Vehicle Collisions,0-19,Pediatric & Youth,22628,120,2.0,2715360
2013-2014,2013,Male,Motor Vehicle Collisions,20-44,Young Adult,39484,144,2.4,5685696
2013-2014,2013,Male,Motor Vehicle Collisions,45-64,Middle Adult,20803,156,2.6,3245268
2013-2014,2013,Male,Motor Vehicle Collisions,65+,Older Adult,6267,180,3.0,1128060
2013-2014,2013,Male,Pneumonia,0-19,Pediatric & Youth,16544,162,2.7,2680128
2013-2014,2013,Male,Pneumonia,20-44,Young Adult,9283,180,3.0,1670940
2013-2014,2013,Male,Pneumonia,45-64,Middle Adult,12335,228,3.8,2812380
2013-2014,2013,Male,Pneumonia,65+,Older Adult,19055,378,6.3,7202790
2013-2014,2013,Male,Trauma,0-19,Pediatric & Youth,330403,108,1.8,35683524
2013-2014,2013,Male,Trauma,20-44,Young Adult,396914,120,2.0,47629680
2013-2014,2013,Male,Trauma,45-64,Middle Adult,214830,126,2.1,27068580
2013-2014,2013,Male,Trauma,65+,Older Adult,104555,162,2.7,16937910
2013-2014,2013,Male,Unintentional Falls,0-19,Pediatric & Youth,100981,114,1.9,11511834
2013-2014,2013,Male,Unintentional Falls,20-44,Young Adult,67974,132,2.2,8972568
2013-2014,2013,Male,Unintentional Falls,45-64,Middle Adult,57965,150,2.5,8694750
2013-2014,2013,Male,Unintentional Falls,65+,Older Adult,55885,210,3.5,11735850
2012-2013,2012,Female,Acute Myocardial Infarction,0-19,Pediatric & Youth,0,158,2.63,0
2012-2013,2012,Female,Acute Myocardial Infarction,20-44,Young Adult,244,363,6.05,88572
2012-2013,2012,Female,Acute Myocardial Infarction,45-64,Middle Adult,2270,340,5.67,771800
2012-2013,2012,Female,Acute Myocardial Infarction,65+,Older Adult,5845,474,7.9,2770530
2012-2013,2012,Female,Asthma,0-19,Pediatric & Youth,12539,156,2.6,1956084
2012-2013,2012,Female,Asthma,20-44,Young Adult,12982,145,2.42,1882390
2012-2013,2012,Female,Asthma,45-64,Middle Adult,7635,170,2.83,1297950
2012-2013,2012,Female,Asthma,65+,Older Adult,3289,238,3.97,782782
2012-2013,2012,Female,Influenzal Pneumonia,0-19,Pediatric & Youth,130,165,2.75,21450
2012-2013,2012,Female,Influenzal Pneumonia,20-44,Young Adult,123,168,2.8,20664
2012-2013,2012,Female,Influenzal Pneumonia,45-64,Middle Adult,79,188,3.13,14852
2012-2013,2012,Female,Influenzal Pneumonia,65+,Older Adult,89,510,8.5,45390
2012-2013,2012,Female,Motor Vehicle Collisions,0-19,Pediatric & Youth,15929,120,2.0,1911480
2012-2013,2012,Female,Motor Vehicle Collisions,20-44,Young Adult,31189,141,2.35,4397649
2012-2013,2012,Female,Motor Vehicle Collisions,45-64,Middle Adult,16542,156,2.6,2580552
2012-2013,2012,Female,Motor Vehicle Collisions,65+,Older Adult,5974,190,3.17,1135060
2012-2013,2012,Female,Pneumonia,0-19,Pediatric & Youth,14629,162,2.7,2369898
2012-2013,2012,Female,Pneumonia,20-44,Young Adult,9044,177,2.95,1600788
2012-2013,2012,Female,Pneumonia,45-64,Middle Adult,11523,211,3.52,2431353
2012-2013,2012,Female,Pneumonia,65+,Older Adult,21147,374,6.23,7908978
2012-2013,2012,Female,Trauma,0-19,Pediatric & Youth,233717,107,1.78,25007719
2012-2013,2012,Female,Trauma,20-44,Young Adult,250235,119,1.98,29777965
2012-2013,2012,Female,Trauma,45-64,Middle Adult,178972,129,2.15,23087388
2012-2013,2012,Female,Trauma,65+,Older Adult,141773,195,3.25,27645735
2012-2013,2012,Female,Unintentional Falls,0-19,Pediatric & Youth,79491,111,1.85,8823501
2012-2013,2012,Female,Unintentional Falls,20-44,Young Adult,59790,130,2.17,7772700
2012-2013,2012,Female,Unintentional Falls,45-64,Middle Adult,68100,148,2.47,10078800
2012-2013,2012,Female,Unintentional Falls,65+,Older Adult,93970,232,3.87,21801040
2012-2013,2012,Male,Acute Myocardial Infarction,0-19,Pediatric & Youth,11,322,5.37,3542
2012-2013,2012,Male,Acute Myocardial Infarction,20-44,Young Adult,954,227,3.78,216558
2012-2013,2012,Male,Acute Myocardial Infarction,45-64,Middle Adult,6707,231,3.85,1549317
2012-2013,2012,Male,Acute Myocardial Infarction,65+,Older Adult,7266,385,6.42,2797410
2012-2013,2012,Male,Asthma,0-19,Pediatric & Youth,20280,156,2.6,3163680
2012-2013,2012,Male,Asthma,20-44,Young Adult,9288,133,2.22,1235304
2012-2013,2012,Male,Asthma,45-64,Middle Adult,4171,165,2.75,688215
2012-2013,2012,Male,Asthma,65+,Older Adult,1371,195,3.25,267345
2012-2013,2012,Male,Influenzal Pneumonia,0-19,Pediatric & Youth,145,151,2.52,21895
2012-2013,2012,Male,Influenzal Pneumonia,20-44,Young Adult,107,165,2.75,17655
2012-2013,2012,Male,Influenzal Pneumonia,45-64,Middle Adult,72,156,2.6,11232
2012-2013,2012,Male,Influenzal Pneumonia,65+,Older Adult,81,529,8.82,42849
2012-2013,2012,Male,Motor Vehicle Collisions,0-19,Pediatric & Youth,24233,121,2.02,2932193
2012-2013,2012,Male,Motor Vehicle Collisions,20-44,Young Adult,39901,143,2.38,5705843
2012-2013,2012,Male,Motor Vehicle Collisions,45-64,Middle Adult,20287,159,2.65,3225633
2012-2013,2012,Male,Motor Vehicle Collisions,65+,Older Adult,5925,180,3.0,1066500
2012-2013,2012,Male,Pneumonia,0-19,Pediatric & Youth,18397,158,2.63,2906726
2012-2013,2012,Male,Pneumonia,20-44,Young Adult,9380,177,2.95,1660260
2012-2013,2012,Male,Pneumonia,45-64,Middle Adult,12768,222,3.7,2834496
2012-2013,2012,Male,Pneumonia,65+,Older Adult,20571,374,6.23,7693554
2012-2013,2012,Male,Trauma,0-19,Pediatric & Youth,332196,107,1.78,35544972
2012-2013,2012,Male,Trauma,20-44,Young Adult,398540,119,1.98,47426260
2012-2013,2012,Male,Trauma,45-64,Middle Adult,206917,126,2.1,26071542
2012-2013,2012,Male,Trauma,65+,Older Adult,95511,165,2.75,15759315
2012-2013,2012,Male,Unintentional Falls,0-19,Pediatric & Youth,99826,111,1.85,11080686
2012-2013,2012,Male,Unintentional Falls,20-44,Young Adult,65493,132,2.2,8645076
2012-2013,2012,Male,Unintentional Falls,45-64,Middle Adult,52001,153,2.55,7956153
2012-2013,2012,Male,Unintentional Falls,65+,Older Adult,49505,213,3.55,10544565
2011-2012,2011,Female,Acute Myocardial Infarction,0-19,Pediatric & Youth,0,502,8.37,0
2011-2012,2011,Female,Acute Myocardial Infarction,20-44,Young Adult,225,328,5.47,73800
2011-2012,2011,Female,Acute Myocardial Infarction,45-64,Middle Adult,1968,343,5.72,675024
2011-2012,2011,Female,Acute Myocardial Infarction,65+,Older Adult,5526,449,7.48,2481174
2011-2012,2011,Female,Asthma,0-19,Pediatric & Youth,12566,150,2.5,1884900
2011-2012,2011,Female,Asthma,20-44,Young Adult,12962,143,2.38,1853566
2011-2012,2011,Female,Asthma,45-64,Middle Adult,7403,172,2.87,1273316
2011-2012,2011,Female,Asthma,65+,Older Adult,2853,230,3.83,656190
2011-2012,2011,Female,Influenzal Pneumonia,0-19,Pediatric & Youth,60,150,2.5,9000
2011-2012,2011,Female,Influenzal Pneumonia,20-44,Young Adult,43,138,2.3,5934
2011-2012,2011,Female,Influenzal Pneumonia,45-64,Middle Adult,23,207,3.45,4761
2011-2012,2011,Female,Influenzal Pneumonia,65+,Older Adult,12,348,5.8,4176
2011-2012,2011,Female,Motor Vehicle Collisions,0-19,Pediatric & Youth,16478,124,2.07,2043272
2011-2012,2011,Female,Motor Vehicle Collisions,20-44,Young Adult,30206,141,2.35,4259046
2011-2012,2011,Female,Motor Vehicle Collisions,45-64,Middle Adult,16396,156,2.6,2557776
2011-2012,2011,Female,Motor Vehicle Collisions,65+,Older Adult,5826,191,3.18,1112766
2011-2012,2011,Female,Pneumonia,0-19,Pediatric & Youth,16717,162,2.7,2708154
2011-2012,2011,Female,Pneumonia,20-44,Young Adult,9894,175,2.92,1731450
2011-2012,2011,Female,Pneumonia,45-64,Middle Adult,11120,212,3.53,2357440
2011-2012,2011,Female,Pneumonia,65+,Older Adult,18736,366,6.1,6857376
2011-2012,2011,Female,Trauma,0-19,Pediatric & Youth,233294,109,1.82,25429046
2011-2012,2011,Female,Trauma,20-44,Young Adult,241286,120,2.0,28954320
2011-2012,2011,Female,Trauma,45-64,Middle Adult,174295,129,2.15,22484055
2011-2012,2011,Female,Trauma,65+,Older Adult,135902,195,3.25,26500890
2011-2012,2011,Female,Unintentional Falls,0-19,Pediatric & Youth,78360,113,1.88,8854680
2011-2012,2011,Female,Unintentional Falls,20-44,Young Adult,57143,131,2.18,7485733
2011-2012,2011,Female,Unintentional Falls,45-64,Middle Adult,65301,149,2.48,9729849
2011-2012,2011,Female,Unintentional Falls,65+,Older Adult,89947,230,3.83,20687810
2011-2012,2011,Male,Acute Myocardial Infarction,0-19,Pediatric & Youth,5,98,1.63,490
2011-2012,2011,Male,Acute Myocardial Infarction,20-44,Young Adult,962,214,3.57,205868
2011-2012,2011,Male,Acute Myocardial Infarction,45-64,Middle Adult,6237,233,3.88,1453221
2011-2012,2011,Male,Acute Myocardial Infarction,65+,Older Adult,6829,371,6.18,2533559
2011-2012,2011,Male,Asthma,0-19,Pediatric & Youth,20140,156,2.6,3141840
2011-2012,2011,Male,Asthma,20-44,Young Adult,9344,131,2.18,1224064
2011-2012,2011,Male,Asthma,45-64,Middle Adult,3865,158,2.63,610670
2011-2012,2011,Male,Asthma,65+,Older Adult,1294,196,3.27,253624
2011-2012,2011,Male,Influenzal Pneumonia,0-19,Pediatric & Youth,40,156,2.6,6240
2011-2012,2011,Male,Influenzal Pneumonia,20-44,Young Adult,47,160,2.67,7520
2011-2012,2011,Male,Influenzal Pneumonia,45-64,Middle Adult,27,236,3.93,6372
2011-2012,2011,Male,Influenzal Pneumonia,65+,Older Adult,14,285,4.75,3990
2011-2012,2011,Male,Motor Vehicle Collisions,0-19,Pediatric & Youth,25801,125,2.08,3225125
2011-2012,2011,Male,Motor Vehicle Collisions,20-44,Young Adult,38729,145,2.42,5615705
2011-2012,2011,Male,Motor Vehicle Collisions,45-64,Middle Adult,19595,160,2.67,3135200
2011-2012,2011,Male,Motor Vehicle Collisions,65+,Older Adult,5764,186,3.1,1072104
2011-2012,2011,Male,Pneumonia,0-19,Pediatric & Youth,20273,160,2.67,3243680
2011-2012,2011,Male,Pneumonia,20-44,Young Adult,9725,173,2.88,1682425
2011-2012,2011,Male,Pneumonia,45-64,Middle Adult,11707,223,3.72,2610661
2011-2012,2011,Male,Pneumonia,65+,Older Adult,18747,368,6.13,6898896
2011-2012,2011,Male,Trauma,0-19,Pediatric & Youth,340598,110,1.83,37465780
2011-2012,2011,Male,Trauma,20-44,Young Adult,395022,119,1.98,47007618
2011-2012,2011,Male,Trauma,45-64,Middle Adult,203028,126,2.1,25581528
2011-2012,2011,Male,Trauma,65+,Older Adult,90631,164,2.73,14863484
2011-2012,2011,Male,Unintentional Falls,0-19,Pediatric & Youth,100097,115,1.92,11511155
2011-2012,2011,Male,Unintentional Falls,20-44,Young Adult,63298,132,2.2,8355336
2011-2012,2011,Male,Unintentional Falls,45-64,Middle Adult,49477,152,2.53,7520504
2011-2012,2011,Male,Unintentional Falls,65+,Older Adult,46472,210,3.5,9759120
2010-2011,2010,Female,Acute Myocardial Infarction,0-19,Pediatric & Youth,7,203,3.38,1421
2010-2011,2010,Female,Acute Myocardial Infarction,20-44,Young Adult,248,416,6.93,103168
2010-2011,2010,Female,Acute Myocardial Infarction,45-64,Middle Adult,1930,340,5.67,656200
2010-2011,2010,Female,Acute Myocardial Infarction,65+,Older Adult,5283,477,7.95,2519991
2010-2011,2010,Female,Asthma,0-19,Pediatric & Youth,13078,153,2.55,2000934
2010-2011,2010,Female,Asthma,20-44,Young Adult,13609,146,2.43,1986914
2010-2011,2010,Female,Asthma,45-64,Middle Adult,7556,170,2.83,1284520
2010-2011,2010,Female,Asthma,65+,Older Adult,3065,226,3.77,692690
2010-2011,2010,Female,Influenzal Pneumonia,0-19,Pediatric & Youth,67,166,2.77,11122
2010-2011,2010,Female,Influenzal Pneumonia,20-44,Young Adult,82,154,2.57,12628
2010-2011,2010,Female,Influenzal Pneumonia,45-64,Middle Adult,46,213,3.55,9798
2010-2011,2010,Female,Influenzal Pneumonia,65+,Older Adult,40,578,9.63,23120
2010-2011,2010,Female,Motor Vehicle Collisions,0-19,Pediatric & Youth,16182,122,2.03,1974204
2010-2011,2010,Female,Motor Vehicle Collisions,20-44,Young Adult,31871,144,2.4,4589424
2010-2011,2010,Female,Motor Vehicle Collisions,45-64,Middle Adult,16853,156,2.6,2629068
2010-2011,2010,Female,Motor Vehicle Collisions,65+,Older Adult,5679,189,3.15,1073331
2010-2011,2010,Female,Pneumonia,0-19,Pediatric & Youth,13787,168,2.8,2316216
2010-2011,2010,Female,Pneumonia,20-44,Young Adult,8465,175,2.92,1481375
2010-2011,2010,Female,Pneumonia,45-64,Middle Adult,10409,212,3.53,2206708
2010-2011,2010,Female,Pneumonia,65+,Older Adult,18518,385,6.42,7129430
2010-2011,2010,Female,Trauma,0-19,Pediatric & Youth,223772,109,1.82,24391148
2010-2011,2010,Female,Trauma,20-44,Young Adult,237551,121,2.02,28743671
2010-2011,2010,Female,Trauma,45-64,Middle Adult,170562,131,2.18,22343622
2010-2011,2010,Female,Trauma,65+,Older Adult,131787,198,3.3,26093826
2010-2011,2010,Female,Unintentional Falls,0-19,Pediatric & Youth,75656,114,1.9,8624784
2010-2011,2010,Female,Unintentional Falls,20-44,Young Adult,56950,132,2.2,7517400
2010-2011,2010,Female,Unintentional Falls,45-64,Middle Adult,64375,150,2.5,9656250
2010-2011,2010,Female,Unintentional Falls,65+,Older Adult,87443,234,3.9,20461662
2010-2011,2010,Male,Acute Myocardial Infarction,0-19,Pediatric & Youth,5,212,3.53,1060
2010-2011,2010,Male,Acute Myocardial Infarction,20-44,Young Adult,890,231,3.85,205590
2010-2011,2010,Male,Acute Myocardial Infarction,45-64,Middle Adult,6320,225,3.75,1422000
2010-2011,2010,Male,Acute Myocardial Infarction,65+,Older Adult,6387,392,6.53,2503704
2010-2011,2010,Male,Asthma,0-19,Pediatric & Youth,21136,156,2.6,3297216
2010-2011,2010,Male,Asthma,20-44,Young Adult,9842,130,2.17,1279460
2010-2011,2010,Male,Asthma,45-64,Middle Adult,3983,155,2.58,617365
2010-2011,2010,Male,Asthma,65+,Older Adult,1329,199,3.32,264471
2010-2011,2010,Male,Influenzal Pneumonia,0-19,Pediatric & Youth,75,138,2.3,10350
2010-2011,2010,Male,Influenzal Pneumonia,20-44,Young Adult,65,184,3.07,11960
2010-2011,2010,Male,Influenzal Pneumonia,45-64,Middle Adult,33,183,3.05,6039
2010-2011,2010,Male,Influenzal Pneumonia,65+,Older Adult,33,682,11.37,22506
2010-2011,2010,Male,Motor Vehicle Collisions,0-19,Pediatric & Youth,24747,124,2.07,3068628
2010-2011,2010,Male,Motor Vehicle Collisions,20-44,Young Adult,40060,144,2.4,5768640
2010-2011,2010,Male,Motor Vehicle Collisions,45-64,Middle Adult,19784,160,2.67,3165440
2010-2011,2010,Male,Motor Vehicle Collisions,65+,Older Adult,5454,180,3.0,981720
2010-2011,2010,Male,Pneumonia,0-19,Pediatric & Youth,17021,166,2.77,2825486
2010-2011,2010,Male,Pneumonia,20-44,Young Adult,8665,175,2.92,1516375
2010-2011,2010,Male,Pneumonia,45-64,Middle Adult,11283,224,3.73,2527392
2010-2011,2010,Male,Pneumonia,65+,Older Adult,18245,381,6.35,6951345
2010-2011,2010,Male,Trauma,0-19,Pediatric & Youth,329966,110,1.83,36296260
2010-2011,2010,Male,Trauma,20-44,Young Adult,392081,120,2.0,47049720
2010-2011,2010,Male,Trauma,45-64,Middle Adult,199764,127,2.12,25370028
2010-2011,2010,Male,Trauma,65+,Older Adult,86643,165,2.75,14296095
2010-2011,2010,Male,Unintentional Falls,0-19,Pediatric & Youth,95974,115,1.92,11037010
2010-2011,2010,Male,Unintentional Falls,20-44,Young Adult,63555,133,2.22,8452815
2010-2011,2010,Male,Unintentional Falls,45-64,Middle Adult,49180,154,2.57,7573720
2010-2011,2010,Male,Unintentional Falls,65+,Older Adult,44753,212,3.53,9487636
2009-2010,2009,Female,Acute Myocardial Infarction,0-19,Pediatric & Youth,0,804,13.4,0
2009-2010,2009,Female,Acute Myocardial Infarction,20-44,Young Adult,150,282,4.7,42300
2009-2010,2009,Female,Acute Myocardial Infarction,45-64,Middle Adult,1462,318,5.3,464916
2009-2010,2009,Female,Acute Myocardial Infarction,65+,Older Adult,4130,461,7.68,1903930
2009-2010,2009,Female,Asthma,0-19,Pediatric & Youth,10130,155,2.58,1570150
2009-2010,2009,Female,Asthma,20-44,Young Adult,10921,153,2.55,1670913
2009-2010,2009,Female,Asthma,45-64,Middle Adult,6101,179,2.98,1092079
2009-2010,2009,Female,Asthma,65+,Older Adult,2346,246,4.1,577116
2009-2010,2009,Female,Influenzal Pneumonia,0-19,Pediatric & Youth,1997,136,2.27,271592
2009-2010,2009,Female,Influenzal Pneumonia,20-44,Young Adult,1278,136,2.27,173808
2009-2010,2009,Female,Influenzal Pneumonia,45-64,Middle Adult,551,160,2.67,88160
2009-2010,2009,Female,Influenzal Pneumonia,65+,Older Adult,110,171,2.85,18810
2009-2010,2009,Female,Motor Vehicle Collisions,0-19,Pediatric & Youth,11714,130,2.17,1522820
2009-2010,2009,Female,Motor Vehicle Collisions,20-44,Young Adult,21405,150,2.5,3210750
2009-2010,2009,Female,Motor Vehicle Collisions,45-64,Middle Adult,11829,163,2.72,1928127
2009-2010,2009,Female,Motor Vehicle Collisions,65+,Older Adult,4365,192,3.2,838080
2009-2010,2009,Female,Pneumonia,0-19,Pediatric & Youth,11640,178,2.97,2071920
2009-2010,2009,Female,Pneumonia,20-44,Young Adult,6914,187,3.12,1292918
2009-2010,2009,Female,Pneumonia,45-64,Middle Adult,8391,229,3.82,1921539
2009-2010,2009,Female,Pneumonia,65+,Older Adult,13645,400,6.67,5458000
2009-2010,2009,Female,Trauma,0-19,Pediatric & Youth,163683,115,1.92,18823545
2009-2010,2009,Female,Trauma,20-44,Young Adult,164978,125,2.08,20622250
2009-2010,2009,Female,Trauma,45-64,Middle Adult,123797,135,2.25,16712595
2009-2010,2009,Female,Trauma,65+,Older Adult,101309,204,3.4,20667036
2009-2010,2009,Female,Unintentional Falls,0-19,Pediatric & Youth,56061,120,2.0,6727320
2009-2010,2009,Female,Unintentional Falls,20-44,Young Adult,39013,136,2.27,5305768
2009-2010,2009,Female,Unintentional Falls,45-64,Middle Adult,46205,155,2.58,7161775
2009-2010,2009,Female,Unintentional Falls,65+,Older Adult,67823,238,3.97,16141874
2009-2010,2009,Male,Acute Myocardial Infarction,0-19,Pediatric & Youth,9,362,6.03,3258
2009-2010,2009,Male,Acute Myocardial Infarction,20-44,Young Adult,722,236,3.93,170392
2009-2010,2009,Male,Acute Myocardial Infarction,45-64,Middle Adult,4618,253,4.22,1168354
2009-2010,2009,Male,Acute Myocardial Infarction,65+,Older Adult,4997,392,6.53,1958824
2009-2010,2009,Male,Asthma,0-19,Pediatric & Youth,16675,160,2.67,2668000
2009-2010,2009,Male,Asthma,20-44,Young Adult,7175,136,2.27,975800
2009-2010,2009,Male,Asthma,45-64,Middle Adult,3203,163,2.72,522089
2009-2010,2009,Male,Asthma,65+,Older Adult,1086,218,3.63,236748
2009-2010,2009,Male,Influenzal Pneumonia,0-19,Pediatric & Youth,2203,143,2.38,315029
2009-2010,2009,Male,Influenzal Pneumonia,20-44,Young Adult,877,141,2.35,123657
2009-2010,2009,Male,Influenzal Pneumonia,45-64,Middle Adult,369,163,2.72,60147
2009-2010,2009,Male,Influenzal Pneumonia,65+,Older Adult,87,290,4.83,25230
2009-2010,2009,Male,Motor Vehicle Collisions,0-19,Pediatric & Youth,18599,131,2.18,2436469
2009-2010,2009,Male,Motor Vehicle Collisions,20-44,Young Adult,26528,152,2.53,4032256
2009-2010,2009,Male,Motor Vehicle Collisions,45-64,Middle Adult,13458,165,2.75,2220570
2009-2010,2009,Male,Motor Vehicle Collisions,65+,Older Adult,4030,195,3.25,785850
2009-2010,2009,Male,Pneumonia,0-19,Pediatric & Youth,13929,178,2.97,2479362
2009-2010,2009,Male,Pneumonia,20-44,Young Adult,6622,185,3.08,1225070
2009-2010,2009,Male,Pneumonia,45-64,Middle Adult,8323,237,3.95,1972551
2009-2010,2009,Male,Pneumonia,65+,Older Adult,13141,395,6.58,5190695
2009-2010,2009,Male,Trauma,0-19,Pediatric & Youth,243463,116,1.93,28241708
2009-2010,2009,Male,Trauma,20-44,Young Adult,270278,125,2.08,33784750
2009-2010,2009,Male,Trauma,45-64,Middle Adult,144190,130,2.17,18744700
2009-2010,2009,Male,Trauma,65+,Older Adult,65423,172,2.87,11252756
2009-2010,2009,Male,Unintentional Falls,0-19,Pediatric & Youth,71691,120,2.0,8602920
2009-2010,2009,Male,Unintentional Falls,20-44,Young Adult,42609,139,2.32,5922651
2009-2010,2009,Male,Unintentional Falls,45-64,Middle Adult,34791,158,2.63,5496978
2009-2010,2009,Male,Unintentional Falls,65+,Older Adult,33646,220,3.67,7402120
2008-2009,2008,Female,Acute Myocardial Infarction,0-19,Pediatric & Youth,0,208,3.47,0
2008-2009,2008,Female,Acute Myocardial Infarction,20-44,Young Adult,156,329,5.48,51324
2008-2009,2008,Female,Acute Myocardial Infarction,45-64,Middle Adult,1371,323,5.38,442833
2008-2009,2008,Female,Acute Myocardial Infarction,65+,Older Adult,4180,484,8.07,2023120
2008-2009,2008,Female,Asthma,0-19,Pediatric & Youth,11683,154,2.57,1799182
2008-2009,2008,Female,Asthma,20-44,Young Adult,11362,147,2.45,1670214
2008-2009,2008,Female,Asthma,45-64,Middle Adult,6432,172,2.87,1106304
2008-2009,2008,Female,Asthma,65+,Older Adult,2772,244,4.07,676368
2008-2009,2008,Female,Influenzal Pneumonia,0-19,Pediatric & Youth,12,137,2.28,1644
2008-2009,2008,Female,Influenzal Pneumonia,20-44,Young Adult,13,136,2.27,1768
2008-2009,2008,Female,Influenzal Pneumonia,45-64,Middle Adult,9,140,2.33,1260
2008-2009,2008,Female,Influenzal Pneumonia,65+,Older Adult,7,146,2.43,1022
2008-2009,2008,Female,Motor Vehicle Collisions,0-19,Pediatric & Youth,12140,131,2.18,1590340
2008-2009,2008,Female,Motor Vehicle Collisions,20-44,Young Adult,21666,149,2.48,3228234
2008-2009,2008,Female,Motor Vehicle Collisions,45-64,Middle Adult,11446,163,2.72,1865698
2008-2009,2008,Female,Motor Vehicle Collisions,65+,Older Adult,4274,195,3.25,833430
2008-2009,2008,Female,Pneumonia,0-19,Pediatric & Youth,9110,177,2.95,1612470
2008-2009,2008,Female,Pneumonia,20-44,Young Adult,5812,180,3.0,1046160
2008-2009,2008,Female,Pneumonia,45-64,Middle Adult,7271,218,3.63,1585078
2008-2009,2008,Female,Pneumonia,65+,Older Adult,13968,400,6.67,5587200
2008-2009,2008,Female,Trauma,0-19,Pediatric & Youth,165010,117,1.95,19306170
2008-2009,2008,Female,Trauma,20-44,Young Adult,168522,127,2.12,21402294
2008-2009,2008,Female,Trauma,45-64,Middle Adult,122746,138,2.3,16938948
2008-2009,2008,Female,Trauma,65+,Older Adult,98890,205,3.42,20272450
2008-2009,2008,Female,Unintentional Falls,0-19,Pediatric & Youth,55176,123,2.05,6786648
2008-2009,2008,Female,Unintentional Falls,20-44,Young Adult,40190,139,2.32,5586410
2008-2009,2008,Female,Unintentional Falls,45-64,Middle Adult,46791,158,2.63,7392978
2008-2009,2008,Female,Unintentional Falls,65+,Older Adult,66254,240,4.0,15900960
2008-2009,2008,Male,Acute Myocardial Infarction,0-19,Pediatric & Youth,7,494,8.23,3458
2008-2009,2008,Male,Acute Myocardial Infarction,20-44,Young Adult,718,256,4.27,183808
2008-2009,2008,Male,Acute Myocardial Infarction,45-64,Middle Adult,4542,252,4.2,1144584
2008-2009,2008,Male,Acute Myocardial Infarction,65+,Older Adult,5144,390,6.5,2006160
2008-2009,2008,Male,Asthma,0-19,Pediatric & Youth,18973,161,2.68,3054653
2008-2009,2008,Male,Asthma,20-44,Young Adult,7849,132,2.2,1036068
2008-2009,2008,Male,Asthma,45-64,Middle Adult,3483,170,2.83,592110
2008-2009,2008,Male,Asthma,65+,Older Adult,1313,191,3.18,250783
2008-2009,2008,Male,Influenzal Pneumonia,0-19,Pediatric & Youth,18,168,2.8,3024
2008-2009,2008,Male,Influenzal Pneumonia,20-44,Young Adult,12,208,3.47,2496
2008-2009,2008,Male,Influenzal Pneumonia,45-64,Middle Adult,13,208,3.47,2704
2008-2009,2008,Male,Influenzal Pneumonia,65+,Older Adult,6,198,3.3,1188
2008-2009,2008,Male,Motor Vehicle Collisions,0-19,Pediatric & Youth,19200,132,2.2,2534400
2008-2009,2008,Male,Motor Vehicle Collisions,20-44,Young Adult,27171,151,2.52,4102821
2008-2009,2008,Male,Motor Vehicle Collisions,45-64,Middle Adult,13298,165,2.75,2194170
2008-2009,2008,Male,Motor Vehicle Collisions,65+,Older Adult,4006,195,3.25,781170
2008-2009,2008,Male,Pneumonia,0-19,Pediatric & Youth,11437,172,2.87,1967164
2008-2009,2008,Male,Pneumonia,20-44,Young Adult,5995,182,3.03,1091090
2008-2009,2008,Male,Pneumonia,45-64,Middle Adult,7671,232,3.87,1779672
2008-2009,2008,Male,Pneumonia,65+,Older Adult,13472,397,6.62,5348384
2008-2009,2008,Male,Trauma,0-19,Pediatric & Youth,250603,118,1.97,29571154
2008-2009,2008,Male,Trauma,20-44,Young Adult,283688,126,2.1,35744688
2008-2009,2008,Male,Trauma,45-64,Middle Adult,145526,132,2.2,19209432
2008-2009,2008,Male,Trauma,65+,Older Adult,64774,174,2.9,11270676
2008-2009,2008,Male,Unintentional Falls,0-19,Pediatric & Youth,72203,124,2.07,8953172
2008-2009,2008,Male,Unintentional Falls,20-44,Young Adult,45090,140,2.33,6312600
2008-2009,2008,Male,Unintentional Falls,45-64,Middle Adult,36117,159,2.65,5742603
2008-2009,2008,Male,Unintentional Falls,65+,Older Adult,33646,220,3.67,7402120
2007-2008,2007,Female,Acute Myocardial Infarction,0-19,Pediatric & Youth,0,177,2.95,0
2007-2008,2007,Female,Acute Myocardial Infarction,20-44,Young Adult,154,298,4.97,45892
2007-2008,2007,Female,Acute Myocardial Infarction,45-64,Middle Adult,1320,292,4.87,385440
2007-2008,2007,Female,Acute Myocardial Infarction,65+,Older Adult,3772,392,6.53,1478624
2007-2008,2007,Female,Asthma,0-19,Pediatric & Youth,11846,148,2.47,1753208
2007-2008,2007,Female,Asthma,20-44,Young Adult,11628,142,2.37,1651176
2007-2008,2007,Female,Asthma,45-64,Middle Adult,6459,163,2.72,1052817
2007-2008,2007,Female,Asthma,65+,Older Adult,2630,241,4.02,633830
2007-2008,2007,Female,Influenzal Pneumonia,0-19,Pediatric & Youth,12,147,2.45,1764
2007-2008,2007,Female,Influenzal Pneumonia,20-44,Young Adult,21,154,2.57,3234
2007-2008,2007,Female,Influenzal Pneumonia,45-64,Middle Adult,17,204,3.4,3468
2007-2008,2007,Female,Influenzal Pneumonia,65+,Older Adult,10,387,6.45,3870
2007-2008,2007,Female,Motor Vehicle Collisions,0-19,Pediatric & Youth,12734,127,2.12,1617218
2007-2008,2007,Female,Motor Vehicle Collisions,20-44,Young Adult,22692,146,2.43,3313032
2007-2008,2007,Female,Motor Vehicle Collisions,45-64,Middle Adult,11785,160,2.67,1885600
2007-2008,2007,Female,Motor Vehicle Collisions,65+,Older Adult,4444,189,3.15,839916
2007-2008,2007,Female,Pneumonia,0-19,Pediatric & Youth,7836,166,2.77,1300776
2007-2008,2007,Female,Pneumonia,20-44,Young Adult,4909,183,3.05,898347
2007-2008,2007,Female,Pneumonia,45-64,Middle Adult,5849,217,3.62,1269233
2007-2008,2007,Female,Pneumonia,65+,Older Adult,12014,376,6.27,4517264
2007-2008,2007,Female,Trauma,0-19,Pediatric & Youth,162825,113,1.88,18399225
2007-2008,2007,Female,Trauma,20-44,Young Adult,171329,125,2.08,21416125
2007-2008,2007,Female,Trauma,45-64,Middle Adult,120353,135,2.25,16247655
2007-2008,2007,Female,Trauma,65+,Older Adult,96089,199,3.32,19121711
2007-2008,2007,Female,Unintentional Falls,0-19,Pediatric & Youth,55549,120,2.0,6665880
2007-2008,2007,Female,Unintentional Falls,20-44,Young Adult,42795,138,2.3,5905710
2007-2008,2007,Female,Unintentional Falls,45-64,Middle Adult,47472,155,2.58,7358160
2007-2008,2007,Female,Unintentional Falls,65+,Older Adult,65276,230,3.83,15013480
2007-2008,2007,Male,Acute Myocardial Infarction,0-19,Pediatric & Youth,0,384,6.4,0
2007-2008,2007,Male,Acute Myocardial Infarction,20-44,Young Adult,694,235,3.92,163090
2007-2008,2007,Male,Acute Myocardial Infarction,45-64,Middle Adult,4226,231,3.85,976206
2007-2008,2007,Male,Acute Myocardial Infarction,65+,Older Adult,4528,339,5.65,1534992
2007-2008,2007,Male,Asthma,0-19,Pediatric & Youth,19167,153,2.55,2932551
2007-2008,2007,Male,Asthma,20-44,Young Adult,7898,127,2.12,1003046
2007-2008,2007,Male,Asthma,45-64,Middle Adult,3358,150,2.5,503700
2007-2008,2007,Male,Asthma,65+,Older Adult,1310,202,3.37,264620
2007-2008,2007,Male,Influenzal Pneumonia,0-19,Pediatric & Youth,14,246,4.1,3444
2007-2008,2007,Male,Influenzal Pneumonia,20-44,Young Adult,15,129,2.15,1935
2007-2008,2007,Male,Influenzal Pneumonia,45-64,Middle Adult,11,257,4.28,2827
2007-2008,2007,Male,Influenzal Pneumonia,65+,Older Adult,0,1264,21.07,0
2007-2008,2007,Male,Motor Vehicle Collisions,0-19,Pediatric & Youth,21029,126,2.1,2649654
2007-2008,2007,Male,Motor Vehicle Collisions,20-44,Young Adult,29022,149,2.48,4324278
2007-2008,2007,Male,Motor Vehicle Collisions,45-64,Middle Adult,13339,163,2.72,2174257
2007-2008,2007,Male,Motor Vehicle Collisions,65+,Older Adult,4076,188,3.13,766288
2007-2008,2007,Male,Pneumonia,0-19,Pediatric & Youth,10075,168,2.8,1692600
2007-2008,2007,Male,Pneumonia,20-44,Young Adult,5420,183,3.05,991860
2007-2008,2007,Male,Pneumonia,45-64,Middle Adult,6486,228,3.8,1478808
2007-2008,2007,Male,Pneumonia,65+,Older Adult,11809,365,6.08,4310285
2007-2008,2007,Male,Trauma,0-19,Pediatric & Youth,252776,114,1.9,28816464
2007-2008,2007,Male,Trauma,20-44,Young Adult,294547,123,2.05,36229281
2007-2008,2007,Male,Trauma,45-64,Middle Adult,144393,130,2.17,18771090
2007-2008,2007,Male,Trauma,65+,Older Adult,62484,167,2.78,10434828
2007-2008,2007,Male,Unintentional Falls,0-19,Pediatric & Youth,72789,120,2.0,8734680
2007-2008,2007,Male,Unintentional Falls,20-44,Young Adult,47656,139,2.32,6624184
2007-2008,2007,Male,Unintentional Falls,45-64,Middle Adult,37021,157,2.62,5812297
2007-2008,2007,Male,Unintentional Falls,65+,Older Adult,33097,208,3.47,6884176
2006-2007,2006,Female,Acute Myocardial Infarction,20-44,Young Adult,146,225,3.75,32850
2006-2007,2006,Female,Acute Myocardial Infarction,45-64,Middle Adult,1150,190,3.17,218500
2006-2007,2006,Female,Acute Myocardial Infarction,65+,Older Adult,3661,245,4.08,896945
2006-2007,2006,Female,Asthma,0-19,Pediatric & Youth,13604,140,2.33,1904560
2006-2007,2006,Female,Asthma,20-44,Young Adult,13091,137,2.28,1793467
2006-2007,2006,Female,Asthma,45-64,Middle Adult,6719,161,2.68,1081759
2006-2007,2006,Female,Asthma,65+,Older Adult,2734,220,3.67,601480
2006-2007,2006,Female,Influenzal Pneumonia,0-19,Pediatric & Youth,18,109,1.82,1962
2006-2007,2006,Female,Influenzal Pneumonia,20-44,Young Adult,15,197,3.28,2955
2006-2007,2006,Female,Influenzal Pneumonia,45-64,Middle Adult,9,103,1.72,927
2006-2007,2006,Female,Influenzal Pneumonia,65+,Older Adult,18,562,9.37,10116
2006-2007,2006,Female,Motor Vehicle Collisions,0-19,Pediatric & Youth,13076,124,2.07,1621424
2006-2007,2006,Female,Motor Vehicle Collisions,20-44,Young Adult,23137,144,2.4,3331728
2006-2007,2006,Female,Motor Vehicle Collisions,45-64,Middle Adult,11563,155,2.58,1792265
2006-2007,2006,Female,Motor Vehicle Collisions,65+,Older Adult,4490,179,2.98,803710
2006-2007,2006,Female,Pneumonia,0-19,Pediatric & Youth,8484,160,2.67,1357440
2006-2007,2006,Female,Pneumonia,20-44,Young Adult,5129,172,2.87,882188
2006-2007,2006,Female,Pneumonia,45-64,Middle Adult,5935,201,3.35,1192935
2006-2007,2006,Female,Pneumonia,65+,Older Adult,12436,282,4.7,3506952
2006-2007,2006,Female,Trauma,0-19,Pediatric & Youth,163175,109,1.82,17786075
2006-2007,2006,Female,Trauma,20-44,Young Adult,167789,121,2.02,20302469
2006-2007,2006,Female,Trauma,45-64,Middle Adult,111604,130,2.17,14508520
2006-2007,2006,Female,Trauma,65+,Older Adult,91895,185,3.08,17000575
2006-2007,2006,Female,Unintentional Falls,0-19,Pediatric & Youth,54886,115,1.92,6311890
2006-2007,2006,Female,Unintentional Falls,20-44,Young Adult,38228,134,2.23,5122552
2006-2007,2006,Female,Unintentional Falls,45-64,Middle Adult,41110,150,2.5,6166500
2006-2007,2006,Female,Unintentional Falls,65+,Older Adult,61989,210,3.5,13017690
2006-2007,2006,Male,Acute Myocardial Infarction,0-19,Pediatric & Youth,0,145,2.42,0
2006-2007,2006,Male,Acute Myocardial Infarction,20-44,Young Adult,690,160,2.67,110400
2006-2007,2006,Male,Acute Myocardial Infarction,45-64,Middle Adult,3996,162,2.7,647352
2006-2007,2006,Male,Acute Myocardial Infarction,65+,Older Adult,4504,222,3.7,999888
2006-2007,2006,Male,Asthma,0-19,Pediatric & Youth,22159,145,2.42,3213055
2006-2007,2006,Male,Asthma,20-44,Young Adult,9405,124,2.07,1166220
2006-2007,2006,Male,Asthma,45-64,Middle Adult,3798,147,2.45,558306
2006-2007,2006,Male,Asthma,65+,Older Adult,1412,191,3.18,269692
2006-2007,2006,Male,Influenzal Pneumonia,0-19,Pediatric & Youth,33,144,2.4,4752
2006-2007,2006,Male,Influenzal Pneumonia,20-44,Young Adult,21,116,1.93,2436
2006-2007,2006,Male,Influenzal Pneumonia,45-64,Middle Adult,12,202,3.37,2424
2006-2007,2006,Male,Influenzal Pneumonia,65+,Older Adult,9,204,3.4,1836
2006-2007,2006,Male,Motor Vehicle Collisions,0-19,Pediatric & Youth,21283,123,2.05,2617809
2006-2007,2006,Male,Motor Vehicle Collisions,20-44,Young Adult,29944,143,2.38,4281992
2006-2007,2006,Male,Motor Vehicle Collisions,45-64,Middle Adult,13127,157,2.62,2060939
2006-2007,2006,Male,Motor Vehicle Collisions,65+,Older Adult,3987,175,2.92,697725
2006-2007,2006,Male,Pneumonia,0-19,Pediatric & Youth,10405,164,2.73,1706420
2006-2007,2006,Male,Pneumonia,20-44,Young Adult,5480,174,2.9,953520
2006-2007,2006,Male,Pneumonia,45-64,Middle Adult,6418,210,3.5,1347780
2006-2007,2006,Male,Pneumonia,65+,Older Adult,12210,276,4.6,3369960
2006-2007,2006,Male,Trauma,0-19,Pediatric & Youth,254565,110,1.83,28002150
2006-2007,2006,Male,Trauma,20-44,Young Adult,299455,120,2.0,35934600
2006-2007,2006,Male,Trauma,45-64,Middle Adult,137590,125,2.08,17198750
2006-2007,2006,Male,Trauma,65+,Older Adult,59159,158,2.63,9347122
2006-2007,2006,Male,Unintentional Falls,0-19,Pediatric & Youth,72291,116,1.93,8385756
2006-2007,2006,Male,Unintentional Falls,20-44,Young Adult,44676,135,2.25,6031260
2006-2007,2006,Male,Unintentional Falls,45-64,Middle Adult,32016,150,2.5,4802400
2006-2007,2006,Male,Unintentional Falls,65+,Older Adult,30555,195,3.25,5958225
2005-2006,2005,Female,Acute Myocardial Infarction,0-19,Pediatric & Youth,0,166,2.77,0
2005-2006,2005,Female,Acute Myocardial Infarction,20-44,Young Adult,152,190,3.17,28880
2005-2006,2005,Female,Acute Myocardial Infarction,45-64,Middle Adult,1072,203,3.38,217616
2005-2006,2005,Female,Acute Myocardial Infarction,65+,Older Adult,3777,250,4.17,944250
2005-2006,2005,Female,Asthma,0-19,Pediatric & Youth,15088,143,2.38,2157584
2005-2006,2005,Female,Asthma,20-44,Young Adult,13705,134,2.23,1836470
2005-2006,2005,Female,Asthma,45-64,Middle Adult,6683,153,2.55,1022499
2005-2006,2005,Female,Asthma,65+,Older Adult,2939,206,3.43,605434
2005-2006,2005,Female,Influenzal Pneumonia,0-19,Pediatric & Youth,9,174,2.9,1566
2005-2006,2005,Female,Influenzal Pneumonia,20-44,Young Adult,11,80,1.33,880
2005-2006,2005,Female,Influenzal Pneumonia,45-64,Middle Adult,0,135,2.25,0
2005-2006,2005,Female,Influenzal Pneumonia,65+,Older Adult,8,171,2.85,1368
2005-2006,2005,Female,Motor Vehicle Collisions,0-19,Pediatric & Youth,14054,123,2.05,1728642
2005-2006,2005,Female,Motor Vehicle Collisions,20-44,Young Adult,23509,139,2.32,3267751
2005-2006,2005,Female,Motor Vehicle Collisions,45-64,Middle Adult,11213,150,2.5,1681950
2005-2006,2005,Female,Motor Vehicle Collisions,65+,Older Adult,4468,173,2.88,772964
2005-2006,2005,Female,Pneumonia,0-19,Pediatric & Youth,7989,160,2.67,1278240
2005-2006,2005,Female,Pneumonia,20-44,Young Adult,4242,176,2.93,746592
2005-2006,2005,Female,Pneumonia,45-64,Middle Adult,5163,202,3.37,1042926
2005-2006,2005,Female,Pneumonia,65+,Older Adult,11644,277,4.62,3225388
2005-2006,2005,Female,Trauma,0-19,Pediatric & Youth,166819,107,1.78,17849633
2005-2006,2005,Female,Trauma,20-44,Young Adult,173539,119,1.98,20651141
2005-2006,2005,Female,Trauma,45-64,Middle Adult,109457,127,2.12,13901039
2005-2006,2005,Female,Trauma,65+,Older Adult,91094,180,3.0,16396920
2005-2006,2005,Female,Unintentional Falls,0-19,Pediatric & Youth,55962,113,1.88,6323706
2005-2006,2005,Female,Unintentional Falls,20-44,Young Adult,39931,130,2.17,5191030
2005-2006,2005,Female,Unintentional Falls,45-64,Middle Adult,40259,147,2.45,5918073
2005-2006,2005,Female,Unintentional Falls,65+,Older Adult,61608,205,3.42,12629640
2005-2006,2005,Male,Acute Myocardial Infarction,0-19,Pediatric & Youth,0,424,7.07,0
2005-2006,2005,Male,Acute Myocardial Infarction,20-44,Young Adult,675,159,2.65,107325
2005-2006,2005,Male,Acute Myocardial Infarction,45-64,Middle Adult,3827,156,2.6,597012
2005-2006,2005,Male,Acute Myocardial Infarction,65+,Older Adult,4235,212,3.53,897820
2005-2006,2005,Male,Asthma,0-19,Pediatric & Youth,24525,145,2.42,3556125
2005-2006,2005,Male,Asthma,20-44,Young Adult,9064,120,2.0,1087680
2005-2006,2005,Male,Asthma,45-64,Middle Adult,3544,148,2.47,524512
2005-2006,2005,Male,Asthma,65+,Older Adult,1454,190,3.17,276260
2005-2006,2005,Male,Influenzal Pneumonia,0-19,Pediatric & Youth,10,97,1.62,970
2005-2006,2005,Male,Influenzal Pneumonia,20-44,Young Adult,0,98,1.63,0
2005-2006,2005,Male,Influenzal Pneumonia,45-64,Middle Adult,6,301,5.02,1806
2005-2006,2005,Male,Influenzal Pneumonia,65+,Older Adult,0,429,7.15,0
2005-2006,2005,Male,Motor Vehicle Collisions,0-19,Pediatric & Youth,23151,122,2.03,2824422
2005-2006,2005,Male,Motor Vehicle Collisions,20-44,Young Adult,30771,140,2.33,4307940
2005-2006,2005,Male,Motor Vehicle Collisions,45-64,Middle Adult,12921,151,2.52,1951071
2005-2006,2005,Male,Motor Vehicle Collisions,65+,Older Adult,4079,168,2.8,685272
2005-2006,2005,Male,Pneumonia,0-19,Pediatric & Youth,10013,160,2.67,1602080
2005-2006,2005,Male,Pneumonia,20-44,Young Adult,4807,178,2.97,855646
2005-2006,2005,Male,Pneumonia,45-64,Middle Adult,5714,212,3.53,1211368
2005-2006,2005,Male,Pneumonia,65+,Older Adult,11872,269,4.48,3193568
2005-2006,2005,Male,Trauma,0-19,Pediatric & Youth,263076,110,1.83,28938360
2005-2006,2005,Male,Trauma,20-44,Young Adult,314962,117,1.95,36850554
2005-2006,2005,Male,Trauma,45-64,Middle Adult,138159,122,2.03,16855398
2005-2006,2005,Male,Trauma,65+,Older Adult,58415,153,2.55,8937495
2005-2006,2005,Male,Unintentional Falls,0-19,Pediatric & Youth,75141,115,1.92,8641215
2005-2006,2005,Male,Unintentional Falls,20-44,Young Adult,46944,132,2.2,6196608
2005-2006,2005,Male,Unintentional Falls,45-64,Middle Adult,32241,147,2.45,4739427
2005-2006,2005,Male,Unintentional Falls,65+,Older Adult,29951,189,3.15,5660739
2004-2005,2004,Female,Acute Myocardial Infarction,0-19,Pediatric & Youth,0,91,1.52,0
2004-2005,2004,Female,Acute Myocardial Infarction,20-44,Young Adult,123,148,2.47,18204
2004-2005,2004,Female,Acute Myocardial Infarction,45-64,Middle Adult,1003,178,2.97,178534
2004-2005,2004,Female,Acute Myocardial Infarction,65+,Older Adult,3841,235,3.92,902635
2004-2005,2004,Female,Asthma,0-19,Pediatric & Youth,14068,133,2.22,1871044
2004-2005,2004,Female,Asthma,20-44,Young Adult,14246,132,2.2,1880472
2004-2005,2004,Female,Asthma,45-64,Middle Adult,7350,155,2.58,1139250
2004-2005,2004,Female,Asthma,65+,Older Adult,3172,208,3.47,659776
2004-2005,2004,Female,Influenzal Pneumonia,0-19,Pediatric & Youth,13,93,1.55,1209
2004-2005,2004,Female,Influenzal Pneumonia,20-44,Young Adult,11,146,2.43,1606
2004-2005,2004,Female,Influenzal Pneumonia,45-64,Middle Adult,16,88,1.47,1408
2004-2005,2004,Female,Influenzal Pneumonia,65+,Older Adult,16,248,4.13,3968
2004-2005,2004,Female,Motor Vehicle Collisions,0-19,Pediatric & Youth,14084,119,1.98,1675996
2004-2005,2004,Female,Motor Vehicle Collisions,20-44,Young Adult,23168,135,2.25,3127680
2004-2005,2004,Female,Motor Vehicle Collisions,45-64,Middle Adult,10988,149,2.48,1637212
2004-2005,2004,Female,Motor Vehicle Collisions,65+,Older Adult,4415,172,2.87,759380
2004-2005,2004,Female,Pneumonia,0-19,Pediatric & Youth,7968,157,2.62,1250976
2004-2005,2004,Female,Pneumonia,20-44,Young Adult,5041,168,2.8,846888
2004-2005,2004,Female,Pneumonia,45-64,Middle Adult,5556,199,3.32,1105644
2004-2005,2004,Female,Pneumonia,65+,Older Adult,12792,274,4.57,3505008
2004-2005,2004,Female,Trauma,0-19,Pediatric & Youth,164426,105,1.75,17264730
2004-2005,2004,Female,Trauma,20-44,Young Adult,171731,115,1.92,19749065
2004-2005,2004,Female,Trauma,45-64,Middle Adult,105572,124,2.07,13090928
2004-2005,2004,Female,Trauma,65+,Older Adult,88439,180,3.0,15919020
2004-2005,2004,Female,Unintentional Falls,0-19,Pediatric & Youth,56147,111,1.85,6232317
2004-2005,2004,Female,Unintentional Falls,20-44,Young Adult,40344,128,2.13,5164032
2004-2005,2004,Female,Unintentional Falls,45-64,Middle Adult,39578,145,2.42,5738810
2004-2005,2004,Female,Unintentional Falls,65+,Older Adult,59665,203,3.38,12111995
2004-2005,2004,Male,Acute Myocardial Infarction,0-19,Pediatric & Youth,8,378,6.3,3024
2004-2005,2004,Male,Acute Myocardial Infarction,20-44,Young Adult,708,168,2.8,118944
2004-2005,2004,Male,Acute Myocardial Infarction,45-64,Middle Adult,3805,151,2.52,574555
2004-2005,2004,Male,Acute Myocardial Infarction,65+,Older Adult,4437,215,3.58,953955
2004-2005,2004,Male,Asthma,0-19,Pediatric & Youth,22407,142,2.37,3181794
2004-2005,2004,Male,Asthma,20-44,Young Adult,9389,118,1.97,1107902
2004-2005,2004,Male,Asthma,45-64,Middle Adult,3720,144,2.4,535680
2004-2005,2004,Male,Asthma,65+,Older Adult,1639,184,3.07,301576
2004-2005,2004,Male,Influenzal Pneumonia,0-19,Pediatric & Youth,10,72,1.2,720
2004-2005,2004,Male,Influenzal Pneumonia,20-44,Young Adult,11,115,1.92,1265
2004-2005,2004,Male,Influenzal Pneumonia,45-64,Middle Adult,0,94,1.57,0
2004-2005,2004,Male,Influenzal Pneumonia,65+,Older Adult,12,259,4.32,3108
2004-2005,2004,Male,Motor Vehicle Collisions,0-19,Pediatric & Youth,22941,118,1.97,2707038
2004-2005,2004,Male,Motor Vehicle Collisions,20-44,Young Adult,30211,139,2.32,4199329
2004-2005,2004,Male,Motor Vehicle Collisions,45-64,Middle Adult,11893,150,2.5,1783950
2004-2005,2004,Male,Motor Vehicle Collisions,65+,Older Adult,3830,172,2.87,658760
2004-2005,2004,Male,Pneumonia,0-19,Pediatric & Youth,10080,159,2.65,1602720
2004-2005,2004,Male,Pneumonia,20-44,Young Adult,5518,170,2.83,938060
2004-2005,2004,Male,Pneumonia,45-64,Middle Adult,6111,202,3.37,1234422
2004-2005,2004,Male,Pneumonia,65+,Older Adult,12974,266,4.43,3451084
2004-2005,2004,Male,Trauma,0-19,Pediatric & Youth,261950,105,1.75,27504750
2004-2005,2004,Male,Trauma,20-44,Young Adult,311583,113,1.88,35208879
2004-2005,2004,Male,Trauma,45-64,Middle Adult,131558,119,1.98,15655402
2004-2005,2004,Male,Trauma,65+,Older Adult,56327,152,2.53,8561704
2004-2005,2004,Male,Unintentional Falls,0-19,Pediatric & Youth,76933,112,1.87,8616496
2004-2005,2004,Male,Unintentional Falls,20-44,Young Adult,47309,130,2.17,6150170
2004-2005,2004,Male,Unintentional Falls,45-64,Middle Adult,31976,145,2.42,4636520
2004-2005,2004,Male,Unintentional Falls,65+,Older Adult,28932,190,3.17,5497080
2003-2004,2003,Female,Acute Myocardial Infarction,0-19,Pediatric & Youth,0,93,1.55,0
2003-2004,2003,Female,Acute Myocardial Infarction,20-44,Young Adult,152,204,3.4,31008
2003-2004,2003,Female,Acute Myocardial Infarction,45-64,Middle Adult,1161,203,3.38,235683
2003-2004,2003,Female,Acute Myocardial Infarction,65+,Older Adult,3783,252,4.2,953316
2003-2004,2003,Female,Asthma,0-19,Pediatric & Youth,13769,130,2.17,1789970
2003-2004,2003,Female,Asthma,20-44,Young Adult,14510,128,2.13,1857280
2003-2004,2003,Female,Asthma,45-64,Middle Adult,6702,150,2.5,1005300
2003-2004,2003,Female,Asthma,65+,Older Adult,2924,199,3.32,581876
2003-2004,2003,Female,Influenzal Pneumonia,0-19,Pediatric & Youth,14,163,2.72,2282
2003-2004,2003,Female,Influenzal Pneumonia,20-44,Young Adult,27,111,1.85,2997
2003-2004,2003,Female,Influenzal Pneumonia,45-64,Middle Adult,11,141,2.35,1551
2003-2004,2003,Female,Influenzal Pneumonia,65+,Older Adult,19,490,8.17,9310
2003-2004,2003,Female,Motor Vehicle Collisions,0-19,Pediatric & Youth,13812,115,1.92,1588380
2003-2004,2003,Female,Motor Vehicle Collisions,20-44,Young Adult,22644,130,2.17,2943720
2003-2004,2003,Female,Motor Vehicle Collisions,45-64,Middle Adult,10009,149,2.48,1491341
2003-2004,2003,Female,Motor Vehicle Collisions,65+,Older Adult,4050,166,2.77,672300
2003-2004,2003,Female,Pneumonia,0-19,Pediatric & Youth,8026,155,2.58,1244030
2003-2004,2003,Female,Pneumonia,20-44,Young Adult,4515,168,2.8,758520
2003-2004,2003,Female,Pneumonia,45-64,Middle Adult,4950,200,3.33,990000
2003-2004,2003,Female,Pneumonia,65+,Older Adult,11923,279,4.65,3326517
2003-2004,2003,Female,Trauma,0-19,Pediatric & Youth,156811,100,1.67,15681100
2003-2004,2003,Female,Trauma,20-44,Young Adult,163985,110,1.83,18038350
2003-2004,2003,Female,Trauma,45-64,Middle Adult,94280,120,2.0,11313600
2003-2004,2003,Female,Trauma,65+,Older Adult,81413,176,2.93,14328688
2003-2004,2003,Female,Unintentional Falls,0-19,Pediatric & Youth,52777,105,1.75,5541585
2003-2004,2003,Female,Unintentional Falls,20-44,Young Adult,37367,120,2.0,4484040
2003-2004,2003,Female,Unintentional Falls,45-64,Middle Adult,34428,140,2.33,4819920
2003-2004,2003,Female,Unintentional Falls,65+,Older Adult,54970,200,3.33,10994000
2003-2004,2003,Male,Acute Myocardial Infarction,0-19,Pediatric & Youth,7,344,5.73,2408
2003-2004,2003,Male,Acute Myocardial Infarction,20-44,Young Adult,705,167,2.78,117735
2003-2004,2003,Male,Acute Myocardial Infarction,45-64,Middle Adult,4000,166,2.77,664000
2003-2004,2003,Male,Acute Myocardial Infarction,65+,Older Adult,4647,219,3.65,1017693
2003-2004,2003,Male,Asthma,0-19,Pediatric & Youth,22029,135,2.25,2973915
2003-2004,2003,Male,Asthma,20-44,Young Adult,9281,117,1.95,1085877
2003-2004,2003,Male,Asthma,45-64,Middle Adult,3404,135,2.25,459540
2003-2004,2003,Male,Asthma,65+,Older Adult,1459,166,2.77,242194
2003-2004,2003,Male,Influenzal Pneumonia,0-19,Pediatric & Youth,21,87,1.45,1827
2003-2004,2003,Male,Influenzal Pneumonia,20-44,Young Adult,21,153,2.55,3213
2003-2004,2003,Male,Influenzal Pneumonia,45-64,Middle Adult,15,112,1.87,1680
2003-2004,2003,Male,Influenzal Pneumonia,65+,Older Adult,21,184,3.07,3864
2003-2004,2003,Male,Motor Vehicle Collisions,0-19,Pediatric & Youth,22377,115,1.92,2573355
2003-2004,2003,Male,Motor Vehicle Collisions,20-44,Young Adult,28964,135,2.25,3910140
2003-2004,2003,Male,Motor Vehicle Collisions,45-64,Middle Adult,10943,145,2.42,1586735
2003-2004,2003,Male,Motor Vehicle Collisions,65+,Older Adult,3640,160,2.67,582400
2003-2004,2003,Male,Pneumonia,0-19,Pediatric & Youth,10055,155,2.58,1558525
2003-2004,2003,Male,Pneumonia,20-44,Young Adult,5050,173,2.88,873650
2003-2004,2003,Male,Pneumonia,45-64,Middle Adult,5327,207,3.45,1102689
2003-2004,2003,Male,Pneumonia,65+,Older Adult,12119,270,4.5,3272130
2003-2004,2003,Male,Trauma,0-19,Pediatric & Youth,251651,100,1.67,25165100
2003-2004,2003,Male,Trauma,20-44,Young Adult,303230,109,1.82,33052070
2003-2004,2003,Male,Trauma,45-64,Middle Adult,121150,114,1.9,13811100
2003-2004,2003,Male,Trauma,65+,Older Adult,51563,147,2.45,7579761
2003-2004,2003,Male,Unintentional Falls,0-19,Pediatric & Youth,72683,107,1.78,7777081
2003-2004,2003,Male,Unintentional Falls,20-44,Young Adult,44930,123,2.05,5526390
2003-2004,2003,Male,Unintentional Falls,45-64,Middle Adult,28700,140,2.33,4018000
2003-2004,2003,Male,Unintentional Falls,65+,Older Adult,26121,184,3.07,4806264
