fiscal_year,fiscal_year_start,sex,visit_disposition,admission_flag,admission_status,age_group,population_category,ed_visits,median_los_minutes,median_los_hours,erbi
2021-2022,2021,Female,Admitted,1,Admitted,0-19,Pediatric & Youth,61448,450,7.5,27651600
2021-2022,2021,Female,Admitted,1,Admitted,20-44,Young Adult,135970,702,11.7,95450940
2021-2022,2021,Female,Admitted,1,Admitted,45-64,Middle Adult,154636,792,13.2,122471712
2021-2022,2021,Female,Admitted,1,Admitted,65+,Older Adult,423379,966,16.1,408984114
2021-2022,2021,Male,Admitted,1,Admitted,0-19,Pediatric & Youth,61089,420,7.0,25657380
2021-2022,2021,Male,Admitted,1,Admitted,20-44,Young Adult,135841,720,12.0,97805520
2021-2022,2021,Male,Admitted,1,Admitted,45-64,Middle Adult,197560,762,12.7,150540720
2021-2022,2021,Male,Admitted,1,Admitted,65+,Older Adult,403171,906,15.1,365272926
2021-2022,2021,Female,Death,0,Not Admitted,0-19,Pediatric & Youth,176,36,0.6,6336
2021-2022,2021,Female,Death,0,Not Admitted,20-44,Young Adult,452,42,0.7,18984
2021-2022,2021,Female,Death,0,Not Admitted,45-64,Middle Adult,1144,72,1.2,82368
2021-2022,2021,Female,Death,0,Not Admitted,65+,Older Adult,5141,150,2.5,771150
2021-2022,2021,Male,Death,0,Not Admitted,0-19,Pediatric & Youth,268,42,0.7,11256
2021-2022,2021,Male,Death,0,Not Admitted,20-44,Young Adult,1209,36,0.6,43524
2021-2022,2021,Male,Death,0,Not Admitted,45-64,Middle Adult,2866,54,0.9,154764
2021-2022,2021,Male,Death,0,Not Admitted,65+,Older Adult,7162,108,1.8,773496
2021-2022,2021,Female,Discharged,0,Not Admitted,0-19,Pediatric & Youth,1111383,162,2.7,180044046
2021-2022,2021,Female,Discharged,0,Not Admitted,20-44,Young Adult,2099271,198,3.3,415655658
2021-2022,2021,Female,Discharged,0,Not Admitted,45-64,Middle Adult,1362105,204,3.4,277869420
2021-2022,2021,Female,Discharged,0,Not Admitted,65+,Older Adult,1197410,246,4.1,294562860
2021-2022,2021,Male,Discharged,0,Not Admitted,0-19,Pediatric & Youth,1164643,156,2.6,181684308
2021-2022,2021,Male,Discharged,0,Not Admitted,20-44,Young Adult,1734357,180,3.0,312184260
2021-2022,2021,Male,Discharged,0,Not Admitted,45-64,Middle Adult,1304242,198,3.3,258239916
2021-2022,2021,Male,Discharged,0,Not Admitted,65+,Older Adult,1061589,228,3.8,242042292
2021-2022,2021,Female,Intra-Facility Transfer,0,Not Admitted,0-19,Pediatric & Youth,3093,186,3.1,575298
2021-2022,2021,Female,Intra-Facility Transfer,0,Not Admitted,20-44,Young Adult,9761,210,3.5,2049810
2021-2022,2021,Female,Intra-Facility Transfer,0,Not Admitted,45-64,Middle Adult,4464,228,3.8,1017792
2021-2022,2021,Female,Intra-Facility Transfer,0,Not Admitted,65+,Older Adult,3733,222,3.7,828726
2021-2022,2021,Male,Intra-Facility Transfer,0,Not Admitted,0-19,Pediatric & Youth,2982,168,2.8,500976
2021-2022,2021,Male,Intra-Facility Transfer,0,Not Admitted,20-44,Young Adult,6273,252,4.2,1580796
2021-2022,2021,Male,Intra-Facility Transfer,0,Not Admitted,45-64,Middle Adult,4991,222,3.7,1108002
2021-2022,2021,Male,Intra-Facility Transfer,0,Not Admitted,65+,Older Adult,4100,234,3.9,959400
2021-2022,2021,Female,Left Without Being Seen,0,Not Admitted,0-19,Pediatric & Youth,98886,150,2.5,14832900
2021-2022,2021,Female,Left Without Being Seen,0,Not Admitted,20-44,Young Adult,213981,180,3.0,38516580
2021-2022,2021,Female,Left Without Being Seen,0,Not Admitted,45-64,Middle Adult,99494,180,3.0,17908920
2021-2022,2021,Female,Left Without Being Seen,0,Not Admitted,65+,Older Adult,62794,180,3.0,11302920
2021-2022,2021,Male,Left Without Being Seen,0,Not Admitted,0-19,Pediatric & Youth,97707,144,2.4,14069808
2021-2022,2021,Male,Left Without Being Seen,0,Not Admitted,20-44,Young Adult,205103,174,2.9,35687922
2021-2022,2021,Male,Left Without Being Seen,0,Not Admitted,45-64,Middle Adult,118919,180,3.0,21405420
2021-2022,2021,Male,Left Without Being Seen,0,Not Admitted,65+,Older Adult,65270,174,2.9,11356980
2021-2022,2021,Female,Transferred,0,Not Admitted,0-19,Pediatric & Youth,18833,288,4.8,5423904
2021-2022,2021,Female,Transferred,0,Not Admitted,20-44,Young Adult,39251,330,5.5,12952830
2021-2022,2021,Female,Transferred,0,Not Admitted,45-64,Middle Adult,31707,360,6.0,11414520
2021-2022,2021,Female,Transferred,0,Not Admitted,65+,Older Adult,91621,384,6.4,35182464
2021-2022,2021,Male,Transferred,0,Not Admitted,0-19,Pediatric & Youth,18728,246,4.1,4607088
2021-2022,2021,Male,Transferred,0,Not Admitted,20-44,Young Adult,45189,312,5.2,14098968
2021-2022,2021,Male,Transferred,0,Not Admitted,45-64,Middle Adult,44849,318,5.3,14261982
2021-2022,2021,Male,Transferred,0,Not Admitted,65+,Older Adult,73788,372,6.2,27449136
2020-2021,2020,Female,Admitted,1,Admitted,0-19,Pediatric & Youth,48794,396,6.6,19322424
2020-2021,2020,Female,Admitted,1,Admitted,20-44,Young Adult,128370,588,9.8,75481560
2020-2021,2020,Female,Admitted,1,Admitted,45-64,Middle Adult,146117,648,10.8,94683816
2020-2021,2020,Female,Admitted,1,Admitted,65+,Older Adult,386091,750,12.5,289568250
2020-2021,2020,Male,Admitted,1,Admitted,0-19,Pediatric & Youth,47148,366,6.1,17256168
2020-2021,2020,Male,Admitted,1,Admitted,20-44,Young Adult,129372,600,10.0,77623200
2020-2021,2020,Male,Admitted,1,Admitted,45-64,Middle Adult,188554,624,10.4,117657696
2020-2021,2020,Male,Admitted,1,Admitted,65+,Older Adult,370862,702,11.7,260345124
2020-2021,2020,Female,Death,0,Not Admitted,0-19,Pediatric & Youth,170,36,0.6,6120
2020-2021,2020,Female,Death,0,Not Admitted,20-44,Young Adult,466,48,0.8,22368
2020-2021,2020,Female,Death,0,Not Admitted,45-64,Middle Adult,1197,78,1.3,93366
2020-2021,2020,Female,Death,0,Not Admitted,65+,Older Adult,5136,144,2.4,739584
2020-2021,2020,Male,Death,0,Not Admitted,0-19,Pediatric & Youth,248,36,0.6,8928
2020-2021,2020,Male,Death,0,Not Admitted,20-44,Young Adult,1222,36,0.6,43992
2020-2021,2020,Male,Death,0,Not Admitted,45-64,Middle Adult,2907,48,0.8,139536
2020-2021,2020,Male,Death,0,Not Admitted,65+,Older Adult,6711,96,1.6,644256
2020-2021,2020,Female,Discharged,0,Not Admitted,0-19,Pediatric & Youth,772044,132,2.2,101909808
2020-2021,2020,Female,Discharged,0,Not Admitted,20-44,Young Adult,1828993,168,2.8,307270824
2020-2021,2020,Female,Discharged,0,Not Admitted,45-64,Middle Adult,1207456,180,3.0,217342080
2020-2021,2020,Female,Discharged,0,Not Admitted,65+,Older Adult,1024550,222,3.7,227450100
2020-2021,2020,Male,Discharged,0,Not Admitted,0-19,Pediatric & Youth,774918,126,2.1,97639668
2020-2021,2020,Male,Discharged,0,Not Admitted,20-44,Young Adult,1537683,150,2.5,230652450
2020-2021,2020,Male,Discharged,0,Not Admitted,45-64,Middle Adult,1201166,168,2.8,201795888
2020-2021,2020,Male,Discharged,0,Not Admitted,65+,Older Adult,937745,204,3.4,191299980
2020-2021,2020,Female,Intra-Facility Transfer,0,Not Admitted,0-19,Pediatric & Youth,2522,162,2.7,408564
2020-2021,2020,Female,Intra-Facility Transfer,0,Not Admitted,20-44,Young Adult,9187,198,3.3,1819026
2020-2021,2020,Female,Intra-Facility Transfer,0,Not Admitted,45-64,Middle Adult,4202,204,3.4,857208
2020-2021,2020,Female,Intra-Facility Transfer,0,Not Admitted,65+,Older Adult,3255,204,3.4,664020
2020-2021,2020,Male,Intra-Facility Transfer,0,Not Admitted,0-19,Pediatric & Youth,2560,156,2.6,399360
2020-2021,2020,Male,Intra-Facility Transfer,0,Not Admitted,20-44,Young Adult,6641,210,3.5,1394610
2020-2021,2020,Male,Intra-Facility Transfer,0,Not Admitted,45-64,Middle Adult,4943,204,3.4,1008372
2020-2021,2020,Male,Intra-Facility Transfer,0,Not Admitted,65+,Older Adult,3673,210,3.5,771330
2020-2021,2020,Female,Left Without Being Seen,0,Not Admitted,0-19,Pediatric & Youth,38354,120,2.0,4602480
2020-2021,2020,Female,Left Without Being Seen,0,Not Admitted,20-44,Young Adult,120738,144,2.4,17386272
2020-2021,2020,Female,Left Without Being Seen,0,Not Admitted,45-64,Middle Adult,57032,144,2.4,8212608
2020-2021,2020,Female,Left Without Being Seen,0,Not Admitted,65+,Older Adult,34137,150,2.5,5120550
2020-2021,2020,Male,Left Without Being Seen,0,Not Admitted,0-19,Pediatric & Youth,36034,114,1.9,4107876
2020-2021,2020,Male,Left Without Being Seen,0,Not Admitted,20-44,Young Adult,124550,138,2.3,17187900
2020-2021,2020,Male,Left Without Being Seen,0,Not Admitted,45-64,Middle Adult,75767,144,2.4,10910448
2020-2021,2020,Male,Left Without Being Seen,0,Not Admitted,65+,Older Adult,38440,144,2.4,5535360
2020-2021,2020,Female,Transferred,0,Not Admitted,0-19,Pediatric & Youth,13778,258,4.3,3554724
2020-2021,2020,Female,Transferred,0,Not Admitted,20-44,Young Adult,34661,306,5.1,10606266
2020-2021,2020,Female,Transferred,0,Not Admitted,45-64,Middle Adult,28183,330,5.5,9300390
2020-2021,2020,Female,Transferred,0,Not Admitted,65+,Older Adult,76477,354,5.9,27072858
2020-2021,2020,Male,Transferred,0,Not Admitted,0-19,Pediatric & Youth,13603,216,3.6,2938248
2020-2021,2020,Male,Transferred,0,Not Admitted,20-44,Young Adult,42349,276,4.6,11688324
2020-2021,2020,Male,Transferred,0,Not Admitted,45-64,Middle Adult,41139,288,4.8,11848032
2020-2021,2020,Male,Transferred,0,Not Admitted,65+,Older Adult,62299,342,5.7,21306258
2019-2020,2019,Female,Admitted,1,Admitted,0-19,Pediatric & Youth,66051,414,6.9,27345114
2019-2020,2019,Female,Admitted,1,Admitted,20-44,Young Adult,133773,642,10.7,85882266
2019-2020,2019,Female,Admitted,1,Admitted,45-64,Middle Adult,160044,738,12.3,118112472
2019-2020,2019,Female,Admitted,1,Admitted,65+,Older Adult,432773,900,15.0,389495700
2019-2020,2019,Male,Admitted,1,Admitted,0-19,Pediatric & Youth,71300,390,6.5,27807000
2019-2020,2019,Male,Admitted,1,Admitted,20-44,Young Adult,128671,660,11.0,84922860
2019-2020,2019,Male,Admitted,1,Admitted,45-64,Middle Adult,197340,708,11.8,139716720
2019-2020,2019,Male,Admitted,1,Admitted,65+,Older Adult,401907,834,13.9,335190438
2019-2020,2019,Female,Death,0,Not Admitted,0-19,Pediatric & Youth,166,36,0.6,5976
2019-2020,2019,Female,Death,0,Not Admitted,20-44,Young Adult,413,36,0.6,14868
2019-2020,2019,Female,Death,0,Not Admitted,45-64,Middle Adult,1097,60,1.0,65820
2019-2020,2019,Female,Death,0,Not Admitted,65+,Older Adult,4849,132,2.2,640068
2019-2020,2019,Male,Death,0,Not Admitted,0-19,Pediatric & Youth,234,36,0.6,8424
2019-2020,2019,Male,Death,0,Not Admitted,20-44,Young Adult,1057,36,0.6,38052
2019-2020,2019,Male,Death,0,Not Admitted,45-64,Middle Adult,2694,48,0.8,129312
2019-2020,2019,Male,Death,0,Not Admitted,65+,Older Adult,6321,84,1.4,530964
2019-2020,2019,Female,Discharged,0,Not Admitted,0-19,Pediatric & Youth,1291223,150,2.5,193683450
2019-2020,2019,Female,Discharged,0,Not Admitted,20-44,Young Adult,2191882,186,3.1,407690052
2019-2020,2019,Female,Discharged,0,Not Admitted,45-64,Middle Adult,1461599,192,3.2,280627008
2019-2020,2019,Female,Discharged,0,Not Admitted,65+,Older Adult,1260505,240,4.0,302521200
2019-2020,2019,Male,Discharged,0,Not Admitted,0-19,Pediatric & Youth,1366492,144,2.4,196774848
2019-2020,2019,Male,Discharged,0,Not Admitted,20-44,Young Adult,1782990,168,2.8,299542320
2019-2020,2019,Male,Discharged,0,Not Admitted,45-64,Middle Adult,1390032,186,3.1,258545952
2019-2020,2019,Male,Discharged,0,Not Admitted,65+,Older Adult,1095817,222,3.7,243271374
2019-2020,2019,Female,Intra-Facility Transfer,0,Not Admitted,0-19,Pediatric & Youth,25544,36,0.6,919584
2019-2020,2019,Female,Intra-Facility Transfer,0,Not Admitted,20-44,Young Adult,50796,36,0.6,1828656
2019-2020,2019,Female,Intra-Facility Transfer,0,Not Admitted,45-64,Middle Adult,27452,36,0.6,988272
2019-2020,2019,Female,Intra-Facility Transfer,0,Not Admitted,65+,Older Adult,19490,48,0.8,935520
2019-2020,2019,Male,Intra-Facility Transfer,0,Not Admitted,0-19,Pediatric & Youth,25485,36,0.6,917460
2019-2020,2019,Male,Intra-Facility Transfer,0,Not Admitted,20-44,Young Adult,41222,36,0.6,1483992
2019-2020,2019,Male,Intra-Facility Transfer,0,Not Admitted,45-64,Middle Adult,27741,36,0.6,998676
2019-2020,2019,Male,Intra-Facility Transfer,0,Not Admitted,65+,Older Adult,17030,48,0.8,817440
2019-2020,2019,Female,Left Without Being Seen,0,Not Admitted,0-19,Pediatric & Youth,109094,144,2.4,15709536
2019-2020,2019,Female,Left Without Being Seen,0,Not Admitted,20-44,Young Adult,209324,168,2.8,35166432
2019-2020,2019,Female,Left Without Being Seen,0,Not Admitted,45-64,Middle Adult,100900,162,2.7,16345800
2019-2020,2019,Female,Left Without Being Seen,0,Not Admitted,65+,Older Adult,65208,168,2.8,10954944
2019-2020,2019,Male,Left Without Being Seen,0,Not Admitted,0-19,Pediatric & Youth,111102,138,2.3,15332076
2019-2020,2019,Male,Left Without Being Seen,0,Not Admitted,20-44,Young Adult,197719,162,2.7,32030478
2019-2020,2019,Male,Left Without Being Seen,0,Not Admitted,45-64,Middle Adult,119048,168,2.8,20000064
2019-2020,2019,Male,Left Without Being Seen,0,Not Admitted,65+,Older Adult,64279,162,2.7,10413198
2019-2020,2019,Female,Transferred,0,Not Admitted,0-19,Pediatric & Youth,18073,258,4.3,4662834
2019-2020,2019,Female,Transferred,0,Not Admitted,20-44,Young Adult,37467,294,4.9,11015298
2019-2020,2019,Female,Transferred,0,Not Admitted,45-64,Middle Adult,31341,318,5.3,9966438
2019-2020,2019,Female,Transferred,0,Not Admitted,65+,Older Adult,94554,336,5.6,31770144
2019-2020,2019,Male,Transferred,0,Not Admitted,0-19,Pediatric & Youth,19787,228,3.8,4511436
2019-2020,2019,Male,Transferred,0,Not Admitted,20-44,Young Adult,44468,270,4.5,12006360
2019-2020,2019,Male,Transferred,0,Not Admitted,45-64,Middle Adult,44304,282,4.7,12493728
2019-2020,2019,Male,Transferred,0,Not Admitted,65+,Older Adult,72441,324,5.4,23470884
2018-2019,2018,Female,Admitted,1,Admitted,0-19,Pediatric & Youth,67928,402,6.7,27307056
2018-2019,2018,Female,Admitted,1,Admitted,20-44,Young Adult,135711,624,10.4,84683664
2018-2019,2018,Female,Admitted,1,Admitted,45-64,Middle Adult,163994,726,12.1,119059644
2018-2019,2018,Female,Admitted,1,Admitted,65+,Older Adult,434587,870,14.5,378090690
2018-2019,2018,Male,Admitted,1,Admitted,0-19,Pediatric & Youth,72674,378,6.3,27470772
2018-2019,2018,Male,Admitted,1,Admitted,20-44,Young Adult,129148,636,10.6,82138128
2018-2019,2018,Male,Admitted,1,Admitted,45-64,Middle Adult,201081,690,11.5,138745890
2018-2019,2018,Male,Admitted,1,Admitted,65+,Older Adult,397652,810,13.5,322098120
2018-2019,2018,Female,Death,0,Not Admitted,0-19,Pediatric & Youth,200,36,0.6,7200
2018-2019,2018,Female,Death,0,Not Admitted,20-44,Young Adult,403,36,0.6,14508
2018-2019,2018,Female,Death,0,Not Admitted,45-64,Middle Adult,1158,60,1.0,69480
2018-2019,2018,Female,Death,0,Not Admitted,65+,Older Adult,4749,126,2.1,598374
2018-2019,2018,Male,Death,0,Not Admitted,0-19,Pediatric & Youth,276,30,0.5,8280
2018-2019,2018,Male,Death,0,Not Admitted,20-44,Young Adult,1105,30,0.5,33150
2018-2019,2018,Male,Death,0,Not Admitted,45-64,Middle Adult,2813,42,0.7,118146
2018-2019,2018,Male,Death,0,Not Admitted,65+,Older Adult,6163,78,1.3,480714
2018-2019,2018,Female,Discharged,0,Not Admitted,0-19,Pediatric & Youth,1322198,144,2.4,190396512
2018-2019,2018,Female,Discharged,0,Not Admitted,20-44,Young Adult,2206226,180,3.0,397120680
2018-2019,2018,Female,Discharged,0,Not Admitted,45-64,Middle Adult,1500252,186,3.1,279046872
2018-2019,2018,Female,Discharged,0,Not Admitted,65+,Older Adult,1261817,234,3.9,295265178
2018-2019,2018,Male,Discharged,0,Not Admitted,0-19,Pediatric & Youth,1382791,138,2.3,190825158
2018-2019,2018,Male,Discharged,0,Not Admitted,20-44,Young Adult,1792331,162,2.7,290357622
2018-2019,2018,Male,Discharged,0,Not Admitted,45-64,Middle Adult,1419611,180,3.0,255529980
2018-2019,2018,Male,Discharged,0,Not Admitted,65+,Older Adult,1083472,216,3.6,234029952
2018-2019,2018,Female,Intra-Facility Transfer,0,Not Admitted,0-19,Pediatric & Youth,22149,42,0.7,930258
2018-2019,2018,Female,Intra-Facility Transfer,0,Not Admitted,20-44,Young Adult,45499,42,0.7,1910958
2018-2019,2018,Female,Intra-Facility Transfer,0,Not Admitted,45-64,Middle Adult,25067,42,0.7,1052814
2018-2019,2018,Female,Intra-Facility Transfer,0,Not Admitted,65+,Older Adult,17309,54,0.9,934686
2018-2019,2018,Male,Intra-Facility Transfer,0,Not Admitted,0-19,Pediatric & Youth,21764,42,0.7,914088
2018-2019,2018,Male,Intra-Facility Transfer,0,Not Admitted,20-44,Young Adult,36688,36,0.6,1320768
2018-2019,2018,Male,Intra-Facility Transfer,0,Not Admitted,45-64,Middle Adult,24906,42,0.7,1046052
2018-2019,2018,Male,Intra-Facility Transfer,0,Not Admitted,65+,Older Adult,15414,54,0.9,832356
2018-2019,2018,Female,Left Without Being Seen,0,Not Admitted,0-19,Pediatric & Youth,102876,138,2.3,14196888
2018-2019,2018,Female,Left Without Being Seen,0,Not Admitted,20-44,Young Adult,197698,162,2.7,32027076
2018-2019,2018,Female,Left Without Being Seen,0,Not Admitted,45-64,Middle Adult,97703,162,2.7,15827886
2018-2019,2018,Female,Left Without Being Seen,0,Not Admitted,65+,Older Adult,61198,162,2.7,9914076
2018-2019,2018,Male,Left Without Being Seen,0,Not Admitted,0-19,Pediatric & Youth,103760,132,2.2,13696320
2018-2019,2018,Male,Left Without Being Seen,0,Not Admitted,20-44,Young Adult,184207,156,2.6,28736292
2018-2019,2018,Male,Left Without Being Seen,0,Not Admitted,45-64,Middle Adult,115550,156,2.6,18025800
2018-2019,2018,Male,Left Without Being Seen,0,Not Admitted,65+,Older Adult,59839,150,2.5,8975850
2018-2019,2018,Female,Transferred,0,Not Admitted,0-19,Pediatric & Youth,18307,252,4.2,4613364
2018-2019,2018,Female,Transferred,0,Not Admitted,20-44,Young Adult,37306,288,4.8,10744128
2018-2019,2018,Female,Transferred,0,Not Admitted,45-64,Middle Adult,30923,318,5.3,9833514
2018-2019,2018,Female,Transferred,0,Not Admitted,65+,Older Adult,94096,330,5.5,31051680
2018-2019,2018,Male,Transferred,0,Not Admitted,0-19,Pediatric & Youth,19715,228,3.8,4495020
2018-2019,2018,Male,Transferred,0,Not Admitted,20-44,Young Adult,43911,264,4.4,11592504
2018-2019,2018,Male,Transferred,0,Not Admitted,45-64,Middle Adult,45398,276,4.6,12529848
2018-2019,2018,Male,Transferred,0,Not Admitted,65+,Older Adult,70719,318,5.3,22488642
2017-2018,2017,Female,Admitted,1,Admitted,0-19,Pediatric & Youth,50181,402,6.7,20172762
2017-2018,2017,Female,Admitted,1,Admitted,20-44,Young Adult,102664,582,9.7,59750448
2017-2018,2017,Female,Admitted,1,Admitted,45-64,Middle Adult,119615,660,11.0,78945900
2017-2018,2017,Female,Admitted,1,Admitted,65+,Older Adult,298101,738,12.3,219998538
2017-2018,2017,Male,Admitted,1,Admitted,0-19,Pediatric & Youth,53255,378,6.3,20130390
2017-2018,2017,Male,Admitted,1,Admitted,20-44,Young Adult,97315,594,9.9,57805110
2017-2018,2017,Male,Admitted,1,Admitted,45-64,Middle Adult,148484,636,10.6,94435824
2017-2018,2017,Male,Admitted,1,Admitted,65+,Older Adult,275639,708,11.8,195152412
2017-2018,2017,Female,Death,0,Not Admitted,0-19,Pediatric & Youth,124,42,0.7,5208
2017-2018,2017,Female,Death,0,Not Admitted,20-44,Young Adult,268,36,0.6,9648
2017-2018,2017,Female,Death,0,Not Admitted,45-64,Middle Adult,619,60,1.0,37140
2017-2018,2017,Female,Death,0,Not Admitted,65+,Older Adult,2502,138,2.3,345276
2017-2018,2017,Male,Death,0,Not Admitted,0-19,Pediatric & Youth,195,36,0.6,7020
2017-2018,2017,Male,Death,0,Not Admitted,20-44,Young Adult,661,30,0.5,19830
2017-2018,2017,Male,Death,0,Not Admitted,45-64,Middle Adult,1504,30,0.5,45120
2017-2018,2017,Male,Death,0,Not Admitted,65+,Older Adult,3345,84,1.4,280980
2017-2018,2017,Female,Discharged,0,Not Admitted,0-19,Pediatric & Youth,1090851,132,2.2,143992332
2017-2018,2017,Female,Discharged,0,Not Admitted,20-44,Young Adult,1765199,162,2.7,285962238
2017-2018,2017,Female,Discharged,0,Not Admitted,45-64,Middle Adult,1181522,168,2.8,198495696
2017-2018,2017,Female,Discharged,0,Not Admitted,65+,Older Adult,980491,204,3.4,200020164
2017-2018,2017,Male,Discharged,0,Not Admitted,0-19,Pediatric & Youth,1164345,126,2.1,146707470
2017-2018,2017,Male,Discharged,0,Not Admitted,20-44,Young Adult,1440025,144,2.4,207363600
2017-2018,2017,Male,Discharged,0,Not Admitted,45-64,Middle Adult,1119438,162,2.7,181348956
2017-2018,2017,Male,Discharged,0,Not Admitted,65+,Older Adult,831153,192,3.2,159581376
2017-2018,2017,Female,Intra-Facility Transfer,0,Not Admitted,0-19,Pediatric & Youth,3784,180,3.0,681120
2017-2018,2017,Female,Intra-Facility Transfer,0,Not Admitted,20-44,Young Adult,9449,198,3.3,1870902
2017-2018,2017,Female,Intra-Facility Transfer,0,Not Admitted,45-64,Middle Adult,4405,216,3.6,951480
2017-2018,2017,Female,Intra-Facility Transfer,0,Not Admitted,65+,Older Adult,3394,222,3.7,753468
2017-2018,2017,Male,Intra-Facility Transfer,0,Not Admitted,0-19,Pediatric & Youth,3936,168,2.8,661248
2017-2018,2017,Male,Intra-Facility Transfer,0,Not Admitted,20-44,Young Adult,6328,228,3.8,1442784
2017-2018,2017,Male,Intra-Facility Transfer,0,Not Admitted,45-64,Middle Adult,4847,210,3.5,1017870
2017-2018,2017,Male,Intra-Facility Transfer,0,Not Admitted,65+,Older Adult,3596,222,3.7,798312
2017-2018,2017,Female,Left Without Being Seen,0,Not Admitted,0-19,Pediatric & Youth,57219,120,2.0,6866280
2017-2018,2017,Female,Left Without Being Seen,0,Not Admitted,20-44,Young Adult,119158,138,2.3,16443804
2017-2018,2017,Female,Left Without Being Seen,0,Not Admitted,45-64,Middle Adult,53871,138,2.3,7434198
2017-2018,2017,Female,Left Without Being Seen,0,Not Admitted,65+,Older Adult,28175,144,2.4,4057200
2017-2018,2017,Male,Left Without Being Seen,0,Not Admitted,0-19,Pediatric & Youth,57657,114,1.9,6572898
2017-2018,2017,Male,Left Without Being Seen,0,Not Admitted,20-44,Young Adult,113812,132,2.2,15023184
2017-2018,2017,Male,Left Without Being Seen,0,Not Admitted,45-64,Middle Adult,66890,138,2.3,9230820
2017-2018,2017,Male,Left Without Being Seen,0,Not Admitted,65+,Older Adult,28173,138,2.3,3887874
2017-2018,2017,Female,Transferred,0,Not Admitted,0-19,Pediatric & Youth,11773,240,4.0,2825520
2017-2018,2017,Female,Transferred,0,Not Admitted,20-44,Young Adult,19435,252,4.2,4897620
2017-2018,2017,Female,Transferred,0,Not Admitted,45-64,Middle Adult,15769,276,4.6,4352244
2017-2018,2017,Female,Transferred,0,Not Admitted,65+,Older Adult,22557,300,5.0,6767100
2017-2018,2017,Male,Transferred,0,Not Admitted,0-19,Pediatric & Youth,13301,216,3.6,2873016
2017-2018,2017,Male,Transferred,0,Not Admitted,20-44,Young Adult,18524,258,4.3,4779192
2017-2018,2017,Male,Transferred,0,Not Admitted,45-64,Middle Adult,22007,240,4.0,5281680
2017-2018,2017,Male,Transferred,0,Not Admitted,65+,Older Adult,24021,276,4.6,6629796
2016-2017,2016,Female,Admitted,1,Admitted,0-19,Pediatric & Youth,49399,390,6.5,19265610
2016-2017,2016,Female,Admitted,1,Admitted,20-44,Young Adult,99704,564,9.4,56233056
2016-2017,2016,Female,Admitted,1,Admitted,45-64,Middle Adult,119083,648,10.8,77165784
2016-2017,2016,Female,Admitted,1,Admitted,65+,Older Adult,291311,726,12.1,211491786
2016-2017,2016,Male,Admitted,1,Admitted,0-19,Pediatric & Youth,52003,366,6.1,19033098
2016-2017,2016,Male,Admitted,1,Admitted,20-44,Young Adult,93615,570,9.5,53360550
2016-2017,2016,Male,Admitted,1,Admitted,45-64,Middle Adult,145181,624,10.4,90592944
2016-2017,2016,Male,Admitted,1,Admitted,65+,Older Adult,267147,702,11.7,187537194
2016-2017,2016,Female,Death,0,Not Admitted,0-19,Pediatric & Youth,141,30,0.5,4230
2016-2017,2016,Female,Death,0,Not Admitted,20-44,Young Adult,255,51,0.85,13005
2016-2017,2016,Female,Death,0,Not Admitted,45-64,Middle Adult,606,72,1.2,43632
2016-2017,2016,Female,Death,0,Not Admitted,65+,Older Adult,2401,126,2.1,302526
2016-2017,2016,Male,Death,0,Not Admitted,0-19,Pediatric & Youth,173,36,0.6,6228
2016-2017,2016,Male,Death,0,Not Admitted,20-44,Young Adult,599,30,0.5,17970
2016-2017,2016,Male,Death,0,Not Admitted,45-64,Middle Adult,1446,30,0.5,43380
2016-2017,2016,Male,Death,0,Not Admitted,65+,Older Adult,3104,78,1.3,242112
2016-2017,2016,Female,Discharged,0,Not Admitted,0-19,Pediatric & Youth,1072555,126,2.1,135141930
2016-2017,2016,Female,Discharged,0,Not Admitted,20-44,Young Adult,1740393,156,2.6,271501308
2016-2017,2016,Female,Discharged,0,Not Admitted,45-64,Middle Adult,1165812,162,2.7,188861544
2016-2017,2016,Female,Discharged,0,Not Admitted,65+,Older Adult,947804,198,3.3,187665192
2016-2017,2016,Male,Discharged,0,Not Admitted,0-19,Pediatric & Youth,1135199,120,2.0,136223880
2016-2017,2016,Male,Discharged,0,Not Admitted,20-44,Young Adult,1425017,138,2.3,196652346
2016-2017,2016,Male,Discharged,0,Not Admitted,45-64,Middle Adult,1102297,156,2.6,171958332
2016-2017,2016,Male,Discharged,0,Not Admitted,65+,Older Adult,804186,186,3.1,149578596
2016-2017,2016,Female,Intra-Facility Transfer,0,Not Admitted,0-19,Pediatric & Youth,3517,186,3.1,654162
2016-2017,2016,Female,Intra-Facility Transfer,0,Not Admitted,20-44,Young Adult,9093,204,3.4,1854972
2016-2017,2016,Female,Intra-Facility Transfer,0,Not Admitted,45-64,Middle Adult,4132,210,3.5,867720
2016-2017,2016,Female,Intra-Facility Transfer,0,Not Admitted,65+,Older Adult,3258,222,3.7,723276
2016-2017,2016,Male,Intra-Facility Transfer,0,Not Admitted,0-19,Pediatric & Youth,3719,180,3.0,669420
2016-2017,2016,Male,Intra-Facility Transfer,0,Not Admitted,20-44,Young Adult,5807,228,3.8,1323996
2016-2017,2016,Male,Intra-Facility Transfer,0,Not Admitted,45-64,Middle Adult,4907,210,3.5,1030470
2016-2017,2016,Male,Intra-Facility Transfer,0,Not Admitted,65+,Older Adult,3612,228,3.8,823536
2016-2017,2016,Female,Left Without Being Seen,0,Not Admitted,0-19,Pediatric & Youth,51567,120,2.0,6188040
2016-2017,2016,Female,Left Without Being Seen,0,Not Admitted,20-44,Young Adult,108420,132,2.2,14311440
2016-2017,2016,Female,Left Without Being Seen,0,Not Admitted,45-64,Middle Adult,49599,138,2.3,6844662
2016-2017,2016,Female,Left Without Being Seen,0,Not Admitted,65+,Older Adult,24956,138,2.3,3443928
2016-2017,2016,Male,Left Without Being Seen,0,Not Admitted,0-19,Pediatric & Youth,51456,108,1.8,5557248
2016-2017,2016,Male,Left Without Being Seen,0,Not Admitted,20-44,Young Adult,102113,132,2.2,13478916
2016-2017,2016,Male,Left Without Being Seen,0,Not Admitted,45-64,Middle Adult,60006,138,2.3,8280828
2016-2017,2016,Male,Left Without Being Seen,0,Not Admitted,65+,Older Adult,25378,138,2.3,3502164
2016-2017,2016,Female,Transferred,0,Not Admitted,0-19,Pediatric & Youth,11232,234,3.9,2628288
2016-2017,2016,Female,Transferred,0,Not Admitted,20-44,Young Adult,18503,246,4.1,4551738
2016-2017,2016,Female,Transferred,0,Not Admitted,45-64,Middle Adult,15506,264,4.4,4093584
2016-2017,2016,Female,Transferred,0,Not Admitted,65+,Older Adult,21543,288,4.8,6204384
2016-2017,2016,Male,Transferred,0,Not Admitted,0-19,Pediatric & Youth,12491,210,3.5,2623110
2016-2017,2016,Male,Transferred,0,Not Admitted,20-44,Young Adult,17738,240,4.0,4257120
2016-2017,2016,Male,Transferred,0,Not Admitted,45-64,Middle Adult,21448,234,3.9,5018832
2016-2017,2016,Male,Transferred,0,Not Admitted,65+,Older Adult,22892,264,4.4,6043488
2015-2016,2015,Female,Admitted,1,Admitted,0-19,Pediatric & Youth,48696,390,6.5,18991440
2015-2016,2015,Female,Admitted,1,Admitted,20-44,Young Adult,100214,534,8.9,53514276
2015-2016,2015,Female,Admitted,1,Admitted,45-64,Middle Adult,120105,612,10.2,73504260
2015-2016,2015,Female,Admitted,1,Admitted,65+,Older Adult,286196,678,11.3,194040888
2015-2016,2015,Male,Admitted,1,Admitted,0-19,Pediatric & Youth,51764,366,6.1,18945624
2015-2016,2015,Male,Admitted,1,Admitted,20-44,Young Adult,92676,546,9.1,50601096
2015-2016,2015,Male,Admitted,1,Admitted,45-64,Middle Adult,145286,588,9.8,85428168
2015-2016,2015,Male,Admitted,1,Admitted,65+,Older Adult,258232,654,10.9,168883728
2015-2016,2015,Female,Death,0,Not Admitted,0-19,Pediatric & Youth,114,42,0.7,4788
2015-2016,2015,Female,Death,0,Not Admitted,20-44,Young Adult,249,42,0.7,10458
2015-2016,2015,Female,Death,0,Not Admitted,45-64,Middle Adult,595,66,1.1,39270
2015-2016,2015,Female,Death,0,Not Admitted,65+,Older Adult,2106,114,1.9,240084
2015-2016,2015,Male,Death,0,Not Admitted,0-19,Pediatric & Youth,196,42,0.7,8232
2015-2016,2015,Male,Death,0,Not Admitted,20-44,Young Adult,548,30,0.5,16440
2015-2016,2015,Male,Death,0,Not Admitted,45-64,Middle Adult,1505,36,0.6,54180
2015-2016,2015,Male,Death,0,Not Admitted,65+,Older Adult,2928,78,1.3,228384
2015-2016,2015,Female,Discharged,0,Not Admitted,0-19,Pediatric & Youth,1086176,120,2.0,130341120
2015-2016,2015,Female,Discharged,0,Not Admitted,20-44,Young Adult,1752606,150,2.5,262890900
2015-2016,2015,Female,Discharged,0,Not Admitted,45-64,Middle Adult,1152791,156,2.6,179835396
2015-2016,2015,Female,Discharged,0,Not Admitted,65+,Older Adult,912836,198,3.3,180741528
2015-2016,2015,Male,Discharged,0,Not Admitted,0-19,Pediatric & Youth,1152185,114,1.9,131349090
2015-2016,2015,Male,Discharged,0,Not Admitted,20-44,Young Adult,1427341,138,2.3,196973058
2015-2016,2015,Male,Discharged,0,Not Admitted,45-64,Middle Adult,1091368,150,2.5,163705200
2015-2016,2015,Male,Discharged,0,Not Admitted,65+,Older Adult,767813,180,3.0,138206340
2015-2016,2015,Female,Intra-Facility Transfer,0,Not Admitted,0-19,Pediatric & Youth,3561,192,3.2,683712
2015-2016,2015,Female,Intra-Facility Transfer,0,Not Admitted,20-44,Young Adult,9128,204,3.4,1862112
2015-2016,2015,Female,Intra-Facility Transfer,0,Not Admitted,45-64,Middle Adult,4219,204,3.4,860676
2015-2016,2015,Female,Intra-Facility Transfer,0,Not Admitted,65+,Older Adult,3191,216,3.6,689256
2015-2016,2015,Male,Intra-Facility Transfer,0,Not Admitted,0-19,Pediatric & Youth,3812,174,2.9,663288
2015-2016,2015,Male,Intra-Facility Transfer,0,Not Admitted,20-44,Young Adult,5757,228,3.8,1312596
2015-2016,2015,Male,Intra-Facility Transfer,0,Not Admitted,45-64,Middle Adult,4641,204,3.4,946764
2015-2016,2015,Male,Intra-Facility Transfer,0,Not Admitted,65+,Older Adult,3421,222,3.7,759462
2015-2016,2015,Female,Left Without Being Seen,0,Not Admitted,0-19,Pediatric & Youth,52161,114,1.9,5946354
2015-2016,2015,Female,Left Without Being Seen,0,Not Admitted,20-44,Young Adult,103396,132,2.2,13648272
2015-2016,2015,Female,Left Without Being Seen,0,Not Admitted,45-64,Middle Adult,47482,132,2.2,6267624
2015-2016,2015,Female,Left Without Being Seen,0,Not Admitted,65+,Older Adult,23283,138,2.3,3213054
2015-2016,2015,Male,Left Without Being Seen,0,Not Admitted,0-19,Pediatric & Youth,52511,108,1.8,5671188
2015-2016,2015,Male,Left Without Being Seen,0,Not Admitted,20-44,Young Adult,95629,126,2.1,12049254
2015-2016,2015,Male,Left Without Being Seen,0,Not Admitted,45-64,Middle Adult,55523,132,2.2,7329036
2015-2016,2015,Male,Left Without Being Seen,0,Not Admitted,65+,Older Adult,22859,138,2.3,3154542
2015-2016,2015,Female,Transferred,0,Not Admitted,0-19,Pediatric & Youth,10935,222,3.7,2427570
2015-2016,2015,Female,Transferred,0,Not Admitted,20-44,Young Adult,18043,246,4.1,4438578
2015-2016,2015,Female,Transferred,0,Not Admitted,45-64,Middle Adult,14914,264,4.4,3937296
2015-2016,2015,Female,Transferred,0,Not Admitted,65+,Older Adult,20692,288,4.8,5959296
2015-2016,2015,Male,Transferred,0,Not Admitted,0-19,Pediatric & Youth,12274,204,3.4,2503896
2015-2016,2015,Male,Transferred,0,Not Admitted,20-44,Young Adult,17813,240,4.0,4275120
2015-2016,2015,Male,Transferred,0,Not Admitted,45-64,Middle Adult,21303,234,3.9,4984902
2015-2016,2015,Male,Transferred,0,Not Admitted,65+,Older Adult,21097,264,4.4,5569608
2014-2015,2014,Female,Admitted,1,Admitted,0-19,Pediatric & Youth,48543,384,6.4,18640512
2014-2015,2014,Female,Admitted,1,Admitted,20-44,Young Adult,98154,522,8.7,51236388
2014-2015,2014,Female,Admitted,1,Admitted,45-64,Middle Adult,116477,618,10.3,71982786
2014-2015,2014,Female,Admitted,1,Admitted,65+,Older Adult,285132,708,11.8,201873456
2014-2015,2014,Male,Admitted,1,Admitted,0-19,Pediatric & Youth,52125,360,6.0,18765000
2014-2015,2014,Male,Admitted,1,Admitted,20-44,Young Adult,89178,540,9.0,48156120
2014-2015,2014,Male,Admitted,1,Admitted,45-64,Middle Adult,141006,594,9.9,83757564
2014-2015,2014,Male,Admitted,1,Admitted,65+,Older Adult,253381,678,11.3,171792318
2014-2015,2014,Female,Death,0,Not Admitted,0-19,Pediatric & Youth,124,54,0.9,6696
2014-2015,2014,Female,Death,0,Not Admitted,20-44,Young Adult,236,36,0.6,8496
2014-2015,2014,Female,Death,0,Not Admitted,45-64,Middle Adult,570,54,0.9,30780
2014-2015,2014,Female,Death,0,Not Admitted,65+,Older Adult,2229,126,2.1,280854
2014-2015,2014,Male,Death,0,Not Admitted,0-19,Pediatric & Youth,191,36,0.6,6876
2014-2015,2014,Male,Death,0,Not Admitted,20-44,Young Adult,497,30,0.5,14910
2014-2015,2014,Male,Death,0,Not Admitted,45-64,Middle Adult,1417,36,0.6,51012
2014-2015,2014,Male,Death,0,Not Admitted,65+,Older Adult,3002,66,1.1,198132
2014-2015,2014,Female,Discharged,0,Not Admitted,0-19,Pediatric & Youth,1079692,120,2.0,129563040
2014-2015,2014,Female,Discharged,0,Not Admitted,20-44,Young Adult,1722811,150,2.5,258421650
2014-2015,2014,Female,Discharged,0,Not Admitted,45-64,Middle Adult,1118157,156,2.6,174432492
2014-2015,2014,Female,Discharged,0,Not Admitted,65+,Older Adult,878511,198,3.3,173945178
2014-2015,2014,Male,Discharged,0,Not Admitted,0-19,Pediatric & Youth,1147766,114,1.9,130845324
2014-2015,2014,Male,Discharged,0,Not Admitted,20-44,Young Adult,1414193,132,2.2,186673476
2014-2015,2014,Male,Discharged,0,Not Admitted,45-64,Middle Adult,1063300,150,2.5,159495000
2014-2015,2014,Male,Discharged,0,Not Admitted,65+,Older Adult,729245,180,3.0,131264100
2014-2015,2014,Female,Intra-Facility Transfer,0,Not Admitted,0-19,Pediatric & Youth,3448,192,3.2,662016
2014-2015,2014,Female,Intra-Facility Transfer,0,Not Admitted,20-44,Young Adult,8296,204,3.4,1692384
2014-2015,2014,Female,Intra-Facility Transfer,0,Not Admitted,45-64,Middle Adult,3819,210,3.5,801990
2014-2015,2014,Female,Intra-Facility Transfer,0,Not Admitted,65+,Older Adult,2783,216,3.6,601128
2014-2015,2014,Male,Intra-Facility Transfer,0,Not Admitted,0-19,Pediatric & Youth,3691,180,3.0,664380
2014-2015,2014,Male,Intra-Facility Transfer,0,Not Admitted,20-44,Young Adult,5234,222,3.7,1161948
2014-2015,2014,Male,Intra-Facility Transfer,0,Not Admitted,45-64,Middle Adult,4278,210,3.5,898380
2014-2015,2014,Male,Intra-Facility Transfer,0,Not Admitted,65+,Older Adult,3152,216,3.6,680832
2014-2015,2014,Female,Left Without Being Seen,0,Not Admitted,0-19,Pediatric & Youth,53093,114,1.9,6052602
2014-2015,2014,Female,Left Without Being Seen,0,Not Admitted,20-44,Young Adult,102917,132,2.2,13585044
2014-2015,2014,Female,Left Without Being Seen,0,Not Admitted,45-64,Middle Adult,46203,138,2.3,6376014
2014-2015,2014,Female,Left Without Being Seen,0,Not Admitted,65+,Older Adult,22614,138,2.3,3120732
2014-2015,2014,Male,Left Without Being Seen,0,Not Admitted,0-19,Pediatric & Youth,52943,108,1.8,5717844
2014-2015,2014,Male,Left Without Being Seen,0,Not Admitted,20-44,Young Adult,93765,126,2.1,11814390
2014-2015,2014,Male,Left Without Being Seen,0,Not Admitted,45-64,Middle Adult,53532,138,2.3,7387416
2014-2015,2014,Male,Left Without Being Seen,0,Not Admitted,65+,Older Adult,21933,138,2.3,3026754
2014-2015,2014,Female,Transferred,0,Not Admitted,0-19,Pediatric & Youth,10609,228,3.8,2418852
2014-2015,2014,Female,Transferred,0,Not Admitted,20-44,Young Adult,16707,246,4.1,4109922
2014-2015,2014,Female,Transferred,0,Not Admitted,45-64,Middle Adult,14066,264,4.4,3713424
2014-2015,2014,Female,Transferred,0,Not Admitted,65+,Older Adult,19443,288,4.8,5599584
2014-2015,2014,Male,Transferred,0,Not Admitted,0-19,Pediatric & Youth,11896,210,3.5,2498160
2014-2015,2014,Male,Transferred,0,Not Admitted,20-44,Young Adult,16659,243,4.05,4048137
2014-2015,2014,Male,Transferred,0,Not Admitted,45-64,Middle Adult,20336,240,4.0,4880640
2014-2015,2014,Male,Transferred,0,Not Admitted,65+,Older Adult,19684,270,4.5,5314680
2013-2014,2013,Female,Admitted,1,Admitted,0-19,Pediatric & Youth,46543,378,6.3,17593254
2013-2014,2013,Female,Admitted,1,Admitted,20-44,Young Adult,97673,498,8.3,48641154
2013-2014,2013,Female,Admitted,1,Admitted,45-64,Middle Adult,115334,582,9.7,67124388
2013-2014,2013,Female,Admitted,1,Admitted,65+,Older Adult,267376,648,10.8,173259648
2013-2014,2013,Male,Admitted,1,Admitted,0-19,Pediatric & Youth,49934,354,5.9,17676636
2013-2014,2013,Male,Admitted,1,Admitted,20-44,Young Adult,86503,504,8.4,43597512
2013-2014,2013,Male,Admitted,1,Admitted,45-64,Middle Adult,139594,558,9.3,77893452
2013-2014,2013,Male,Admitted,1,Admitted,65+,Older Adult,238224,618,10.3,147222432
2013-2014,2013,Female,Death,0,Not Admitted,0-19,Pediatric & Youth,144,57,0.95,8208
2013-2014,2013,Female,Death,0,Not Admitted,20-44,Young Adult,189,45,0.75,8505
2013-2014,2013,Female,Death,0,Not Admitted,45-64,Middle Adult,551,54,0.9,29754
2013-2014,2013,Female,Death,0,Not Admitted,65+,Older Adult,2156,114,1.9,245784
2013-2014,2013,Male,Death,0,Not Admitted,0-19,Pediatric & Youth,185,48,0.8,8880
2013-2014,2013,Male,Death,0,Not Admitted,20-44,Young Adult,513,30,0.5,15390
2013-2014,2013,Male,Death,0,Not Admitted,45-64,Middle Adult,1390,36,0.6,50040
2013-2014,2013,Male,Death,0,Not Admitted,65+,Older Adult,2775,72,1.2,199800
2013-2014,2013,Female,Discharged,0,Not Admitted,0-19,Pediatric & Youth,1027729,114,1.9,117161106
2013-2014,2013,Female,Discharged,0,Not Admitted,20-44,Young Adult,1673977,144,2.4,241052688
2013-2014,2013,Female,Discharged,0,Not Admitted,45-64,Middle Adult,1075895,150,2.5,161384250
2013-2014,2013,Female,Discharged,0,Not Admitted,65+,Older Adult,810016,186,3.1,150662976
2013-2014,2013,Male,Discharged,0,Not Admitted,0-19,Pediatric & Youth,1098880,108,1.8,118679040
2013-2014,2013,Male,Discharged,0,Not Admitted,20-44,Young Adult,1372351,126,2.1,172916226
2013-2014,2013,Male,Discharged,0,Not Admitted,45-64,Middle Adult,1027695,144,2.4,147988080
2013-2014,2013,Male,Discharged,0,Not Admitted,65+,Older Adult,673703,174,2.9,117224322
2013-2014,2013,Female,Intra-Facility Transfer,0,Not Admitted,0-19,Pediatric & Youth,3370,186,3.1,626820
2013-2014,2013,Female,Intra-Facility Transfer,0,Not Admitted,20-44,Young Adult,7944,216,3.6,1715904
2013-2014,2013,Female,Intra-Facility Transfer,0,Not Admitted,45-64,Middle Adult,3825,216,3.6,826200
2013-2014,2013,Female,Intra-Facility Transfer,0,Not Admitted,65+,Older Adult,2702,228,3.8,616056
2013-2014,2013,Male,Intra-Facility Transfer,0,Not Admitted,0-19,Pediatric & Youth,3597,180,3.0,647460
2013-2014,2013,Male,Intra-Facility Transfer,0,Not Admitted,20-44,Young Adult,5238,210,3.5,1099980
2013-2014,2013,Male,Intra-Facility Transfer,0,Not Admitted,45-64,Middle Adult,4383,204,3.4,894132
2013-2014,2013,Male,Intra-Facility Transfer,0,Not Admitted,65+,Older Adult,2898,222,3.7,643356
2013-2014,2013,Female,Left Without Being Seen,0,Not Admitted,0-19,Pediatric & Youth,45601,114,1.9,5198514
2013-2014,2013,Female,Left Without Being Seen,0,Not Admitted,20-44,Young Adult,92476,132,2.2,12206832
2013-2014,2013,Female,Left Without Being Seen,0,Not Admitted,45-64,Middle Adult,41569,138,2.3,5736522
2013-2014,2013,Female,Left Without Being Seen,0,Not Admitted,65+,Older Adult,19932,144,2.4,2870208
2013-2014,2013,Male,Left Without Being Seen,0,Not Admitted,0-19,Pediatric & Youth,45476,108,1.8,4911408
2013-2014,2013,Male,Left Without Being Seen,0,Not Admitted,20-44,Young Adult,83854,126,2.1,10565604
2013-2014,2013,Male,Left Without Being Seen,0,Not Admitted,45-64,Middle Adult,48819,138,2.3,6737022
2013-2014,2013,Male,Left Without Being Seen,0,Not Admitted,65+,Older Adult,19250,138,2.3,2656500
2013-2014,2013,Female,Transferred,0,Not Admitted,0-19,Pediatric & Youth,9790,222,3.7,2173380
2013-2014,2013,Female,Transferred,0,Not Admitted,20-44,Young Adult,16080,234,3.9,3762720
2013-2014,2013,Female,Transferred,0,Not Admitted,45-64,Middle Adult,13656,264,4.4,3605184
2013-2014,2013,Female,Transferred,0,Not Admitted,65+,Older Adult,17839,288,4.8,5137632
2013-2014,2013,Male,Transferred,0,Not Admitted,0-19,Pediatric & Youth,11164,198,3.3,2210472
2013-2014,2013,Male,Transferred,0,Not Admitted,20-44,Young Adult,15709,228,3.8,3581652
2013-2014,2013,Male,Transferred,0,Not Admitted,45-64,Middle Adult,19244,228,3.8,4387632
2013-2014,2013,Male,Transferred,0,Not Admitted,65+,Older Adult,18379,258,4.3,4741782
2012-2013,2012,Female,Admitted,1,Admitted,0-19,Pediatric & Youth,45616,361,6.02,16467376
2012-2013,2012,Female,Admitted,1,Admitted,20-44,Young Adult,93463,461,7.68,43086443
2012-2013,2012,Female,Admitted,1,Admitted,45-64,Middle Adult,108334,549,9.15,59475366
2012-2013,2012,Female,Admitted,1,Admitted,65+,Older Adult,251165,616,10.27,154717640
2012-2013,2012,Male,Admitted,1,Admitted,0-19,Pediatric & Youth,50578,340,5.67,17196520
2012-2013,2012,Male,Admitted,1,Admitted,20-44,Young Adult,81483,471,7.85,38378493
2012-2013,2012,Male,Admitted,1,Admitted,45-64,Middle Adult,131262,532,8.87,69831384
2012-2013,2012,Male,Admitted,1,Admitted,65+,Older Adult,221222,594,9.9,131405868
2012-2013,2012,Female,Death,0,Not Admitted,0-19,Pediatric & Youth,154,34,0.57,5236
2012-2013,2012,Female,Death,0,Not Admitted,20-44,Young Adult,219,50,0.83,10950
2012-2013,2012,Female,Death,0,Not Admitted,45-64,Middle Adult,574,64,1.07,36736
2012-2013,2012,Female,Death,0,Not Admitted,65+,Older Adult,2134,112,1.87,239008
2012-2013,2012,Male,Death,0,Not Admitted,0-19,Pediatric & Youth,178,35,0.58,6230
2012-2013,2012,Male,Death,0,Not Admitted,20-44,Young Adult,520,31,0.52,16120
2012-2013,2012,Male,Death,0,Not Admitted,45-64,Middle Adult,1472,35,0.58,51520
2012-2013,2012,Male,Death,0,Not Admitted,65+,Older Adult,2743,70,1.17,192010
2012-2013,2012,Female,Discharged,0,Not Admitted,0-19,Pediatric & Youth,1015603,113,1.88,114763139
2012-2013,2012,Female,Discharged,0,Not Admitted,20-44,Young Adult,1607298,142,2.37,228236316
2012-2013,2012,Female,Discharged,0,Not Admitted,45-64,Middle Adult,1039977,148,2.47,153916596
2012-2013,2012,Female,Discharged,0,Not Admitted,65+,Older Adult,772413,188,3.13,145213644
2012-2013,2012,Male,Discharged,0,Not Admitted,0-19,Pediatric & Youth,1095123,109,1.82,119368407
2012-2013,2012,Male,Discharged,0,Not Admitted,20-44,Young Adult,1330615,127,2.12,168988105
2012-2013,2012,Male,Discharged,0,Not Admitted,45-64,Middle Adult,992669,142,2.37,140958998
2012-2013,2012,Male,Discharged,0,Not Admitted,65+,Older Adult,636089,171,2.85,108771219
2012-2013,2012,Female,Intra-Facility Transfer,0,Not Admitted,0-19,Pediatric & Youth,2878,177,2.95,509406
2012-2013,2012,Female,Intra-Facility Transfer,0,Not Admitted,20-44,Young Adult,7258,230,3.83,1669340
2012-2013,2012,Female,Intra-Facility Transfer,0,Not Admitted,45-64,Middle Adult,3522,204,3.4,718488
2012-2013,2012,Female,Intra-Facility Transfer,0,Not Admitted,65+,Older Adult,2321,232,3.87,538472
2012-2013,2012,Male,Intra-Facility Transfer,0,Not Admitted,0-19,Pediatric & Youth,3115,165,2.75,513975
2012-2013,2012,Male,Intra-Facility Transfer,0,Not Admitted,20-44,Young Adult,4292,208,3.47,892736
2012-2013,2012,Male,Intra-Facility Transfer,0,Not Admitted,45-64,Middle Adult,3831,212,3.53,812172
2012-2013,2012,Male,Intra-Facility Transfer,0,Not Admitted,65+,Older Adult,2451,215,3.58,526965
2012-2013,2012,Female,Left Without Being Seen,0,Not Admitted,0-19,Pediatric & Youth,49116,112,1.87,5500992
2012-2013,2012,Female,Left Without Being Seen,0,Not Admitted,20-44,Young Adult,94306,130,2.17,12259780
2012-2013,2012,Female,Left Without Being Seen,0,Not Admitted,45-64,Middle Adult,43559,132,2.2,5749788
2012-2013,2012,Female,Left Without Being Seen,0,Not Admitted,65+,Older Adult,21173,145,2.42,3070085
2012-2013,2012,Male,Left Without Being Seen,0,Not Admitted,0-19,Pediatric & Youth,49130,106,1.77,5207780
2012-2013,2012,Male,Left Without Being Seen,0,Not Admitted,20-44,Young Adult,85435,123,2.05,10508505
2012-2013,2012,Male,Left Without Being Seen,0,Not Admitted,45-64,Middle Adult,49605,132,2.2,6547860
2012-2013,2012,Male,Left Without Being Seen,0,Not Admitted,65+,Older Adult,19644,137,2.28,2691228
2012-2013,2012,Female,Transferred,0,Not Admitted,0-19,Pediatric & Youth,9606,210,3.5,2017260
2012-2013,2012,Female,Transferred,0,Not Admitted,20-44,Young Adult,15766,230,3.83,3626180
2012-2013,2012,Female,Transferred,0,Not Admitted,45-64,Middle Adult,13244,262,4.37,3469928
2012-2013,2012,Female,Transferred,0,Not Admitted,65+,Older Adult,17326,285,4.75,4937910
2012-2013,2012,Male,Transferred,0,Not Admitted,0-19,Pediatric & Youth,11341,190,3.17,2154790
2012-2013,2012,Male,Transferred,0,Not Admitted,20-44,Young Adult,15406,228,3.8,3512568
2012-2013,2012,Male,Transferred,0,Not Admitted,45-64,Middle Adult,18610,228,3.8,4243080
2012-2013,2012,Male,Transferred,0,Not Admitted,65+,Older Adult,17677,259,4.32,4578343
2011-2012,2011,Female,Admitted,1,Admitted,0-19,Pediatric & Youth,38274,370,6.17,14161380
2011-2012,2011,Female,Admitted,1,Admitted,20-44,Young Adult,81814,472,7.87,38616208
2011-2012,2011,Female,Admitted,1,Admitted,45-64,Middle Adult,93963,577,9.62,54216651
2011-2012,2011,Female,Admitted,1,Admitted,65+,Older Adult,213440,650,10.83,138736000
2011-2012,2011,Male,Admitted,1,Admitted,0-19,Pediatric & Youth,44358,350,5.83,15525300
2011-2012,2011,Male,Admitted,1,Admitted,20-44,Young Adult,70096,489,8.15,34276944
2011-2012,2011,Male,Admitted,1,Admitted,45-64,Middle Adult,114108,558,9.3,63672264
2011-2012,2011,Male,Admitted,1,Admitted,65+,Older Adult,186325,620,10.33,115521500
2011-2012,2011,Female,Death,0,Not Admitted,0-19,Pediatric & Youth,108,37,0.62,3996
2011-2012,2011,Female,Death,0,Not Admitted,20-44,Young Adult,224,31,0.52,6944
2011-2012,2011,Female,Death,0,Not Admitted,45-64,Middle Adult,561,56,0.93,31416
2011-2012,2011,Female,Death,0,Not Admitted,65+,Older Adult,2065,110,1.83,227150
2011-2012,2011,Male,Death,0,Not Admitted,0-19,Pediatric & Youth,187,35,0.58,6545
2011-2012,2011,Male,Death,0,Not Admitted,20-44,Young Adult,538,30,0.5,16140
2011-2012,2011,Male,Death,0,Not Admitted,45-64,Middle Adult,1430,29,0.48,41470
2011-2012,2011,Male,Death,0,Not Admitted,65+,Older Adult,2686,66,1.1,177276
2011-2012,2011,Female,Discharged,0,Not Admitted,0-19,Pediatric & Youth,937358,113,1.88,105921454
2011-2012,2011,Female,Discharged,0,Not Admitted,20-44,Young Adult,1452102,141,2.35,204746382
2011-2012,2011,Female,Discharged,0,Not Admitted,45-64,Middle Adult,944093,145,2.42,136893485
2011-2012,2011,Female,Discharged,0,Not Admitted,65+,Older Adult,678307,187,3.12,126843409
2011-2012,2011,Male,Discharged,0,Not Admitted,0-19,Pediatric & Youth,1011912,110,1.83,111310320
2011-2012,2011,Male,Discharged,0,Not Admitted,20-44,Young Adult,1212342,127,2.12,153967434
2011-2012,2011,Male,Discharged,0,Not Admitted,45-64,Middle Adult,895262,140,2.33,125336680
2011-2012,2011,Male,Discharged,0,Not Admitted,65+,Older Adult,555752,168,2.8,93366336
2011-2012,2011,Female,Intra-Facility Transfer,0,Not Admitted,0-19,Pediatric & Youth,2263,173,2.88,391499
2011-2012,2011,Female,Intra-Facility Transfer,0,Not Admitted,20-44,Young Adult,6340,235,3.92,1489900
2011-2012,2011,Female,Intra-Facility Transfer,0,Not Admitted,45-64,Middle Adult,2983,215,3.58,641345
2011-2012,2011,Female,Intra-Facility Transfer,0,Not Admitted,65+,Older Adult,2170,240,4.0,520800
2011-2012,2011,Male,Intra-Facility Transfer,0,Not Admitted,0-19,Pediatric & Youth,2502,173,2.88,432846
2011-2012,2011,Male,Intra-Facility Transfer,0,Not Admitted,20-44,Young Adult,3579,205,3.42,733695
2011-2012,2011,Male,Intra-Facility Transfer,0,Not Admitted,45-64,Middle Adult,3246,206,3.43,668676
2011-2012,2011,Male,Intra-Facility Transfer,0,Not Admitted,65+,Older Adult,2272,236,3.93,536192
2011-2012,2011,Female,Left Without Being Seen,0,Not Admitted,0-19,Pediatric & Youth,48260,115,1.92,5549900
2011-2012,2011,Female,Left Without Being Seen,0,Not Admitted,20-44,Young Adult,88896,131,2.18,11645376
2011-2012,2011,Female,Left Without Being Seen,0,Not Admitted,45-64,Middle Adult,40638,134,2.23,5445492
2011-2012,2011,Female,Left Without Being Seen,0,Not Admitted,65+,Older Adult,18438,144,2.4,2655072
2011-2012,2011,Male,Left Without Being Seen,0,Not Admitted,0-19,Pediatric & Youth,48577,110,1.83,5343470
2011-2012,2011,Male,Left Without Being Seen,0,Not Admitted,20-44,Young Adult,79599,126,2.1,10029474
2011-2012,2011,Male,Left Without Being Seen,0,Not Admitted,45-64,Middle Adult,46342,135,2.25,6256170
2011-2012,2011,Male,Left Without Being Seen,0,Not Admitted,65+,Older Adult,17263,139,2.32,2399557
2011-2012,2011,Female,Transferred,0,Not Admitted,0-19,Pediatric & Youth,9020,209,3.48,1885180
2011-2012,2011,Female,Transferred,0,Not Admitted,20-44,Young Adult,15371,233,3.88,3581443
2011-2012,2011,Female,Transferred,0,Not Admitted,45-64,Middle Adult,12995,265,4.42,3443675
2011-2012,2011,Female,Transferred,0,Not Admitted,65+,Older Adult,16261,287,4.78,4666907
2011-2012,2011,Male,Transferred,0,Not Admitted,0-19,Pediatric & Youth,11162,188,3.13,2098456
2011-2012,2011,Male,Transferred,0,Not Admitted,20-44,Young Adult,15003,228,3.8,3420684
2011-2012,2011,Male,Transferred,0,Not Admitted,45-64,Middle Adult,17792,230,3.83,4092160
2011-2012,2011,Male,Transferred,0,Not Admitted,65+,Older Adult,16308,265,4.42,4321620
2010-2011,2010,Female,Admitted,1,Admitted,0-19,Pediatric & Youth,35490,371,6.18,13166790
2010-2011,2010,Female,Admitted,1,Admitted,20-44,Young Adult,71965,474,7.9,34111410
2010-2011,2010,Female,Admitted,1,Admitted,45-64,Middle Adult,82654,596,9.93,49261784
2010-2011,2010,Female,Admitted,1,Admitted,65+,Older Adult,187244,699,11.65,130883556
2010-2011,2010,Male,Admitted,1,Admitted,0-19,Pediatric & Youth,41914,353,5.88,14795642
2010-2011,2010,Male,Admitted,1,Admitted,20-44,Young Adult,60321,502,8.37,30281142
2010-2011,2010,Male,Admitted,1,Admitted,45-64,Middle Adult,98741,575,9.58,56776075
2010-2011,2010,Male,Admitted,1,Admitted,65+,Older Adult,161659,666,11.1,107664894
2010-2011,2010,Female,Death,0,Not Admitted,0-19,Pediatric & Youth,133,38,0.63,5054
2010-2011,2010,Female,Death,0,Not Admitted,20-44,Young Adult,226,43,0.72,9718
2010-2011,2010,Female,Death,0,Not Admitted,45-64,Middle Adult,597,49,0.82,29253
2010-2011,2010,Female,Death,0,Not Admitted,65+,Older Adult,2063,105,1.75,216615
2010-2011,2010,Male,Death,0,Not Admitted,0-19,Pediatric & Youth,207,30,0.5,6210
2010-2011,2010,Male,Death,0,Not Admitted,20-44,Young Adult,528,26,0.43,13728
2010-2011,2010,Male,Death,0,Not Admitted,45-64,Middle Adult,1570,30,0.5,47100
2010-2011,2010,Male,Death,0,Not Admitted,65+,Older Adult,2687,72,1.2,193464
2010-2011,2010,Female,Discharged,0,Not Admitted,0-19,Pediatric & Youth,862885,114,1.9,98368890
2010-2011,2010,Female,Discharged,0,Not Admitted,20-44,Young Adult,1304409,139,2.32,181312851
2010-2011,2010,Female,Discharged,0,Not Admitted,45-64,Middle Adult,848847,142,2.37,120536274
2010-2011,2010,Female,Discharged,0,Not Admitted,65+,Older Adult,606404,184,3.07,111578336
2010-2011,2010,Male,Discharged,0,Not Admitted,0-19,Pediatric & Youth,938799,110,1.83,103267890
2010-2011,2010,Male,Discharged,0,Not Admitted,20-44,Young Adult,1087268,125,2.08,135908500
2010-2011,2010,Male,Discharged,0,Not Admitted,45-64,Middle Adult,806286,136,2.27,109654896
2010-2011,2010,Male,Discharged,0,Not Admitted,65+,Older Adult,494462,165,2.75,81586230
2010-2011,2010,Female,Intra-Facility Transfer,0,Not Admitted,0-19,Pediatric & Youth,1629,156,2.6,254124
2010-2011,2010,Female,Intra-Facility Transfer,0,Not Admitted,20-44,Young Adult,5655,237,3.95,1340235
2010-2011,2010,Female,Intra-Facility Transfer,0,Not Admitted,45-64,Middle Adult,1991,198,3.3,394218
2010-2011,2010,Female,Intra-Facility Transfer,0,Not Admitted,65+,Older Adult,1625,216,3.6,351000
2010-2011,2010,Male,Intra-Facility Transfer,0,Not Admitted,0-19,Pediatric & Youth,1823,155,2.58,282565
2010-2011,2010,Male,Intra-Facility Transfer,0,Not Admitted,20-44,Young Adult,2573,195,3.25,501735
2010-2011,2010,Male,Intra-Facility Transfer,0,Not Admitted,45-64,Middle Adult,2494,200,3.33,498800
2010-2011,2010,Male,Intra-Facility Transfer,0,Not Admitted,65+,Older Adult,1698,223,3.72,378654
2010-2011,2010,Female,Left Without Being Seen,0,Not Admitted,0-19,Pediatric & Youth,46256,115,1.92,5319440
2010-2011,2010,Female,Left Without Being Seen,0,Not Admitted,20-44,Young Adult,80805,131,2.18,10585455
2010-2011,2010,Female,Left Without Being Seen,0,Not Admitted,45-64,Middle Adult,36439,135,2.25,4919265
2010-2011,2010,Female,Left Without Being Seen,0,Not Admitted,65+,Older Adult,16963,142,2.37,2408746
2010-2011,2010,Male,Left Without Being Seen,0,Not Admitted,0-19,Pediatric & Youth,46671,112,1.87,5227152
2010-2011,2010,Male,Left Without Being Seen,0,Not Admitted,20-44,Young Adult,71833,127,2.12,9122791
2010-2011,2010,Male,Left Without Being Seen,0,Not Admitted,45-64,Middle Adult,40731,135,2.25,5498685
2010-2011,2010,Male,Left Without Being Seen,0,Not Admitted,65+,Older Adult,15385,138,2.3,2123130
2010-2011,2010,Female,Transferred,0,Not Admitted,0-19,Pediatric & Youth,8191,199,3.32,1630009
2010-2011,2010,Female,Transferred,0,Not Admitted,20-44,Young Adult,13689,228,3.8,3121092
2010-2011,2010,Female,Transferred,0,Not Admitted,45-64,Middle Adult,10876,260,4.33,2827760
2010-2011,2010,Female,Transferred,0,Not Admitted,65+,Older Adult,13652,287,4.78,3918124
2010-2011,2010,Male,Transferred,0,Not Admitted,0-19,Pediatric & Youth,10390,187,3.12,1942930
2010-2011,2010,Male,Transferred,0,Not Admitted,20-44,Young Adult,13504,224,3.73,3024896
2010-2011,2010,Male,Transferred,0,Not Admitted,45-64,Middle Adult,15639,223,3.72,3487497
2010-2011,2010,Male,Transferred,0,Not Admitted,65+,Older Adult,13780,257,4.28,3541460
2009-2010,2009,Female,Admitted,1,Admitted,0-19,Pediatric & Youth,25833,385,6.42,9945705
2009-2010,2009,Female,Admitted,1,Admitted,20-44,Young Adult,48603,518,8.63,25176354
2009-2010,2009,Female,Admitted,1,Admitted,45-64,Middle Adult,60285,604,10.07,36412140
2009-2010,2009,Female,Admitted,1,Admitted,65+,Older Adult,142389,690,11.5,98248410
2009-2010,2009,Male,Admitted,1,Admitted,0-19,Pediatric & Youth,30913,375,6.25,11592375
2009-2010,2009,Male,Admitted,1,Admitted,20-44,Young Adult,41069,521,8.68,21396949
2009-2010,2009,Male,Admitted,1,Admitted,45-64,Middle Adult,70839,583,9.72,41299137
2009-2010,2009,Male,Admitted,1,Admitted,65+,Older Adult,122021,658,10.97,80289818
2009-2010,2009,Female,Death,0,Not Admitted,0-19,Pediatric & Youth,93,32,0.53,2976
2009-2010,2009,Female,Death,0,Not Admitted,20-44,Young Adult,143,33,0.55,4719
2009-2010,2009,Female,Death,0,Not Admitted,45-64,Middle Adult,403,30,0.5,12090
2009-2010,2009,Female,Death,0,Not Admitted,65+,Older Adult,1617,92,1.53,148764
2009-2010,2009,Male,Death,0,Not Admitted,0-19,Pediatric & Youth,155,26,0.43,4030
2009-2010,2009,Male,Death,0,Not Admitted,20-44,Young Adult,355,23,0.38,8165
2009-2010,2009,Male,Death,0,Not Admitted,45-64,Middle Adult,1151,27,0.45,31077
2009-2010,2009,Male,Death,0,Not Admitted,65+,Older Adult,2123,45,0.75,95535
2009-2010,2009,Female,Discharged,0,Not Admitted,0-19,Pediatric & Youth,610570,120,2.0,73268400
2009-2010,2009,Female,Discharged,0,Not Admitted,20-44,Young Adult,896368,147,2.45,131766096
2009-2010,2009,Female,Discharged,0,Not Admitted,45-64,Middle Adult,598153,151,2.52,90321103
2009-2010,2009,Female,Discharged,0,Not Admitted,65+,Older Adult,440779,195,3.25,85951905
2009-2010,2009,Male,Discharged,0,Not Admitted,0-19,Pediatric & Youth,668590,118,1.97,78893620
2009-2010,2009,Male,Discharged,0,Not Admitted,20-44,Young Adult,737150,133,2.22,98040950
2009-2010,2009,Male,Discharged,0,Not Admitted,45-64,Middle Adult,555557,145,2.42,80555765
2009-2010,2009,Male,Discharged,0,Not Admitted,65+,Older Adult,353215,177,2.95,62519055
2009-2010,2009,Female,Intra-Facility Transfer,0,Not Admitted,0-19,Pediatric & Youth,1371,149,2.48,204279
2009-2010,2009,Female,Intra-Facility Transfer,0,Not Admitted,20-44,Young Adult,4931,218,3.63,1074958
2009-2010,2009,Female,Intra-Facility Transfer,0,Not Admitted,45-64,Middle Adult,1717,201,3.35,345117
2009-2010,2009,Female,Intra-Facility Transfer,0,Not Admitted,65+,Older Adult,1287,225,3.75,289575
2009-2010,2009,Male,Intra-Facility Transfer,0,Not Admitted,0-19,Pediatric & Youth,1616,132,2.2,213312
2009-2010,2009,Male,Intra-Facility Transfer,0,Not Admitted,20-44,Young Adult,2106,173,2.88,364338
2009-2010,2009,Male,Intra-Facility Transfer,0,Not Admitted,45-64,Middle Adult,2005,182,3.03,364910
2009-2010,2009,Male,Intra-Facility Transfer,0,Not Admitted,65+,Older Adult,1405,212,3.53,297860
2009-2010,2009,Female,Left Without Being Seen,0,Not Admitted,0-19,Pediatric & Youth,38079,125,2.08,4759875
2009-2010,2009,Female,Left Without Being Seen,0,Not Admitted,20-44,Young Adult,60227,139,2.32,8371553
2009-2010,2009,Female,Left Without Being Seen,0,Not Admitted,45-64,Middle Adult,28239,142,2.37,4009938
2009-2010,2009,Female,Left Without Being Seen,0,Not Admitted,65+,Older Adult,13451,153,2.55,2058003
2009-2010,2009,Male,Left Without Being Seen,0,Not Admitted,0-19,Pediatric & Youth,39571,121,2.02,4788091
2009-2010,2009,Male,Left Without Being Seen,0,Not Admitted,20-44,Young Adult,52409,134,2.23,7022806
2009-2010,2009,Male,Left Without Being Seen,0,Not Admitted,45-64,Middle Adult,30001,140,2.33,4200140
2009-2010,2009,Male,Left Without Being Seen,0,Not Admitted,65+,Older Adult,12288,143,2.38,1757184
2009-2010,2009,Female,Transferred,0,Not Admitted,0-19,Pediatric & Youth,5657,213,3.55,1204941
2009-2010,2009,Female,Transferred,0,Not Admitted,20-44,Young Adult,8192,246,4.1,2015232
2009-2010,2009,Female,Transferred,0,Not Admitted,45-64,Middle Adult,7218,266,4.43,1919988
2009-2010,2009,Female,Transferred,0,Not Admitted,65+,Older Adult,8603,279,4.65,2400237
2009-2010,2009,Male,Transferred,0,Not Admitted,0-19,Pediatric & Youth,7141,201,3.35,1435341
2009-2010,2009,Male,Transferred,0,Not Admitted,20-44,Young Adult,8653,235,3.92,2033455
2009-2010,2009,Male,Transferred,0,Not Admitted,45-64,Middle Adult,10080,235,3.92,2368800
2009-2010,2009,Male,Transferred,0,Not Admitted,65+,Older Adult,8720,263,4.38,2293360
2008-2009,2008,Female,Admitted,1,Admitted,0-19,Pediatric & Youth,24107,373,6.22,8991911
2008-2009,2008,Female,Admitted,1,Admitted,20-44,Young Adult,47946,503,8.38,24116838
2008-2009,2008,Female,Admitted,1,Admitted,45-64,Middle Adult,57187,600,10.0,34312200
2008-2009,2008,Female,Admitted,1,Admitted,65+,Older Adult,138808,685,11.42,95083480
2008-2009,2008,Male,Admitted,1,Admitted,0-19,Pediatric & Youth,29179,354,5.9,10329366
2008-2009,2008,Male,Admitted,1,Admitted,20-44,Young Adult,40555,523,8.72,21210265
2008-2009,2008,Male,Admitted,1,Admitted,45-64,Middle Adult,68241,572,9.53,39033852
2008-2009,2008,Male,Admitted,1,Admitted,65+,Older Adult,120232,647,10.78,77790104
2008-2009,2008,Female,Death,0,Not Admitted,0-19,Pediatric & Youth,80,32,0.53,2560
2008-2009,2008,Female,Death,0,Not Admitted,20-44,Young Adult,160,44,0.73,7040
2008-2009,2008,Female,Death,0,Not Admitted,45-64,Middle Adult,421,34,0.57,14314
2008-2009,2008,Female,Death,0,Not Admitted,65+,Older Adult,1535,87,1.45,133545
2008-2009,2008,Male,Death,0,Not Admitted,0-19,Pediatric & Youth,135,27,0.45,3645
2008-2009,2008,Male,Death,0,Not Admitted,20-44,Young Adult,358,21,0.35,7518
2008-2009,2008,Male,Death,0,Not Admitted,45-64,Middle Adult,1201,22,0.37,26422
2008-2009,2008,Male,Death,0,Not Admitted,65+,Older Adult,2168,40,0.67,86720
2008-2009,2008,Female,Discharged,0,Not Admitted,0-19,Pediatric & Youth,575901,120,2.0,69108120
2008-2009,2008,Female,Discharged,0,Not Admitted,20-44,Young Adult,852756,146,2.43,124502376
2008-2009,2008,Female,Discharged,0,Not Admitted,45-64,Middle Adult,561928,150,2.5,84289200
2008-2009,2008,Female,Discharged,0,Not Admitted,65+,Older Adult,417365,195,3.25,81386175
2008-2009,2008,Male,Discharged,0,Not Admitted,0-19,Pediatric & Youth,634136,117,1.95,74193912
2008-2009,2008,Male,Discharged,0,Not Admitted,20-44,Young Adult,725730,132,2.2,95796360
2008-2009,2008,Male,Discharged,0,Not Admitted,45-64,Middle Adult,531224,144,2.4,76496256
2008-2009,2008,Male,Discharged,0,Not Admitted,65+,Older Adult,337002,178,2.97,59986356
2008-2009,2008,Female,Intra-Facility Transfer,0,Not Admitted,0-19,Pediatric & Youth,1421,147,2.45,208887
2008-2009,2008,Female,Intra-Facility Transfer,0,Not Admitted,20-44,Young Adult,4953,227,3.78,1124331
2008-2009,2008,Female,Intra-Facility Transfer,0,Not Admitted,45-64,Middle Adult,1668,220,3.67,366960
2008-2009,2008,Female,Intra-Facility Transfer,0,Not Admitted,65+,Older Adult,1233,223,3.72,274959
2008-2009,2008,Male,Intra-Facility Transfer,0,Not Admitted,0-19,Pediatric & Youth,1607,136,2.27,218552
2008-2009,2008,Male,Intra-Facility Transfer,0,Not Admitted,20-44,Young Adult,1823,184,3.07,335432
2008-2009,2008,Male,Intra-Facility Transfer,0,Not Admitted,45-64,Middle Adult,1859,188,3.13,349492
2008-2009,2008,Male,Intra-Facility Transfer,0,Not Admitted,65+,Older Adult,1386,216,3.6,299376
2008-2009,2008,Female,Left Without Being Seen,0,Not Admitted,0-19,Pediatric & Youth,36147,122,2.03,4409934
2008-2009,2008,Female,Left Without Being Seen,0,Not Admitted,20-44,Young Adult,58581,138,2.3,8084178
2008-2009,2008,Female,Left Without Being Seen,0,Not Admitted,45-64,Middle Adult,27029,140,2.33,3784060
2008-2009,2008,Female,Left Without Being Seen,0,Not Admitted,65+,Older Adult,12939,150,2.5,1940850
2008-2009,2008,Male,Left Without Being Seen,0,Not Admitted,0-19,Pediatric & Youth,37098,119,1.98,4414662
2008-2009,2008,Male,Left Without Being Seen,0,Not Admitted,20-44,Young Adult,51406,135,2.25,6939810
2008-2009,2008,Male,Left Without Being Seen,0,Not Admitted,45-64,Middle Adult,29236,140,2.33,4093040
2008-2009,2008,Male,Left Without Being Seen,0,Not Admitted,65+,Older Adult,11935,143,2.38,1706705
2008-2009,2008,Female,Transferred,0,Not Admitted,0-19,Pediatric & Youth,5096,212,3.53,1080352
2008-2009,2008,Female,Transferred,0,Not Admitted,20-44,Young Adult,7804,239,3.98,1865156
2008-2009,2008,Female,Transferred,0,Not Admitted,45-64,Middle Adult,6444,265,4.42,1707660
2008-2009,2008,Female,Transferred,0,Not Admitted,65+,Older Adult,7418,281,4.68,2084458
2008-2009,2008,Male,Transferred,0,Not Admitted,0-19,Pediatric & Youth,6615,198,3.3,1309770
2008-2009,2008,Male,Transferred,0,Not Admitted,20-44,Young Adult,8686,235,3.92,2041210
2008-2009,2008,Male,Transferred,0,Not Admitted,45-64,Middle Adult,9190,239,3.98,2196410
2008-2009,2008,Male,Transferred,0,Not Admitted,65+,Older Adult,7742,264,4.4,2043888
2008-2009,2008,Female,Unknown,0,Not Admitted,0-19,Pediatric & Youth,6682,67,1.12,447694
2008-2009,2008,Female,Unknown,0,Not Admitted,20-44,Young Adult,8176,74,1.23,605024
2008-2009,2008,Female,Unknown,0,Not Admitted,45-64,Middle Adult,6802,79,1.32,537358
2008-2009,2008,Female,Unknown,0,Not Admitted,65+,Older Adult,5535,104,1.73,575640
2008-2009,2008,Male,Unknown,0,Not Admitted,0-19,Pediatric & Youth,6855,63,1.05,431865
2008-2009,2008,Male,Unknown,0,Not Admitted,20-44,Young Adult,6334,70,1.17,443380
2008-2009,2008,Male,Unknown,0,Not Admitted,45-64,Middle Adult,6244,78,1.3,487032
2008-2009,2008,Male,Unknown,0,Not Admitted,65+,Older Adult,4895,96,1.6,469920
2007-2008,2007,Female,Admitted,1,Admitted,0-19,Pediatric & Youth,24473,344,5.73,8418712
2007-2008,2007,Female,Admitted,1,Admitted,20-44,Young Adult,49835,460,7.67,22924100
2007-2008,2007,Female,Admitted,1,Admitted,45-64,Middle Adult,57126,511,8.52,29191386
2007-2008,2007,Female,Admitted,1,Admitted,65+,Older Adult,138418,561,9.35,77652498
2007-2008,2007,Male,Admitted,1,Admitted,0-19,Pediatric & Youth,29819,327,5.45,9750813
2007-2008,2007,Male,Admitted,1,Admitted,20-44,Young Adult,42962,455,7.58,19547710
2007-2008,2007,Male,Admitted,1,Admitted,45-64,Middle Adult,68264,493,8.22,33654152
2007-2008,2007,Male,Admitted,1,Admitted,65+,Older Adult,118552,540,9.0,64018080
2007-2008,2007,Female,Death,0,Not Admitted,0-19,Pediatric & Youth,101,29,0.48,2929
2007-2008,2007,Female,Death,0,Not Admitted,20-44,Young Adult,182,23,0.38,4186
2007-2008,2007,Female,Death,0,Not Admitted,45-64,Middle Adult,416,48,0.8,19968
2007-2008,2007,Female,Death,0,Not Admitted,65+,Older Adult,1623,79,1.32,128217
2007-2008,2007,Male,Death,0,Not Admitted,0-19,Pediatric & Youth,141,24,0.4,3384
2007-2008,2007,Male,Death,0,Not Admitted,20-44,Young Adult,416,22,0.37,9152
2007-2008,2007,Male,Death,0,Not Admitted,45-64,Middle Adult,1195,20,0.33,23900
2007-2008,2007,Male,Death,0,Not Admitted,65+,Older Adult,2193,40,0.67,87720
2007-2008,2007,Female,Discharged,0,Not Admitted,0-19,Pediatric & Youth,575633,113,1.88,65046529
2007-2008,2007,Female,Discharged,0,Not Admitted,20-44,Young Adult,862802,140,2.33,120792280
2007-2008,2007,Female,Discharged,0,Not Admitted,45-64,Middle Adult,554034,144,2.4,79780896
2007-2008,2007,Female,Discharged,0,Not Admitted,65+,Older Adult,411930,188,3.13,77442840
2007-2008,2007,Male,Discharged,0,Not Admitted,0-19,Pediatric & Youth,645427,110,1.83,70996970
2007-2008,2007,Male,Discharged,0,Not Admitted,20-44,Young Adult,753102,127,2.12,95643954
2007-2008,2007,Male,Discharged,0,Not Admitted,45-64,Middle Adult,530040,139,2.32,73675560
2007-2008,2007,Male,Discharged,0,Not Admitted,65+,Older Adult,333929,170,2.83,56767930
2007-2008,2007,Female,Intra-Facility Transfer,0,Not Admitted,0-19,Pediatric & Youth,1340,155,2.58,207700
2007-2008,2007,Female,Intra-Facility Transfer,0,Not Admitted,20-44,Young Adult,5402,220,3.67,1188440
2007-2008,2007,Female,Intra-Facility Transfer,0,Not Admitted,45-64,Middle Adult,1677,199,3.32,333723
2007-2008,2007,Female,Intra-Facility Transfer,0,Not Admitted,65+,Older Adult,1358,216,3.6,293328
2007-2008,2007,Male,Intra-Facility Transfer,0,Not Admitted,0-19,Pediatric & Youth,1521,137,2.28,208377
2007-2008,2007,Male,Intra-Facility Transfer,0,Not Admitted,20-44,Young Adult,2148,191,3.18,410268
2007-2008,2007,Male,Intra-Facility Transfer,0,Not Admitted,45-64,Middle Adult,1948,196,3.27,381808
2007-2008,2007,Male,Intra-Facility Transfer,0,Not Admitted,65+,Older Adult,1415,207,3.45,292905
2007-2008,2007,Female,Left Without Being Seen,0,Not Admitted,0-19,Pediatric & Youth,33342,117,1.95,3901014
2007-2008,2007,Female,Left Without Being Seen,0,Not Admitted,20-44,Young Adult,57387,135,2.25,7747245
2007-2008,2007,Female,Left Without Being Seen,0,Not Admitted,45-64,Middle Adult,25540,139,2.32,3550060
2007-2008,2007,Female,Left Without Being Seen,0,Not Admitted,65+,Older Adult,12127,150,2.5,1819050
2007-2008,2007,Male,Left Without Being Seen,0,Not Admitted,0-19,Pediatric & Youth,34267,113,1.88,3872171
2007-2008,2007,Male,Left Without Being Seen,0,Not Admitted,20-44,Young Adult,51414,132,2.2,6786648
2007-2008,2007,Male,Left Without Being Seen,0,Not Admitted,45-64,Middle Adult,27640,137,2.28,3786680
2007-2008,2007,Male,Left Without Being Seen,0,Not Admitted,65+,Older Adult,11251,140,2.33,1575140
2007-2008,2007,Female,Transferred,0,Not Admitted,0-19,Pediatric & Youth,4884,205,3.42,1001220
2007-2008,2007,Female,Transferred,0,Not Admitted,20-44,Young Adult,7840,236,3.93,1850240
2007-2008,2007,Female,Transferred,0,Not Admitted,45-64,Middle Adult,6272,258,4.3,1618176
2007-2008,2007,Female,Transferred,0,Not Admitted,65+,Older Adult,7377,274,4.57,2021298
2007-2008,2007,Male,Transferred,0,Not Admitted,0-19,Pediatric & Youth,6629,193,3.22,1279397
2007-2008,2007,Male,Transferred,0,Not Admitted,20-44,Young Adult,8599,229,3.82,1969171
2007-2008,2007,Male,Transferred,0,Not Admitted,45-64,Middle Adult,8776,229,3.82,2009704
2007-2008,2007,Male,Transferred,0,Not Admitted,65+,Older Adult,7561,260,4.33,1965860
2006-2007,2006,Female,Admitted,1,Admitted,0-19,Pediatric & Youth,25054,250,4.17,6263500
2006-2007,2006,Female,Admitted,1,Admitted,20-44,Young Adult,50133,302,5.03,15140166
2006-2007,2006,Female,Admitted,1,Admitted,45-64,Middle Adult,54996,312,5.2,17158752
2006-2007,2006,Female,Admitted,1,Admitted,65+,Older Adult,138548,323,5.38,44751004
2006-2007,2006,Male,Admitted,1,Admitted,0-19,Pediatric & Youth,30720,235,3.92,7219200
2006-2007,2006,Male,Admitted,1,Admitted,20-44,Young Adult,42698,287,4.78,12254326
2006-2007,2006,Male,Admitted,1,Admitted,45-64,Middle Adult,66272,297,4.95,19682784
2006-2007,2006,Male,Admitted,1,Admitted,65+,Older Adult,118539,312,5.2,36984168
2006-2007,2006,Female,Death,0,Not Admitted,0-19,Pediatric & Youth,100,25,0.42,2500
2006-2007,2006,Female,Death,0,Not Admitted,20-44,Young Adult,179,26,0.43,4654
2006-2007,2006,Female,Death,0,Not Admitted,45-64,Middle Adult,488,50,0.83,24400
2006-2007,2006,Female,Death,0,Not Admitted,65+,Older Adult,1670,92,1.53,153640
2006-2007,2006,Male,Death,0,Not Admitted,0-19,Pediatric & Youth,184,36,0.6,6624
2006-2007,2006,Male,Death,0,Not Admitted,20-44,Young Adult,464,21,0.35,9744
2006-2007,2006,Male,Death,0,Not Admitted,45-64,Middle Adult,1285,29,0.48,37265
2006-2007,2006,Male,Death,0,Not Admitted,65+,Older Adult,2266,53,0.88,120098
2006-2007,2006,Female,Discharged,0,Not Admitted,0-19,Pediatric & Youth,572389,108,1.8,61818012
2006-2007,2006,Female,Discharged,0,Not Admitted,20-44,Young Adult,848023,136,2.27,115331128
2006-2007,2006,Female,Discharged,0,Not Admitted,45-64,Middle Adult,527180,139,2.32,73278020
2006-2007,2006,Female,Discharged,0,Not Admitted,65+,Older Adult,398258,183,3.05,72881214
2006-2007,2006,Male,Discharged,0,Not Admitted,0-19,Pediatric & Youth,647797,106,1.77,68666482
2006-2007,2006,Male,Discharged,0,Not Admitted,20-44,Young Adult,757323,124,2.07,93908052
2006-2007,2006,Male,Discharged,0,Not Admitted,45-64,Middle Adult,504756,135,2.25,68142060
2006-2007,2006,Male,Discharged,0,Not Admitted,65+,Older Adult,319394,166,2.77,53019404
2006-2007,2006,Female,Intra-Facility Transfer,0,Not Admitted,0-19,Pediatric & Youth,1405,140,2.33,196700
2006-2007,2006,Female,Intra-Facility Transfer,0,Not Admitted,20-44,Young Adult,5730,227,3.78,1300710
2006-2007,2006,Female,Intra-Facility Transfer,0,Not Admitted,45-64,Middle Adult,1660,192,3.2,318720
2006-2007,2006,Female,Intra-Facility Transfer,0,Not Admitted,65+,Older Adult,1349,200,3.33,269800
2006-2007,2006,Male,Intra-Facility Transfer,0,Not Admitted,0-19,Pediatric & Youth,1526,134,2.23,204484
2006-2007,2006,Male,Intra-Facility Transfer,0,Not Admitted,20-44,Young Adult,2275,172,2.87,391300
2006-2007,2006,Male,Intra-Facility Transfer,0,Not Admitted,45-64,Middle Adult,2005,181,3.02,362905
2006-2007,2006,Male,Intra-Facility Transfer,0,Not Admitted,65+,Older Adult,1402,200,3.33,280400
2006-2007,2006,Female,Left Without Being Seen,0,Not Admitted,0-19,Pediatric & Youth,32770,115,1.92,3768550
2006-2007,2006,Female,Left Without Being Seen,0,Not Admitted,20-44,Young Adult,56705,134,2.23,7598470
2006-2007,2006,Female,Left Without Being Seen,0,Not Admitted,45-64,Middle Adult,24062,136,2.27,3272432
2006-2007,2006,Female,Left Without Being Seen,0,Not Admitted,65+,Older Adult,11763,148,2.47,1740924
2006-2007,2006,Male,Left Without Being Seen,0,Not Admitted,0-19,Pediatric & Youth,34372,111,1.85,3815292
2006-2007,2006,Male,Left Without Being Seen,0,Not Admitted,20-44,Young Adult,52019,131,2.18,6814489
2006-2007,2006,Male,Left Without Being Seen,0,Not Admitted,45-64,Middle Adult,26299,136,2.27,3576664
2006-2007,2006,Male,Left Without Being Seen,0,Not Admitted,65+,Older Adult,10266,140,2.33,1437240
2006-2007,2006,Female,Transferred,0,Not Admitted,0-19,Pediatric & Youth,4944,190,3.17,939360
2006-2007,2006,Female,Transferred,0,Not Admitted,20-44,Young Adult,7769,212,3.53,1647028
2006-2007,2006,Female,Transferred,0,Not Admitted,45-64,Middle Adult,5875,238,3.97,1398250
2006-2007,2006,Female,Transferred,0,Not Admitted,65+,Older Adult,7052,264,4.4,1861728
2006-2007,2006,Male,Transferred,0,Not Admitted,0-19,Pediatric & Youth,6329,180,3.0,1139220
2006-2007,2006,Male,Transferred,0,Not Admitted,20-44,Young Adult,8367,205,3.42,1715235
2006-2007,2006,Male,Transferred,0,Not Admitted,45-64,Middle Adult,8072,215,3.58,1735480
2006-2007,2006,Male,Transferred,0,Not Admitted,65+,Older Adult,7135,250,4.17,1783750
2005-2006,2005,Female,Admitted,1,Admitted,0-19,Pediatric & Youth,27379,250,4.17,6844750
2005-2006,2005,Female,Admitted,1,Admitted,20-44,Young Adult,55625,287,4.78,15964375
2005-2006,2005,Female,Admitted,1,Admitted,45-64,Middle Adult,57264,307,5.12,17580048
2005-2006,2005,Female,Admitted,1,Admitted,65+,Older Adult,138587,320,5.33,44347840
2005-2006,2005,Male,Admitted,1,Admitted,0-19,Pediatric & Youth,33723,237,3.95,7992351
2005-2006,2005,Male,Admitted,1,Admitted,20-44,Young Adult,47501,284,4.73,13490284
2005-2006,2005,Male,Admitted,1,Admitted,45-64,Middle Adult,68208,292,4.87,19916736
2005-2006,2005,Male,Admitted,1,Admitted,65+,Older Adult,117306,308,5.13,36130248
2005-2006,2005,Female,Death,0,Not Admitted,0-19,Pediatric & Youth,91,40,0.67,3640
2005-2006,2005,Female,Death,0,Not Admitted,20-44,Young Adult,229,38,0.63,8702
2005-2006,2005,Female,Death,0,Not Admitted,45-64,Middle Adult,451,28,0.47,12628
2005-2006,2005,Female,Death,0,Not Admitted,65+,Older Adult,1691,84,1.4,142044
2005-2006,2005,Male,Death,0,Not Admitted,0-19,Pediatric & Youth,185,29,0.48,5365
2005-2006,2005,Male,Death,0,Not Admitted,20-44,Young Adult,498,32,0.53,15936
2005-2006,2005,Male,Death,0,Not Admitted,45-64,Middle Adult,1329,29,0.48,38541
2005-2006,2005,Male,Death,0,Not Admitted,65+,Older Adult,2372,47,0.78,111484
2005-2006,2005,Female,Discharged,0,Not Admitted,0-19,Pediatric & Youth,587687,105,1.75,61707135
2005-2006,2005,Female,Discharged,0,Not Admitted,20-44,Young Adult,847352,131,2.18,111003112
2005-2006,2005,Female,Discharged,0,Not Admitted,45-64,Middle Adult,506404,135,2.25,68364540
2005-2006,2005,Female,Discharged,0,Not Admitted,65+,Older Adult,383363,176,2.93,67471888
2005-2006,2005,Male,Discharged,0,Not Admitted,0-19,Pediatric & Youth,667873,105,1.75,70126665
2005-2006,2005,Male,Discharged,0,Not Admitted,20-44,Young Adult,775240,120,2.0,93028800
2005-2006,2005,Male,Discharged,0,Not Admitted,45-64,Middle Adult,491610,130,2.17,63909300
2005-2006,2005,Male,Discharged,0,Not Admitted,65+,Older Adult,308342,160,2.67,49334720
2005-2006,2005,Female,Intra-Facility Transfer,0,Not Admitted,0-19,Pediatric & Youth,1881,149,2.48,280269
2005-2006,2005,Female,Intra-Facility Transfer,0,Not Admitted,20-44,Young Adult,6143,216,3.6,1326888
2005-2006,2005,Female,Intra-Facility Transfer,0,Not Admitted,45-64,Middle Adult,1784,169,2.82,301496
2005-2006,2005,Female,Intra-Facility Transfer,0,Not Admitted,65+,Older Adult,1609,197,3.28,316973
2005-2006,2005,Male,Intra-Facility Transfer,0,Not Admitted,0-19,Pediatric & Youth,2198,130,2.17,285740
2005-2006,2005,Male,Intra-Facility Transfer,0,Not Admitted,20-44,Young Adult,2626,172,2.87,451672
2005-2006,2005,Male,Intra-Facility Transfer,0,Not Admitted,45-64,Middle Adult,2111,172,2.87,363092
2005-2006,2005,Male,Intra-Facility Transfer,0,Not Admitted,65+,Older Adult,1607,188,3.13,302116
2005-2006,2005,Female,Left Without Being Seen,0,Not Admitted,0-19,Pediatric & Youth,31176,110,1.83,3429360
2005-2006,2005,Female,Left Without Being Seen,0,Not Admitted,20-44,Young Adult,51444,126,2.1,6481944
2005-2006,2005,Female,Left Without Being Seen,0,Not Admitted,45-64,Middle Adult,20753,129,2.15,2677137
2005-2006,2005,Female,Left Without Being Seen,0,Not Admitted,65+,Older Adult,9587,137,2.28,1313419
2005-2006,2005,Male,Left Without Being Seen,0,Not Admitted,0-19,Pediatric & Youth,33077,108,1.8,3572316
2005-2006,2005,Male,Left Without Being Seen,0,Not Admitted,20-44,Young Adult,47446,125,2.08,5930750
2005-2006,2005,Male,Left Without Being Seen,0,Not Admitted,45-64,Middle Adult,23224,128,2.13,2972672
2005-2006,2005,Male,Left Without Being Seen,0,Not Admitted,65+,Older Adult,8927,132,2.2,1178364
2005-2006,2005,Female,Transferred,0,Not Admitted,0-19,Pediatric & Youth,4597,187,3.12,859639
2005-2006,2005,Female,Transferred,0,Not Admitted,20-44,Young Adult,6430,218,3.63,1401740
2005-2006,2005,Female,Transferred,0,Not Admitted,45-64,Middle Adult,5082,238,3.97,1209516
2005-2006,2005,Female,Transferred,0,Not Admitted,65+,Older Adult,7099,258,4.3,1831542
2005-2006,2005,Male,Transferred,0,Not Admitted,0-19,Pediatric & Youth,6418,175,2.92,1123150
2005-2006,2005,Male,Transferred,0,Not Admitted,20-44,Young Adult,7273,212,3.53,1541876
2005-2006,2005,Male,Transferred,0,Not Admitted,45-64,Middle Adult,7288,214,3.57,1559632
2005-2006,2005,Male,Transferred,0,Not Admitted,65+,Older Adult,7024,247,4.12,1734928
2004-2005,2004,Female,Admitted,1,Admitted,0-19,Pediatric & Youth,27618,247,4.12,6821646
2004-2005,2004,Female,Admitted,1,Admitted,20-44,Young Adult,55546,285,4.75,15830610
2004-2005,2004,Female,Admitted,1,Admitted,45-64,Middle Adult,56643,305,5.08,17276115
2004-2005,2004,Female,Admitted,1,Admitted,65+,Older Adult,139060,315,5.25,43803900
2004-2005,2004,Male,Admitted,1,Admitted,0-19,Pediatric & Youth,33614,235,3.92,7899290
2004-2005,2004,Male,Admitted,1,Admitted,20-44,Young Adult,48067,278,4.63,13362626
2004-2005,2004,Male,Admitted,1,Admitted,45-64,Middle Adult,67401,286,4.77,19276686
2004-2005,2004,Male,Admitted,1,Admitted,65+,Older Adult,117841,305,5.08,35941505
2004-2005,2004,Female,Death,0,Not Admitted,0-19,Pediatric & Youth,111,31,0.52,3441
2004-2005,2004,Female,Death,0,Not Admitted,20-44,Young Adult,168,40,0.67,6720
2004-2005,2004,Female,Death,0,Not Admitted,45-64,Middle Adult,440,34,0.57,14960
2004-2005,2004,Female,Death,0,Not Admitted,65+,Older Adult,1742,76,1.27,132392
2004-2005,2004,Male,Death,0,Not Admitted,0-19,Pediatric & Youth,189,33,0.55,6237
2004-2005,2004,Male,Death,0,Not Admitted,20-44,Young Adult,518,30,0.5,15540
2004-2005,2004,Male,Death,0,Not Admitted,45-64,Middle Adult,1321,24,0.4,31704
2004-2005,2004,Male,Death,0,Not Admitted,65+,Older Adult,2355,47,0.78,110685
2004-2005,2004,Female,Discharged,0,Not Admitted,0-19,Pediatric & Youth,561255,103,1.72,57809265
2004-2005,2004,Female,Discharged,0,Not Admitted,20-44,Young Adult,822137,127,2.12,104411399
2004-2005,2004,Female,Discharged,0,Not Admitted,45-64,Middle Adult,477445,131,2.18,62545295
2004-2005,2004,Female,Discharged,0,Not Admitted,65+,Older Adult,365790,174,2.9,63647460
2004-2005,2004,Male,Discharged,0,Not Admitted,0-19,Pediatric & Youth,640845,101,1.68,64725345
2004-2005,2004,Male,Discharged,0,Not Admitted,20-44,Young Adult,753274,117,1.95,88133058
2004-2005,2004,Male,Discharged,0,Not Admitted,45-64,Middle Adult,460622,127,2.12,58498994
2004-2005,2004,Male,Discharged,0,Not Admitted,65+,Older Adult,293286,155,2.58,45459330
2004-2005,2004,Female,Intra-Facility Transfer,0,Not Admitted,0-19,Pediatric & Youth,1894,137,2.28,259478
2004-2005,2004,Female,Intra-Facility Transfer,0,Not Admitted,20-44,Young Adult,6555,215,3.58,1409325
2004-2005,2004,Female,Intra-Facility Transfer,0,Not Admitted,45-64,Middle Adult,2123,168,2.8,356664
2004-2005,2004,Female,Intra-Facility Transfer,0,Not Admitted,65+,Older Adult,1723,182,3.03,313586
2004-2005,2004,Male,Intra-Facility Transfer,0,Not Admitted,0-19,Pediatric & Youth,2128,135,2.25,287280
2004-2005,2004,Male,Intra-Facility Transfer,0,Not Admitted,20-44,Young Adult,3010,156,2.6,469560
2004-2005,2004,Male,Intra-Facility Transfer,0,Not Admitted,45-64,Middle Adult,2355,160,2.67,376800
2004-2005,2004,Male,Intra-Facility Transfer,0,Not Admitted,65+,Older Adult,1630,189,3.15,308070
2004-2005,2004,Female,Left Without Being Seen,0,Not Admitted,0-19,Pediatric & Youth,28321,110,1.83,3115310
2004-2005,2004,Female,Left Without Being Seen,0,Not Admitted,20-44,Young Adult,47643,125,2.08,5955375
2004-2005,2004,Female,Left Without Being Seen,0,Not Admitted,45-64,Middle Adult,18629,126,2.1,2347254
2004-2005,2004,Female,Left Without Being Seen,0,Not Admitted,65+,Older Adult,8676,134,2.23,1162584
2004-2005,2004,Male,Left Without Being Seen,0,Not Admitted,0-19,Pediatric & Youth,29349,105,1.75,3081645
2004-2005,2004,Male,Left Without Being Seen,0,Not Admitted,20-44,Young Adult,44038,122,2.03,5372636
2004-2005,2004,Male,Left Without Being Seen,0,Not Admitted,45-64,Middle Adult,20498,130,2.17,2664740
2004-2005,2004,Male,Left Without Being Seen,0,Not Admitted,65+,Older Adult,7919,128,2.13,1013632
2004-2005,2004,Female,Transferred,0,Not Admitted,0-19,Pediatric & Youth,4172,180,3.0,750960
2004-2005,2004,Female,Transferred,0,Not Admitted,20-44,Young Adult,6191,213,3.55,1318683
2004-2005,2004,Female,Transferred,0,Not Admitted,45-64,Middle Adult,4557,244,4.07,1111908
2004-2005,2004,Female,Transferred,0,Not Admitted,65+,Older Adult,6640,266,4.43,1766240
2004-2005,2004,Male,Transferred,0,Not Admitted,0-19,Pediatric & Youth,5846,169,2.82,987974
2004-2005,2004,Male,Transferred,0,Not Admitted,20-44,Young Adult,7028,215,3.58,1511020
2004-2005,2004,Male,Transferred,0,Not Admitted,45-64,Middle Adult,6413,224,3.73,1436512
2004-2005,2004,Male,Transferred,0,Not Admitted,65+,Older Adult,6141,254,4.23,1559814
2004-2005,2004,Female,Unknown,0,Not Admitted,0-19,Pediatric & Youth,6833,53,0.88,362149
2004-2005,2004,Female,Unknown,0,Not Admitted,20-44,Young Adult,7892,60,1.0,473520
2004-2005,2004,Female,Unknown,0,Not Admitted,45-64,Middle Adult,5214,64,1.07,333696
2004-2005,2004,Female,Unknown,0,Not Admitted,65+,Older Adult,4498,87,1.45,391326
2004-2005,2004,Male,Unknown,0,Not Admitted,0-19,Pediatric & Youth,6594,52,0.87,342888
2004-2005,2004,Male,Unknown,0,Not Admitted,20-44,Young Adult,6618,56,0.93,370608
2004-2005,2004,Male,Unknown,0,Not Admitted,45-64,Middle Adult,5297,64,1.07,339008
2004-2005,2004,Male,Unknown,0,Not Admitted,65+,Older Adult,4092,78,1.3,319176
2003-2004,2003,Female,Admitted,1,Admitted,0-19,Pediatric & Youth,26742,249,4.15,6658758
2003-2004,2003,Female,Admitted,1,Admitted,20-44,Young Adult,51826,301,5.02,15599626
2003-2004,2003,Female,Admitted,1,Admitted,45-64,Middle Adult,53743,307,5.12,16499101
2003-2004,2003,Female,Admitted,1,Admitted,65+,Older Adult,131387,320,5.33,42043840
2003-2004,2003,Male,Admitted,1,Admitted,0-19,Pediatric & Youth,32916,235,3.92,7735260
2003-2004,2003,Male,Admitted,1,Admitted,20-44,Young Adult,45398,285,4.75,12938430
2003-2004,2003,Male,Admitted,1,Admitted,45-64,Middle Adult,64183,294,4.9,18869802
2003-2004,2003,Male,Admitted,1,Admitted,65+,Older Adult,112458,310,5.17,34861980
2003-2004,2003,Female,Death,0,Not Admitted,0-19,Pediatric & Youth,99,29,0.48,2871
2003-2004,2003,Female,Death,0,Not Admitted,20-44,Young Adult,191,42,0.7,8022
2003-2004,2003,Female,Death,0,Not Admitted,45-64,Middle Adult,460,35,0.58,16100
2003-2004,2003,Female,Death,0,Not Admitted,65+,Older Adult,1712,86,1.43,147232
2003-2004,2003,Male,Death,0,Not Admitted,0-19,Pediatric & Youth,159,37,0.62,5883
2003-2004,2003,Male,Death,0,Not Admitted,20-44,Young Adult,496,26,0.43,12896
2003-2004,2003,Male,Death,0,Not Admitted,45-64,Middle Adult,1349,30,0.5,40470
2003-2004,2003,Male,Death,0,Not Admitted,65+,Older Adult,2516,43,0.72,108188
2003-2004,2003,Female,Discharged,0,Not Admitted,0-19,Pediatric & Youth,545764,98,1.63,53484872
2003-2004,2003,Female,Discharged,0,Not Admitted,20-44,Young Adult,767996,121,2.02,92927516
2003-2004,2003,Female,Discharged,0,Not Admitted,45-64,Middle Adult,421939,126,2.1,53164314
2003-2004,2003,Female,Discharged,0,Not Admitted,65+,Older Adult,326007,169,2.82,55095183
2003-2004,2003,Male,Discharged,0,Not Admitted,0-19,Pediatric & Youth,627670,96,1.6,60256320
2003-2004,2003,Male,Discharged,0,Not Admitted,20-44,Young Adult,720856,111,1.85,80015016
2003-2004,2003,Male,Discharged,0,Not Admitted,45-64,Middle Adult,412073,121,2.02,49860833
2003-2004,2003,Male,Discharged,0,Not Admitted,65+,Older Adult,263877,150,2.5,39581550
2003-2004,2003,Female,Intra-Facility Transfer,0,Not Admitted,0-19,Pediatric & Youth,1941,140,2.33,271740
2003-2004,2003,Female,Intra-Facility Transfer,0,Not Admitted,20-44,Young Adult,6949,212,3.53,1473188
2003-2004,2003,Female,Intra-Facility Transfer,0,Not Admitted,45-64,Middle Adult,2214,188,3.13,416232
2003-2004,2003,Female,Intra-Facility Transfer,0,Not Admitted,65+,Older Adult,1780,208,3.47,370240
2003-2004,2003,Male,Intra-Facility Transfer,0,Not Admitted,0-19,Pediatric & Youth,2136,132,2.2,281952
2003-2004,2003,Male,Intra-Facility Transfer,0,Not Admitted,20-44,Young Adult,3620,161,2.68,582820
2003-2004,2003,Male,Intra-Facility Transfer,0,Not Admitted,45-64,Middle Adult,2507,180,3.0,451260
2003-2004,2003,Male,Intra-Facility Transfer,0,Not Admitted,65+,Older Adult,1692,203,3.38,343476
2003-2004,2003,Female,Left Without Being Seen,0,Not Admitted,0-19,Pediatric & Youth,25699,100,1.67,2569900
2003-2004,2003,Female,Left Without Being Seen,0,Not Admitted,20-44,Young Adult,42487,115,1.92,4886005
2003-2004,2003,Female,Left Without Being Seen,0,Not Admitted,45-64,Middle Adult,16212,115,1.92,1864380
2003-2004,2003,Female,Left Without Being Seen,0,Not Admitted,65+,Older Adult,7776,119,1.98,925344
2003-2004,2003,Male,Left Without Being Seen,0,Not Admitted,0-19,Pediatric & Youth,27409,98,1.63,2686082
2003-2004,2003,Male,Left Without Being Seen,0,Not Admitted,20-44,Young Adult,40011,115,1.92,4601265
2003-2004,2003,Male,Left Without Being Seen,0,Not Admitted,45-64,Middle Adult,17968,116,1.93,2084288
2003-2004,2003,Male,Left Without Being Seen,0,Not Admitted,65+,Older Adult,7185,114,1.9,819090
2003-2004,2003,Female,Transferred,0,Not Admitted,0-19,Pediatric & Youth,4082,171,2.85,698022
2003-2004,2003,Female,Transferred,0,Not Admitted,20-44,Young Adult,5756,210,3.5,1208760
2003-2004,2003,Female,Transferred,0,Not Admitted,45-64,Middle Adult,3916,246,4.1,963336
2003-2004,2003,Female,Transferred,0,Not Admitted,65+,Older Adult,5621,265,4.42,1489565
2003-2004,2003,Male,Transferred,0,Not Admitted,0-19,Pediatric & Youth,5571,164,2.73,913644
2003-2004,2003,Male,Transferred,0,Not Admitted,20-44,Young Adult,6687,207,3.45,1384209
2003-2004,2003,Male,Transferred,0,Not Admitted,45-64,Middle Adult,5617,218,3.63,1224506
2003-2004,2003,Male,Transferred,0,Not Admitted,65+,Older Adult,5131,247,4.12,1267357
2003-2004,2003,Female,Unknown,0,Not Admitted,0-19,Pediatric & Youth,6827,54,0.9,368658
2003-2004,2003,Female,Unknown,0,Not Admitted,20-44,Young Adult,7229,60,1.0,433740
2003-2004,2003,Female,Unknown,0,Not Admitted,45-64,Middle Adult,4832,66,1.1,318912
2003-2004,2003,Female,Unknown,0,Not Admitted,65+,Older Adult,4506,90,1.5,405540
2003-2004,2003,Male,Unknown,0,Not Admitted,0-19,Pediatric & Youth,6371,55,0.92,350405
2003-2004,2003,Male,Unknown,0,Not Admitted,20-44,Young Adult,6254,58,0.97,362732
2003-2004,2003,Male,Unknown,0,Not Admitted,45-64,Middle Adult,4659,64,1.07,298176
2003-2004,2003,Male,Unknown,0,Not Admitted,65+,Older Adult,3932,83,1.38,326356
